
Time Slot 5 Results:
  Selected Devices: [4, 7, 18, 21, 42]
  Total Offload Data: 0.0000
  Sample Device Computation F: [np.float64(141.03670324552047), np.float64(63.772731042299824), np.float64(117.5155093524978), np.float64(239.2277597291782), np.float64(286.47527172245026)]
  Sample Final Data Amounts: [np.float64(0.0), np.float64(0.0), np.float64(0.0), np.float64(0.0), np.float64(84.95141983590874)]

Time Slot 10 Results:
  Selected Devices: [4, 7, 18, 21, 42]
  Total Offload Data: 0.0000
  Sample Device Computation F: [np.float64(317.7227252863815), np.float64(53.77953627600096), np.float64(111.40876630804716), np.float64(518.0249945374809), np.float64(304.96632781537664)]
  Sample Final Data Amounts: [np.float64(0.0), np.float64(0.0), np.float64(0.0), np.float64(0.0), np.float64(53.67827630653243)]

Time Slot 15 Results:
  Selected Devices: [16, 18, 21, 30, 46]
  Total Offload Data: 0.0000
  Sample Device Computation F: [np.float64(352.5186126375028), np.float64(76.87341064174946), np.float64(55.396723141595984), np.float64(202.81499196943602), np.float64(174.54433516094448)]
  Sample Final Data Amounts: [np.float64(0.0), np.float64(0.0), np.float64(0.0), np.float64(0.0), np.float64(0.0)]

Time Slot 20 Results:
  Selected Devices: [16, 18, 21, 30, 46]
  Total Offload Data: 0.0000
  Sample Device Computation F: [np.float64(138.2737802565381), np.float64(52.90757554203902), np.float64(119.48955607281451), np.float64(417.8853167919447), np.float64(297.6299234222626)]
  Sample Final Data Amounts: [np.float64(0.0), np.float64(0.0), np.float64(0.0), np.float64(0.0), np.float64(0.0)]

Time Slot 25 Results:
  Selected Devices: [4, 12, 16, 18, 29]
  Total Offload Data: 0.0000
  Sample Device Computation F: [np.float64(261.9127740743951), np.float64(62.490711111777415), np.float64(81.56988774631265), np.float64(228.53960630455342), np.float64(240.7683447745479)]
  Sample Final Data Amounts: [np.float64(0.0), np.float64(0.0), np.float64(0.0), np.float64(0.0), np.float64(64.4260920425193)]

Time Slot 30 Results:
  Selected Devices: [4, 12, 16, 18, 29]
  Total Offload Data: 0.0000
  Sample Device Computation F: [np.float64(376.13222561489073), np.float64(65.24468077636735), np.float64(74.63986121741891), np.float64(345.3347283332709), np.float64(152.08116265698905)]
  Sample Final Data Amounts: [np.float64(0.0), np.float64(0.0), np.float64(0.0), np.float64(0.0), np.float64(69.09329160793547)]

Time Slot 35 Results:
  Selected Devices: [4, 7, 21, 30, 33]
  Total Offload Data: 36.9981
  Sample Device Computation F: [np.float64(305.0015384464183), np.float64(68.31056807455725), np.float64(50.30650299948351), np.float64(229.04379289950415), np.float64(187.46078474381346)]
  Sample Final Data Amounts: [np.float64(0.0), np.float64(0.0), np.float64(0.0), np.float64(0.0), np.float64(94.17936417632724)]

Time Slot 40 Results:
  Selected Devices: [4, 7, 21, 30, 33]
  Total Offload Data: 0.0000
  Sample Device Computation F: [np.float64(228.17534487091615), np.float64(41.54665856773178), np.float64(102.02253033090919), np.float64(371.41881689048057), np.float64(129.50009609367385)]
  Sample Final Data Amounts: [np.float64(0.0), np.float64(0.0), np.float64(0.0), np.float64(0.0), np.float64(47.97444844801266)]

Time Slot 45 Results:
  Selected Devices: [12, 14, 18, 29, 41]
  Total Offload Data: 0.0000
  Sample Device Computation F: [np.float64(263.83515285719415), np.float64(40.89270487018352), np.float64(119.54663252970605), np.float64(522.1826555190614), np.float64(268.45132302032926)]
  Sample Final Data Amounts: [np.float64(0.0), np.float64(0.0), np.float64(0.0), np.float64(0.0), np.float64(0.0)]

Time Slot 50 Results:
  Selected Devices: [12, 14, 18, 29, 41]
  Total Offload Data: 0.0000
  Sample Device Computation F: [np.float64(318.17926571554904), np.float64(44.98852271507406), np.float64(77.90898395346146), np.float64(238.10375712450232), np.float64(303.32485939306804)]
  Sample Final Data Amounts: [np.float64(0.0), np.float64(0.0), np.float64(0.0), np.float64(0.0), np.float64(0.0)]

Time Slot 55 Results:
  Selected Devices: [7, 12, 18, 26, 46]
  Total Offload Data: 0.0000
  Sample Device Computation F: [np.float64(162.47426333369668), np.float64(73.09243820110254), np.float64(54.451658637575306), np.float64(383.89943715969673), np.float64(273.13041595463153)]
  Sample Final Data Amounts: [np.float64(0.0), np.float64(0.0), np.float64(0.0), np.float64(0.0), np.float64(0.0)]

Time Slot 60 Results:
  Selected Devices: [7, 12, 18, 26, 46]
  Total Offload Data: 0.0000
  Sample Device Computation F: [np.float64(385.97256254424605), np.float64(26.16912904843524), np.float64(100.63531240781609), np.float64(216.7067697157612), np.float64(187.4428429906599)]
  Sample Final Data Amounts: [np.float64(0.0), np.float64(0.0), np.float64(0.0), np.float64(0.0), np.float64(0.0)]

Time Slot 65 Results:
  Selected Devices: [12, 14, 25, 26, 34]
  Total Offload Data: 0.0000
  Sample Device Computation F: [np.float64(245.88775517760294), np.float64(51.767306852547776), np.float64(89.92353888957801), np.float64(536.1092822560627), np.float64(206.43157740133816)]
  Sample Final Data Amounts: [np.float64(0.0), np.float64(0.0), np.float64(0.0), np.float64(0.0), np.float64(0.0)]

Time Slot 70 Results:
  Selected Devices: [12, 14, 25, 26, 34]
  Total Offload Data: 0.0000
  Sample Device Computation F: [np.float64(366.4168576296081), np.float64(54.496882144593094), np.float64(54.61959792016646), np.float64(316.2402481972706), np.float64(130.4680392131443)]
  Sample Final Data Amounts: [np.float64(0.0), np.float64(0.0), np.float64(0.0), np.float64(0.0), np.float64(0.0)]

Time Slot 75 Results:
  Selected Devices: [4, 21, 24, 35, 42]
  Total Offload Data: 0.0000
  Sample Device Computation F: [np.float64(207.39424505319525), np.float64(72.34301178979568), np.float64(88.45624228679354), np.float64(451.97202853107507), np.float64(297.9754088112651)]
  Sample Final Data Amounts: [np.float64(0.0), np.float64(0.0), np.float64(0.0), np.float64(0.0), np.float64(103.15915099540696)]

Time Slot 80 Results:
  Selected Devices: [4, 21, 24, 35, 42]
  Total Offload Data: 0.0000
  Sample Device Computation F: [np.float64(230.00891861367603), np.float64(67.91997211277126), np.float64(112.59940188441479), np.float64(231.3383869415768), np.float64(269.4913761686844)]
  Sample Final Data Amounts: [np.float64(0.0), np.float64(0.0), np.float64(0.0), np.float64(0.0), np.float64(74.86679544382484)]

Time Slot 85 Results:
  Selected Devices: [12, 18, 26, 33, 40]
  Total Offload Data: 19.8477
  Sample Device Computation F: [np.float64(265.2444514137754), np.float64(26.00153389807127), np.float64(52.5852508616457), np.float64(451.2072684877827), np.float64(229.556798483518)]
  Sample Final Data Amounts: [np.float64(0.0), np.float64(0.0), np.float64(0.0), np.float64(0.0), np.float64(0.0)]

Time Slot 90 Results:
  Selected Devices: [12, 18, 26, 33, 40]
  Total Offload Data: 0.0000
  Sample Device Computation F: [np.float64(226.52330173117645), np.float64(61.594054305651284), np.float64(109.35587902043093), np.float64(263.853682411595), np.float64(277.8542326399578)]
  Sample Final Data Amounts: [np.float64(0.0), np.float64(0.0), np.float64(0.0), np.float64(0.0), np.float64(0.0)]

Time Slot 95 Results:
  Selected Devices: [15, 18, 30, 35, 46]
  Total Offload Data: 0.0000
  Sample Device Computation F: [np.float64(223.88970956860337), np.float64(70.19956473527013), np.float64(74.4847924880508), np.float64(456.4271686011118), np.float64(191.04308703257482)]
  Sample Final Data Amounts: [np.float64(0.0), np.float64(0.0), np.float64(0.0), np.float64(0.0), np.float64(0.0)]

Time Slot 100 Results:
  Selected Devices: [15, 18, 30, 35, 46]
  Total Offload Data: 0.0000
  Sample Device Computation F: [np.float64(172.00157705326578), np.float64(71.25855416731567), np.float64(64.36577012780302), np.float64(317.78064180370615), np.float64(140.87722528058788)]
  Sample Final Data Amounts: [np.float64(0.0), np.float64(0.0), np.float64(0.0), np.float64(0.0), np.float64(0.0)]

=== 仿真结果 (N=50) ===
平均吞吐量:
  提出的方法 (T=10): 422.8912
  本地执行: 232.7579
  静态编排: 176.0528
  提出的方法 (T1=20): 383.9631WARNING:root:[WARNING] 可供补充的样本不足，仅剩 718，将启用重复采样

step1 获取到100个时隙的工作节点以及实际训练量
目标准确率：55.0，目标epoch：100
non-iid
[WARNING] 请求样本数超过数据集，按比例缩放: 0.4280
[INFO] Non-IID 总分配样本数: 49989
  w_locals: 2456.80 MB
  gradient: 2456.80 MB
Round 1, Test Accuracy: 10.140000343322754, Loss: 2.3022928817749024, Global training time: 0.01819774330265498

[INFO] Non-IID 总分配样本数: 35271
  w_locals: 2456.80 MB
  gradient: 2456.80 MB
Round 2, Test Accuracy: 10.0, Loss: 2.2997325740814207, Global training time: 0.033544292013114096

[INFO] Non-IID 总分配样本数: 25940
  w_locals: 2456.80 MB
  gradient: 2456.80 MB
Round 3, Test Accuracy: 10.0, Loss: 2.2982251861572265, Global training time: 0.056659626155694615

[INFO] Non-IID 总分配样本数: 28315
  w_locals: 2456.80 MB
  gradient: 2456.80 MB
Round 4, Test Accuracy: 10.149999618530273, Loss: 2.296753663253784, Global training time: 0.03059255396900158

[INFO] Non-IID 总分配样本数: 29954
  w_locals: 2456.80 MB
  gradient: 2456.80 MB
Round 5, Test Accuracy: 11.510000228881836, Loss: 2.2943531280517577, Global training time: 0.05131395551742815

[INFO] Non-IID 总分配样本数: 25569
  w_locals: 2456.80 MB
  gradient: 2456.80 MB
Round 6, Test Accuracy: 15.710000038146973, Loss: 2.29246849937439, Global training time: 0.045520523102438266

[INFO] Non-IID 总分配样本数: 33172
  w_locals: 2456.80 MB
  gradient: 2456.80 MB
Round 7, Test Accuracy: 10.0, Loss: 2.2878232330322263, Global training time: 0.04741114319932927

[INFO] Non-IID 总分配样本数: 26934
  w_locals: 2456.80 MB
  gradient: 2456.80 MB
Round 8, Test Accuracy: 10.149999618530273, Loss: 2.2832549507141113, Global training time: 0.03332612057462687

[INFO] Non-IID 总分配样本数: 24177
  w_locals: 2456.80 MB
  gradient: 2456.80 MB
Round 9, Test Accuracy: 11.720000267028809, Loss: 2.2761656116485596, Global training time: 0.036032869641565886

[INFO] Non-IID 总分配样本数: 21750
WARNING:root:[WARNING] 可供补充的样本不足，仅剩 655，将启用重复采样
  w_locals: 2456.80 MB
  gradient: 2456.80 MB
Round 10, Test Accuracy: 12.220000267028809, Loss: 2.258502035140991, Global training time: 0.03253448233823156

[WARNING] 请求样本数超过数据集，按比例缩放: 0.3830
[INFO] Non-IID 总分配样本数: 49985
  w_locals: 2456.80 MB
  gradient: 2456.80 MB
Round 11, Test Accuracy: 17.200000762939453, Loss: 2.2511491249084474, Global training time: 0.013067302795336804

[INFO] Non-IID 总分配样本数: 32461
  w_locals: 2456.80 MB
  gradient: 2456.80 MB
Round 12, Test Accuracy: 22.110000610351562, Loss: 2.172865467453003, Global training time: 0.08431315778525766

[INFO] Non-IID 总分配样本数: 26221
  w_locals: 2456.80 MB
  gradient: 2456.80 MB
Round 13, Test Accuracy: 23.68000030517578, Loss: 2.0871800647735594, Global training time: 0.041740747585987545

[INFO] Non-IID 总分配样本数: 28823
  w_locals: 2456.80 MB
  gradient: 2456.80 MB
Round 14, Test Accuracy: 26.56999969482422, Loss: 2.012665990447998, Global training time: 0.05630707474080784

[INFO] Non-IID 总分配样本数: 29714
  w_locals: 2456.80 MB
  gradient: 2456.80 MB
Round 15, Test Accuracy: 27.489999771118164, Loss: 1.9647181957244872, Global training time: 0.037510737002011574

[INFO] Non-IID 总分配样本数: 29390
  w_locals: 2456.80 MB
  gradient: 2456.80 MB
Round 16, Test Accuracy: 27.59000015258789, Loss: 1.921490315055847, Global training time: 0.06252481144449043

[INFO] Non-IID 总分配样本数: 24310
  w_locals: 2456.80 MB
  gradient: 2456.80 MB
Round 17, Test Accuracy: 30.530000686645508, Loss: 1.8789463485717774, Global training time: 0.026664726513464954

[INFO] Non-IID 总分配样本数: 29785
  w_locals: 2456.80 MB
  gradient: 2456.80 MB
Round 18, Test Accuracy: 30.149999618530273, Loss: 1.83741903591156, Global training time: 0.052087361986042954

[INFO] Non-IID 总分配样本数: 36055
  w_locals: 2456.80 MB
  gradient: 2456.80 MB
Round 19, Test Accuracy: 32.810001373291016, Loss: 1.7847151666641234, Global training time: 0.08359229259208288

[INFO] Non-IID 总分配样本数: 19747
WARNING:root:[WARNING] 可供补充的样本不足，仅剩 124，将启用重复采样
  w_locals: 2456.80 MB
  gradient: 2456.80 MB
Round 20, Test Accuracy: 33.0099983215332, Loss: 1.7631669075012206, Global training time: 0.025895942737559914

[WARNING] 请求样本数超过数据集，按比例缩放: 0.4252
[INFO] Non-IID 总分配样本数: 50000
  w_locals: 2456.80 MB
  gradient: 2456.80 MB
Round 21, Test Accuracy: 34.43000030517578, Loss: 1.7542260009765624, Global training time: 0.02164950360268501

[INFO] Non-IID 总分配样本数: 22763
  w_locals: 2456.80 MB
  gradient: 2456.80 MB
Round 22, Test Accuracy: 34.70000076293945, Loss: 1.730565023803711, Global training time: 0.02674049465969114

[INFO] Non-IID 总分配样本数: 25409
  w_locals: 2456.80 MB
  gradient: 2456.80 MB
Round 23, Test Accuracy: 35.79999923706055, Loss: 1.7170834545135498, Global training time: 0.033728019265096484

[INFO] Non-IID 总分配样本数: 29188
  w_locals: 2456.80 MB
  gradient: 2456.80 MB
Round 24, Test Accuracy: 37.310001373291016, Loss: 1.6737301652908325, Global training time: 0.03594389172082781

[INFO] Non-IID 总分配样本数: 28305
  w_locals: 2456.80 MB
  gradient: 2456.80 MB
Round 25, Test Accuracy: 38.209999084472656, Loss: 1.6435743906021119, Global training time: 0.06807162045864686

[INFO] Non-IID 总分配样本数: 27467
  w_locals: 2456.80 MB
  gradient: 2456.80 MB
Round 26, Test Accuracy: 38.83000183105469, Loss: 1.6253221521377563, Global training time: 0.029138318704310027

[INFO] Non-IID 总分配样本数: 34423
  w_locals: 2456.80 MB
  gradient: 2456.80 MB
Round 27, Test Accuracy: 38.619998931884766, Loss: 1.625652805519104, Global training time: 0.04255827829260003

[INFO] Non-IID 总分配样本数: 25537
  w_locals: 2456.80 MB
  gradient: 2456.80 MB
Round 28, Test Accuracy: 39.7599983215332, Loss: 1.6152775468826295, Global training time: 0.04298909096563928

[INFO] Non-IID 总分配样本数: 31749
  w_locals: 2456.80 MB
  gradient: 2456.80 MB
Round 29, Test Accuracy: 40.65999984741211, Loss: 1.5783265956878663, Global training time: 0.04995872395062658

[INFO] Non-IID 总分配样本数: 30616
WARNING:root:[WARNING] 可供补充的样本不足，仅剩 931，将启用重复采样
  w_locals: 2456.80 MB
  gradient: 2456.80 MB
Round 30, Test Accuracy: 41.5, Loss: 1.5685590772628784, Global training time: 0.03207296614727365

[WARNING] 请求样本数超过数据集，按比例缩放: 0.4072
[INFO] Non-IID 总分配样本数: 49978
  w_locals: 2456.80 MB
  gradient: 2456.80 MB
Round 31, Test Accuracy: 40.849998474121094, Loss: 1.5573347764968872, Global training time: 0.012401640322070001

[INFO] Non-IID 总分配样本数: 26991
  w_locals: 2456.80 MB
  gradient: 2456.80 MB
Round 32, Test Accuracy: 41.880001068115234, Loss: 1.549846120262146, Global training time: 0.026871046051266636

[INFO] Non-IID 总分配样本数: 25366
  w_locals: 2456.80 MB
  gradient: 2456.80 MB
Round 33, Test Accuracy: 42.77000045776367, Loss: 1.5562903820037841, Global training time: 0.039103924618498424

[INFO] Non-IID 总分配样本数: 30169
  w_locals: 2456.80 MB
  gradient: 2456.80 MB
Round 34, Test Accuracy: 44.380001068115234, Loss: 1.4920137968063354, Global training time: 0.0415820537057114

[INFO] Non-IID 总分配样本数: 35563
  w_locals: 2456.80 MB
  gradient: 2456.80 MB
Round 35, Test Accuracy: 43.849998474121094, Loss: 1.4954961986541748, Global training time: 0.07849688732974912

[INFO] Non-IID 总分配样本数: 19205
  w_locals: 2456.80 MB
  gradient: 2456.80 MB
Round 36, Test Accuracy: 42.9900016784668, Loss: 1.5018660037994385, Global training time: 0.024436670899841962

[INFO] Non-IID 总分配样本数: 25061
  w_locals: 2456.80 MB
  gradient: 2456.80 MB
Round 37, Test Accuracy: 46.27000045776367, Loss: 1.4466361242294312, Global training time: 0.03472289381769365

[INFO] Non-IID 总分配样本数: 34353
  w_locals: 2456.80 MB
  gradient: 2456.80 MB
Round 38, Test Accuracy: 45.13999938964844, Loss: 1.4758032123565674, Global training time: 0.033437468570566786

[INFO] Non-IID 总分配样本数: 23047
  w_locals: 2456.80 MB
  gradient: 2456.80 MB
Round 39, Test Accuracy: 47.470001220703125, Loss: 1.4191034170150756, Global training time: 0.020041306750296407

[INFO] Non-IID 总分配样本数: 26889
WARNING:root:[WARNING] 可供补充的样本不足，仅剩 1697，将启用重复采样
  w_locals: 2456.80 MB
  gradient: 2456.80 MB
Round 40, Test Accuracy: 47.709999084472656, Loss: 1.428907921218872, Global training time: 0.019273118929086078

[WARNING] 请求样本数超过数据集，按比例缩放: 0.4026
[INFO] Non-IID 总分配样本数: 49967
  w_locals: 2456.80 MB
  gradient: 2456.80 MB
Round 41, Test Accuracy: 48.310001373291016, Loss: 1.3973886497497559, Global training time: 0.009439768693252526

[INFO] Non-IID 总分配样本数: 22666
  w_locals: 2456.80 MB
  gradient: 2456.80 MB
Round 42, Test Accuracy: 48.150001525878906, Loss: 1.4171194688796998, Global training time: 0.013919590602466388

[INFO] Non-IID 总分配样本数: 13143
  w_locals: 2456.80 MB
  gradient: 2456.80 MB
Round 43, Test Accuracy: 46.54999923706055, Loss: 1.4349698719024657, Global training time: 0.00848849011133671

[INFO] Non-IID 总分配样本数: 29032
  w_locals: 2456.80 MB
  gradient: 2456.80 MB
Round 44, Test Accuracy: 48.83000183105469, Loss: 1.401488985824585, Global training time: 0.01693276402856511

[INFO] Non-IID 总分配样本数: 18304
  w_locals: 2456.80 MB
  gradient: 2456.80 MB
Round 45, Test Accuracy: 48.630001068115234, Loss: 1.3878312267303468, Global training time: 0.024366692340434388

[INFO] Non-IID 总分配样本数: 34726
  w_locals: 2456.80 MB
  gradient: 2456.80 MB
Round 46, Test Accuracy: 50.349998474121094, Loss: 1.357495760536194, Global training time: 0.0498825905530745

[INFO] Non-IID 总分配样本数: 28634
  w_locals: 2456.80 MB
  gradient: 2456.80 MB
Round 47, Test Accuracy: 50.2599983215332, Loss: 1.351640439605713, Global training time: 0.022061072906250617

[INFO] Non-IID 总分配样本数: 20078
  w_locals: 2456.80 MB
  gradient: 2456.80 MB
Round 48, Test Accuracy: 50.79999923706055, Loss: 1.34107311668396, Global training time: 0.017730183549558607

[INFO] Non-IID 总分配样本数: 25278
  w_locals: 2456.80 MB
  gradient: 2456.80 MB
Round 49, Test Accuracy: 50.95000076293945, Loss: 1.3365595443725586, Global training time: 0.03437709380352565

[INFO] Non-IID 总分配样本数: 18363
WARNING:root:[WARNING] 可供补充的样本不足，仅剩 517，将启用重复采样
  w_locals: 2456.80 MB
  gradient: 2456.80 MB
Round 50, Test Accuracy: 51.68000030517578, Loss: 1.3235824241638183, Global training time: 0.008300588458898276

[WARNING] 请求样本数超过数据集，按比例缩放: 0.4491
[INFO] Non-IID 总分配样本数: 49993
  w_locals: 2456.80 MB
  gradient: 2456.80 MB
Round 51, Test Accuracy: 49.56999969482422, Loss: 1.343801121711731, Global training time: 0.011938483467640686

[INFO] Non-IID 总分配样本数: 30603
  w_locals: 2456.80 MB
  gradient: 2456.80 MB
Round 52, Test Accuracy: 51.06999969482422, Loss: 1.3380167686462403, Global training time: 0.02407391814698316

[INFO] Non-IID 总分配样本数: 33131
  w_locals: 2456.80 MB
  gradient: 2456.80 MB
Round 53, Test Accuracy: 51.63999938964844, Loss: 1.3142044723510742, Global training time: 0.03836836815920003

[INFO] Non-IID 总分配样本数: 23958
  w_locals: 2456.80 MB
  gradient: 2456.80 MB
Round 54, Test Accuracy: 52.84000015258789, Loss: 1.2819119579315186, Global training time: 0.017488558652427887

[INFO] Non-IID 总分配样本数: 29277
  w_locals: 2456.80 MB
  gradient: 2456.80 MB
Round 55, Test Accuracy: 52.790000915527344, Loss: 1.296186696624756, Global training time: 0.038441781092912124

[INFO] Non-IID 总分配样本数: 32549
  w_locals: 2456.80 MB
  gradient: 2456.80 MB
Round 56, Test Accuracy: 52.65999984741211, Loss: 1.2946758687973023, Global training time: 0.03524225580496321

[INFO] Non-IID 总分配样本数: 32884
  w_locals: 2456.80 MB
  gradient: 2456.80 MB
Round 57, Test Accuracy: 53.810001373291016, Loss: 1.264812728691101, Global training time: 0.03692979068719907

[INFO] Non-IID 总分配样本数: 34043
  w_locals: 2456.80 MB
  gradient: 2456.80 MB
Round 58, Test Accuracy: 53.33000183105469, Loss: 1.2657548706054687, Global training time: 0.02577282528896855

[INFO] Non-IID 总分配样本数: 33600
  w_locals: 2456.80 MB
  gradient: 2456.80 MB
Round 59, Test Accuracy: 54.380001068115234, Loss: 1.261244692993164, Global training time: 0.024725205672243573

[INFO] Non-IID 总分配样本数: 22317
WARNING:root:[WARNING] 可供补充的样本不足，仅剩 354，将启用重复采样
  w_locals: 2456.80 MB
  gradient: 2456.80 MB
Round 60, Test Accuracy: 54.77000045776367, Loss: 1.2486268951416015, Global training time: 0.019936479016491006

[WARNING] 请求样本数超过数据集，按比例缩放: 0.4704
[INFO] Non-IID 总分配样本数: 49995
  w_locals: 2456.80 MB
  gradient: 2456.80 MB
Round 61, Test Accuracy: 53.77000045776367, Loss: 1.2610492897033692, Global training time: 0.01048737585058191

[INFO] Non-IID 总分配样本数: 26284
  w_locals: 2456.80 MB
  gradient: 2456.80 MB
Round 62, Test Accuracy: 55.689998626708984, Loss: 1.2178405040740967, Global training time: 0.029486298877280773

[INFO] Non-IID 总分配样本数: 27031
  w_locals: 2456.80 MB
  gradient: 2456.80 MB
Round 63, Test Accuracy: 55.290000915527344, Loss: 1.224864450454712, Global training time: 0.04522209001225392

[INFO] Non-IID 总分配样本数: 31191
  w_locals: 2456.80 MB
  gradient: 2456.80 MB
Round 64, Test Accuracy: 55.310001373291016, Loss: 1.215811241531372, Global training time: 0.060458147207706016

[INFO] Non-IID 总分配样本数: 21093
  w_locals: 2456.80 MB
  gradient: 2456.80 MB
Round 65, Test Accuracy: 56.04999923706055, Loss: 1.2085185354232788, Global training time: 0.03291050994602786

[INFO] Non-IID 总分配样本数: 18823
  w_locals: 2456.80 MB
  gradient: 2456.80 MB
Round 66, Test Accuracy: 55.349998474121094, Loss: 1.2340869579315186, Global training time: 0.03887532931926216

[INFO] Non-IID 总分配样本数: 32859
  w_locals: 2456.80 MB
  gradient: 2456.80 MB
Round 67, Test Accuracy: 56.529998779296875, Loss: 1.2011948631286622, Global training time: 0.04126039085602843

[INFO] Non-IID 总分配样本数: 28951
  w_locals: 2456.80 MB
  gradient: 2456.80 MB
Round 68, Test Accuracy: 55.54999923706055, Loss: 1.2044089424133302, Global training time: 0.05514373157973895

[INFO] Non-IID 总分配样本数: 19384
  w_locals: 2456.80 MB
  gradient: 2456.80 MB
Round 69, Test Accuracy: 57.66999816894531, Loss: 1.1659502946853637, Global training time: 0.04969528687306343

[INFO] Non-IID 总分配样本数: 29832
WARNING:root:[WARNING] 可供补充的样本不足，仅剩 2368，将启用重复采样
  w_locals: 2456.80 MB
  gradient: 2456.80 MB
Round 70, Test Accuracy: 57.779998779296875, Loss: 1.169635655593872, Global training time: 0.060642771881846955

[WARNING] 请求样本数超过数据集，按比例缩放: 0.4594
[INFO] Non-IID 总分配样本数: 49923
  w_locals: 2456.80 MB
  gradient: 2456.80 MB
Round 71, Test Accuracy: 57.84000015258789, Loss: 1.1591425107955933, Global training time: 0.010203661538730495

[INFO] Non-IID 总分配样本数: 19666
  w_locals: 2456.80 MB
  gradient: 2456.80 MB
Round 72, Test Accuracy: 58.279998779296875, Loss: 1.1472118877410888, Global training time: 0.01477952558357384

[INFO] Non-IID 总分配样本数: 23756
  w_locals: 2456.80 MB
  gradient: 2456.80 MB
Round 73, Test Accuracy: 58.54999923706055, Loss: 1.13613230342865, Global training time: 0.015355180240021225

[INFO] Non-IID 总分配样本数: 28075
  w_locals: 2456.80 MB
  gradient: 2456.80 MB
Round 74, Test Accuracy: 58.58000183105469, Loss: 1.1420002462387084, Global training time: 0.053273948770285906

[INFO] Non-IID 总分配样本数: 25808
  w_locals: 2456.80 MB
  gradient: 2456.80 MB
Round 75, Test Accuracy: 45.13999938964844, Loss: 1.684012273979187, Global training time: 0.025078444394842487

[INFO] Non-IID 总分配样本数: 22449
  w_locals: 2456.80 MB
  gradient: 2456.80 MB
Round 76, Test Accuracy: 57.59000015258789, Loss: 1.1524432973861694, Global training time: 0.026483906427403166

[INFO] Non-IID 总分配样本数: 22610
  w_locals: 2456.80 MB
  gradient: 2456.80 MB
Round 77, Test Accuracy: 59.779998779296875, Loss: 1.1108326997756959, Global training time: 0.041704053881801074

[INFO] Non-IID 总分配样本数: 22149
  w_locals: 2456.80 MB
  gradient: 2456.80 MB
Round 78, Test Accuracy: 59.27000045776367, Loss: 1.137152691078186, Global training time: 0.027548834785731204

[INFO] Non-IID 总分配样本数: 25281
  w_locals: 2456.80 MB
  gradient: 2456.80 MB
Round 79, Test Accuracy: 58.939998626708984, Loss: 1.1290087465286256, Global training time: 0.023834736156659486

[INFO] Non-IID 总分配样本数: 22935
  w_locals: 2456.80 MB
  gradient: 2456.80 MB
Round 80, Test Accuracy: 60.20000076293945, Loss: 1.1106506414413453, Global training time: 0.026314911802752545

[WARNING] 请求样本数超过数据集，按比例缩放: 0.4157
[INFO] Non-IID 总分配样本数: 50000
  w_locals: 2456.80 MB
  gradient: 2456.80 MB
Round 81, Test Accuracy: 59.15999984741211, Loss: 1.12837825422287, Global training time: 0.010110411621834531

[INFO] Non-IID 总分配样本数: 30473
  w_locals: 2456.80 MB
  gradient: 2456.80 MB
Round 82, Test Accuracy: 59.9900016784668, Loss: 1.1031359486579895, Global training time: 0.024036261382129494

[INFO] Non-IID 总分配样本数: 24188
  w_locals: 2456.80 MB
  gradient: 2456.80 MB
Round 83, Test Accuracy: 60.97999954223633, Loss: 1.0702078818321228, Global training time: 0.01806957769521778

[INFO] Non-IID 总分配样本数: 40078
  w_locals: 2456.80 MB
  gradient: 2456.80 MB
Round 84, Test Accuracy: 58.72999954223633, Loss: 1.141928925514221, Global training time: 0.028389626196746922

[INFO] Non-IID 总分配样本数: 30203
  w_locals: 2456.80 MB
  gradient: 2456.80 MB
Round 85, Test Accuracy: 61.5099983215332, Loss: 1.0578654725074768, Global training time: 0.014968334025264339

[INFO] Non-IID 总分配样本数: 30834
  w_locals: 2456.80 MB
  gradient: 2456.80 MB
Round 86, Test Accuracy: 62.13999938964844, Loss: 1.0589199748039246, Global training time: 0.041746937370977295

[INFO] Non-IID 总分配样本数: 32816
  w_locals: 2456.80 MB
  gradient: 2456.80 MB
Round 87, Test Accuracy: 57.959999084472656, Loss: 1.1905199728012086, Global training time: 0.02538425545339671

[INFO] Non-IID 总分配样本数: 29687
  w_locals: 2456.80 MB
  gradient: 2456.80 MB
Round 88, Test Accuracy: 62.31999969482422, Loss: 1.0493654523849487, Global training time: 0.02934721108725801

[INFO] Non-IID 总分配样本数: 29487
  w_locals: 2456.80 MB
  gradient: 2456.80 MB
Round 89, Test Accuracy: 62.5, Loss: 1.0577757265090941, Global training time: 0.018226796234816767

[INFO] Non-IID 总分配样本数: 28882
WARNING:root:[WARNING] 可供补充的样本不足，仅剩 713，将启用重复采样
  w_locals: 2456.80 MB
  gradient: 2456.80 MB
Round 90, Test Accuracy: 63.66999816894531, Loss: 1.0222143775939943, Global training time: 0.02010340744406605

[WARNING] 请求样本数超过数据集，按比例缩放: 0.4558
[INFO] Non-IID 总分配样本数: 49999
  w_locals: 2456.80 MB
  gradient: 2456.80 MB
Round 91, Test Accuracy: 62.29999923706055, Loss: 1.0295625134468078, Global training time: 0.007840306866406327

[INFO] Non-IID 总分配样本数: 25876
  w_locals: 2456.80 MB
  gradient: 2456.80 MB
Round 92, Test Accuracy: 62.84000015258789, Loss: 1.0397583243370057, Global training time: 0.04298055673992299

[INFO] Non-IID 总分配样本数: 34579
  w_locals: 2456.80 MB
  gradient: 2456.80 MB
Round 93, Test Accuracy: 63.970001220703125, Loss: 1.0091001775741577, Global training time: 0.05922028703087892

[INFO] Non-IID 总分配样本数: 24246
  w_locals: 2456.80 MB
  gradient: 2456.80 MB
Round 94, Test Accuracy: 63.689998626708984, Loss: 1.0117775155067443, Global training time: 0.029610333541218312

[INFO] Non-IID 总分配样本数: 19041
  w_locals: 2456.80 MB
  gradient: 2456.80 MB
Round 95, Test Accuracy: 64.47000122070312, Loss: 1.0014152658462525, Global training time: 0.02043205493000778

[INFO] Non-IID 总分配样本数: 25899
  w_locals: 2456.80 MB
  gradient: 2456.80 MB
Round 96, Test Accuracy: 64.58000183105469, Loss: 0.9997175669670105, Global training time: 0.03654972410117587

[INFO] Non-IID 总分配样本数: 22388
  w_locals: 2456.80 MB
  gradient: 2456.80 MB
Round 97, Test Accuracy: 64.4000015258789, Loss: 0.9900265372276306, Global training time: 0.01982949486019695

[INFO] Non-IID 总分配样本数: 22020
  w_locals: 2456.80 MB
  gradient: 2456.80 MB
Round 98, Test Accuracy: 64.97000122070312, Loss: 0.9884775191307068, Global training time: 0.026650277173499975

[INFO] Non-IID 总分配样本数: 23613
  w_locals: 2456.80 MB
  gradient: 2456.80 MB
Round 99, Test Accuracy: 61.029998779296875, Loss: 1.0917969836235046, Global training time: 0.015762520244688633

[INFO] Non-IID 总分配样本数: 24799
  w_locals: 2456.80 MB
  gradient: 2456.80 MB
Round 100, Test Accuracy: 64.62000274658203, Loss: 0.9966526964187622, Global training time: 0.02494549392422564

成功保存数据pkl文件
OnlineFL已训练完成，最终结果： {'ais': 2, 'test_accuracies': [tensor(64.6200)], 'global_round_accuracies': [[tensor(10.1400), tensor(10.), tensor(10.), tensor(10.1500), tensor(11.5100), tensor(15.7100), tensor(10.), tensor(10.1500), tensor(11.7200), tensor(12.2200), tensor(17.2000), tensor(22.1100), tensor(23.6800), tensor(26.5700), tensor(27.4900), tensor(27.5900), tensor(30.5300), tensor(30.1500), tensor(32.8100), tensor(33.0100), tensor(34.4300), tensor(34.7000), tensor(35.8000), tensor(37.3100), tensor(38.2100), tensor(38.8300), tensor(38.6200), tensor(39.7600), tensor(40.6600), tensor(41.5000), tensor(40.8500), tensor(41.8800), tensor(42.7700), tensor(44.3800), tensor(43.8500), tensor(42.9900), tensor(46.2700), tensor(45.1400), tensor(47.4700), tensor(47.7100), tensor(48.3100), tensor(48.1500), tensor(46.5500), tensor(48.8300), tensor(48.6300), tensor(50.3500), tensor(50.2600), tensor(50.8000), tensor(50.9500), tensor(51.6800), tensor(49.5700), tensor(51.0700), tensor(51.6400), tensor(52.8400), tensor(52.7900), tensor(52.6600), tensor(53.8100), tensor(53.3300), tensor(54.3800), tensor(54.7700), tensor(53.7700), tensor(55.6900), tensor(55.2900), tensor(55.3100), tensor(56.0500), tensor(55.3500), tensor(56.5300), tensor(55.5500), tensor(57.6700), tensor(57.7800), tensor(57.8400), tensor(58.2800), tensor(58.5500), tensor(58.5800), tensor(45.1400), tensor(57.5900), tensor(59.7800), tensor(59.2700), tensor(58.9400), tensor(60.2000), tensor(59.1600), tensor(59.9900), tensor(60.9800), tensor(58.7300), tensor(61.5100), tensor(62.1400), tensor(57.9600), tensor(62.3200), tensor(62.5000), tensor(63.6700), tensor(62.3000), tensor(62.8400), tensor(63.9700), tensor(63.6900), tensor(64.4700), tensor(64.5800), tensor(64.4000), tensor(64.9700), tensor(61.0300), tensor(64.6200)]], 'global_round_times': [[np.float64(0.01819774330265498), np.float64(0.033544292013114096), np.float64(0.056659626155694615), np.float64(0.03059255396900158), np.float64(0.05131395551742815), np.float64(0.045520523102438266), np.float64(0.04741114319932927), np.float64(0.03332612057462687), np.float64(0.036032869641565886), np.float64(0.03253448233823156), np.float64(0.013067302795336804), np.float64(0.08431315778525766), np.float64(0.041740747585987545), np.float64(0.05630707474080784), np.float64(0.037510737002011574), np.float64(0.06252481144449043), np.float64(0.026664726513464954), np.float64(0.052087361986042954), np.float64(0.08359229259208288), np.float64(0.025895942737559914), np.float64(0.02164950360268501), np.float64(0.02674049465969114), np.float64(0.033728019265096484), np.float64(0.03594389172082781), np.float64(0.06807162045864686), np.float64(0.029138318704310027), np.float64(0.04255827829260003), np.float64(0.04298909096563928), np.float64(0.04995872395062658), np.float64(0.03207296614727365), np.float64(0.012401640322070001), np.float64(0.026871046051266636), np.float64(0.039103924618498424), np.float64(0.0415820537057114), np.float64(0.07849688732974912), np.float64(0.024436670899841962), np.float64(0.03472289381769365), np.float64(0.033437468570566786), np.float64(0.020041306750296407), np.float64(0.019273118929086078), np.float64(0.009439768693252526), np.float64(0.013919590602466388), np.float64(0.00848849011133671), np.float64(0.01693276402856511), np.float64(0.024366692340434388), np.float64(0.0498825905530745), np.float64(0.022061072906250617), np.float64(0.017730183549558607), np.float64(0.03437709380352565), np.float64(0.008300588458898276), np.float64(0.011938483467640686), np.float64(0.02407391814698316), np.float64(0.03836836815920003), np.float64(0.017488558652427887), np.float64(0.038441781092912124), np.float64(0.03524225580496321), np.float64(0.03692979068719907), np.float64(0.02577282528896855), np.float64(0.024725205672243573), np.float64(0.019936479016491006), np.float64(0.01048737585058191), np.float64(0.029486298877280773), np.float64(0.04522209001225392), np.float64(0.060458147207706016), np.float64(0.03291050994602786), np.float64(0.03887532931926216), np.float64(0.04126039085602843), np.float64(0.05514373157973895), np.float64(0.04969528687306343), np.float64(0.060642771881846955), np.float64(0.010203661538730495), np.float64(0.01477952558357384), np.float64(0.015355180240021225), np.float64(0.053273948770285906), np.float64(0.025078444394842487), np.float64(0.026483906427403166), np.float64(0.041704053881801074), np.float64(0.027548834785731204), np.float64(0.023834736156659486), np.float64(0.026314911802752545), np.float64(0.010110411621834531), np.float64(0.024036261382129494), np.float64(0.01806957769521778), np.float64(0.028389626196746922), np.float64(0.014968334025264339), np.float64(0.041746937370977295), np.float64(0.02538425545339671), np.float64(0.02934721108725801), np.float64(0.018226796234816767), np.float64(0.02010340744406605), np.float64(0.007840306866406327), np.float64(0.04298055673992299), np.float64(0.05922028703087892), np.float64(0.029610333541218312), np.float64(0.02043205493000778), np.float64(0.03654972410117587), np.float64(0.01982949486019695), np.float64(0.026650277173499975), np.float64(0.015762520244688633), np.float64(0.02494549392422564)]]}

Time Slot 5 Results:
  Selected Devices: [4, 7, 18, 21, 42]
  Total Offload Data: 0.0000
  Sample Device Computation F: [np.float64(141.03670324552047), np.float64(63.772731042299824), np.float64(117.5155093524978), np.float64(239.2277597291782), np.float64(286.47527172245026)]
  Sample Final Data Amounts: [np.float64(0.0), np.float64(0.0), np.float64(0.0), np.float64(0.0), np.float64(84.95141983590874)]

Time Slot 10 Results:
  Selected Devices: [4, 7, 18, 21, 42]
  Total Offload Data: 0.0000
  Sample Device Computation F: [np.float64(317.7227252863815), np.float64(53.77953627600096), np.float64(111.40876630804716), np.float64(518.0249945374809), np.float64(304.96632781537664)]
  Sample Final Data Amounts: [np.float64(0.0), np.float64(0.0), np.float64(0.0), np.float64(0.0), np.float64(53.67827630653243)]

Time Slot 15 Results:
  Selected Devices: [16, 18, 21, 30, 46]
  Total Offload Data: 0.0000
  Sample Device Computation F: [np.float64(352.5186126375028), np.float64(76.87341064174946), np.float64(55.396723141595984), np.float64(202.81499196943602), np.float64(174.54433516094448)]
  Sample Final Data Amounts: [np.float64(0.0), np.float64(0.0), np.float64(0.0), np.float64(0.0), np.float64(0.0)]

Time Slot 20 Results:
  Selected Devices: [16, 18, 21, 30, 46]
  Total Offload Data: 0.0000
  Sample Device Computation F: [np.float64(138.2737802565381), np.float64(52.90757554203902), np.float64(119.48955607281451), np.float64(417.8853167919447), np.float64(297.6299234222626)]
  Sample Final Data Amounts: [np.float64(0.0), np.float64(0.0), np.float64(0.0), np.float64(0.0), np.float64(0.0)]

Time Slot 25 Results:
  Selected Devices: [4, 12, 16, 18, 29]
  Total Offload Data: 0.0000
  Sample Device Computation F: [np.float64(261.9127740743951), np.float64(62.490711111777415), np.float64(81.56988774631265), np.float64(228.53960630455342), np.float64(240.7683447745479)]
  Sample Final Data Amounts: [np.float64(0.0), np.float64(0.0), np.float64(0.0), np.float64(0.0), np.float64(64.4260920425193)]

Time Slot 30 Results:
  Selected Devices: [4, 12, 16, 18, 29]
  Total Offload Data: 0.0000
  Sample Device Computation F: [np.float64(376.13222561489073), np.float64(65.24468077636735), np.float64(74.63986121741891), np.float64(345.3347283332709), np.float64(152.08116265698905)]
  Sample Final Data Amounts: [np.float64(0.0), np.float64(0.0), np.float64(0.0), np.float64(0.0), np.float64(69.09329160793547)]

Time Slot 35 Results:
  Selected Devices: [4, 7, 21, 30, 33]
  Total Offload Data: 36.9981
  Sample Device Computation F: [np.float64(305.0015384464183), np.float64(68.31056807455725), np.float64(50.30650299948351), np.float64(229.04379289950415), np.float64(187.46078474381346)]
  Sample Final Data Amounts: [np.float64(0.0), np.float64(0.0), np.float64(0.0), np.float64(0.0), np.float64(94.17936417632724)]

Time Slot 40 Results:
  Selected Devices: [4, 7, 21, 30, 33]
  Total Offload Data: 0.0000
  Sample Device Computation F: [np.float64(228.17534487091615), np.float64(41.54665856773178), np.float64(102.02253033090919), np.float64(371.41881689048057), np.float64(129.50009609367385)]
  Sample Final Data Amounts: [np.float64(0.0), np.float64(0.0), np.float64(0.0), np.float64(0.0), np.float64(47.97444844801266)]

Time Slot 45 Results:
  Selected Devices: [12, 14, 18, 29, 41]
  Total Offload Data: 0.0000
  Sample Device Computation F: [np.float64(263.83515285719415), np.float64(40.89270487018352), np.float64(119.54663252970605), np.float64(522.1826555190614), np.float64(268.45132302032926)]
  Sample Final Data Amounts: [np.float64(0.0), np.float64(0.0), np.float64(0.0), np.float64(0.0), np.float64(0.0)]

Time Slot 50 Results:
  Selected Devices: [12, 14, 18, 29, 41]
  Total Offload Data: 0.0000
  Sample Device Computation F: [np.float64(318.17926571554904), np.float64(44.98852271507406), np.float64(77.90898395346146), np.float64(238.10375712450232), np.float64(303.32485939306804)]
  Sample Final Data Amounts: [np.float64(0.0), np.float64(0.0), np.float64(0.0), np.float64(0.0), np.float64(0.0)]

Time Slot 55 Results:
  Selected Devices: [7, 12, 18, 26, 46]
  Total Offload Data: 0.0000
  Sample Device Computation F: [np.float64(162.47426333369668), np.float64(73.09243820110254), np.float64(54.451658637575306), np.float64(383.89943715969673), np.float64(273.13041595463153)]
  Sample Final Data Amounts: [np.float64(0.0), np.float64(0.0), np.float64(0.0), np.float64(0.0), np.float64(0.0)]

Time Slot 60 Results:
  Selected Devices: [7, 12, 18, 26, 46]
  Total Offload Data: 0.0000
  Sample Device Computation F: [np.float64(385.97256254424605), np.float64(26.16912904843524), np.float64(100.63531240781609), np.float64(216.7067697157612), np.float64(187.4428429906599)]
  Sample Final Data Amounts: [np.float64(0.0), np.float64(0.0), np.float64(0.0), np.float64(0.0), np.float64(0.0)]

Time Slot 65 Results:
  Selected Devices: [12, 14, 25, 26, 34]
  Total Offload Data: 0.0000
  Sample Device Computation F: [np.float64(245.88775517760294), np.float64(51.767306852547776), np.float64(89.92353888957801), np.float64(536.1092822560627), np.float64(206.43157740133816)]
  Sample Final Data Amounts: [np.float64(0.0), np.float64(0.0), np.float64(0.0), np.float64(0.0), np.float64(0.0)]

Time Slot 70 Results:
  Selected Devices: [12, 14, 25, 26, 34]
  Total Offload Data: 0.0000
  Sample Device Computation F: [np.float64(366.4168576296081), np.float64(54.496882144593094), np.float64(54.61959792016646), np.float64(316.2402481972706), np.float64(130.4680392131443)]
  Sample Final Data Amounts: [np.float64(0.0), np.float64(0.0), np.float64(0.0), np.float64(0.0), np.float64(0.0)]

Time Slot 75 Results:
  Selected Devices: [4, 21, 24, 35, 42]
  Total Offload Data: 0.0000
  Sample Device Computation F: [np.float64(207.39424505319525), np.float64(72.34301178979568), np.float64(88.45624228679354), np.float64(451.97202853107507), np.float64(297.9754088112651)]
  Sample Final Data Amounts: [np.float64(0.0), np.float64(0.0), np.float64(0.0), np.float64(0.0), np.float64(103.15915099540696)]

Time Slot 80 Results:
  Selected Devices: [4, 21, 24, 35, 42]
  Total Offload Data: 0.0000
  Sample Device Computation F: [np.float64(230.00891861367603), np.float64(67.91997211277126), np.float64(112.59940188441479), np.float64(231.3383869415768), np.float64(269.4913761686844)]
  Sample Final Data Amounts: [np.float64(0.0), np.float64(0.0), np.float64(0.0), np.float64(0.0), np.float64(74.86679544382484)]

Time Slot 85 Results:
  Selected Devices: [12, 18, 26, 33, 40]
  Total Offload Data: 19.8477
  Sample Device Computation F: [np.float64(265.2444514137754), np.float64(26.00153389807127), np.float64(52.5852508616457), np.float64(451.2072684877827), np.float64(229.556798483518)]
  Sample Final Data Amounts: [np.float64(0.0), np.float64(0.0), np.float64(0.0), np.float64(0.0), np.float64(0.0)]

Time Slot 90 Results:
  Selected Devices: [12, 18, 26, 33, 40]
  Total Offload Data: 0.0000
  Sample Device Computation F: [np.float64(226.52330173117645), np.float64(61.594054305651284), np.float64(109.35587902043093), np.float64(263.853682411595), np.float64(277.8542326399578)]
  Sample Final Data Amounts: [np.float64(0.0), np.float64(0.0), np.float64(0.0), np.float64(0.0), np.float64(0.0)]

Time Slot 95 Results:
  Selected Devices: [15, 18, 30, 35, 46]
  Total Offload Data: 0.0000
  Sample Device Computation F: [np.float64(223.88970956860337), np.float64(70.19956473527013), np.float64(74.4847924880508), np.float64(456.4271686011118), np.float64(191.04308703257482)]
  Sample Final Data Amounts: [np.float64(0.0), np.float64(0.0), np.float64(0.0), np.float64(0.0), np.float64(0.0)]

Time Slot 100 Results:
  Selected Devices: [15, 18, 30, 35, 46]
  Total Offload Data: 0.0000
  Sample Device Computation F: [np.float64(172.00157705326578), np.float64(71.25855416731567), np.float64(64.36577012780302), np.float64(317.78064180370615), np.float64(140.87722528058788)]
  Sample Final Data Amounts: [np.float64(0.0), np.float64(0.0), np.float64(0.0), np.float64(0.0), np.float64(0.0)]

=== 仿真结果 (N=50) ===
平均吞吐量:
  提出的方法 (T=10): 422.8912
  本地执行: 232.7579
  静态编排: 176.0528
  提出的方法 (T1=20): 383.9631WARNING:root:[WARNING] 可供补充的样本不足，仅剩 1256，将启用重复采样

step1 获取到100个时隙的工作节点以及实际训练量
目标准确率：55.0，目标epoch：100
non-iid
[WARNING] 请求样本数超过数据集，按比例缩放: 0.4280
[INFO] Non-IID 总分配样本数: 49974
  w_locals: 2456.80 MB
  gradient: 2456.80 MB
Round 1, Test Accuracy: 10.0, Loss: 2.301113637542725, Global training time: 0.011512221683634534

[INFO] Non-IID 总分配样本数: 35271
  w_locals: 2456.80 MB
  gradient: 2456.80 MB
Round 2, Test Accuracy: 10.0, Loss: 2.2980380401611327, Global training time: 0.023590724076908418

[INFO] Non-IID 总分配样本数: 25940
  w_locals: 2456.80 MB
  gradient: 2456.80 MB
Round 3, Test Accuracy: 10.680000305175781, Loss: 2.2954966045379637, Global training time: 0.0289560985625386

[INFO] Non-IID 总分配样本数: 28315
  w_locals: 2456.80 MB
  gradient: 2456.80 MB
Round 4, Test Accuracy: 10.0, Loss: 2.2925097057342527, Global training time: 0.021266940603177013

[INFO] Non-IID 总分配样本数: 29954
  w_locals: 2456.80 MB
  gradient: 2456.80 MB
Round 5, Test Accuracy: 11.9399995803833, Loss: 2.288326238632202, Global training time: 0.03547796944273834

[INFO] Non-IID 总分配样本数: 25569
  w_locals: 2456.80 MB
  gradient: 2456.80 MB
Round 6, Test Accuracy: 10.0, Loss: 2.2827679443359377, Global training time: 0.027261005782506953

[INFO] Non-IID 总分配样本数: 33172
  w_locals: 2456.80 MB
  gradient: 2456.80 MB
Round 7, Test Accuracy: 10.510000228881836, Loss: 2.2688106685638427, Global training time: 0.03925856931128041

[INFO] Non-IID 总分配样本数: 26934
  w_locals: 2456.80 MB
  gradient: 2456.80 MB
Round 8, Test Accuracy: 20.170000076293945, Loss: 2.2464028770446776, Global training time: 0.02952182697350488

[INFO] Non-IID 总分配样本数: 24177
  w_locals: 2456.80 MB
  gradient: 2456.80 MB
Round 9, Test Accuracy: 18.1299991607666, Loss: 2.2028219650268555, Global training time: 0.018187162037541147

[INFO] Non-IID 总分配样本数: 21750
WARNING:root:[WARNING] 可供补充的样本不足，仅剩 134，将启用重复采样
  w_locals: 2456.80 MB
  gradient: 2456.80 MB
Round 10, Test Accuracy: 22.239999771118164, Loss: 2.145988634109497, Global training time: 0.02180639364688806

[WARNING] 请求样本数超过数据集，按比例缩放: 0.3830
[INFO] Non-IID 总分配样本数: 50003
  w_locals: 2456.80 MB
  gradient: 2456.80 MB
Round 11, Test Accuracy: 20.440000534057617, Loss: 2.127278055000305, Global training time: 0.007800074418371232

[INFO] Non-IID 总分配样本数: 32461
  w_locals: 2456.80 MB
  gradient: 2456.80 MB
Round 12, Test Accuracy: 26.170000076293945, Loss: 2.044353775215149, Global training time: 0.04079167511680942

[INFO] Non-IID 总分配样本数: 26221
  w_locals: 2456.80 MB
  gradient: 2456.80 MB
Round 13, Test Accuracy: 25.5, Loss: 2.0040362371444704, Global training time: 0.03398103170744763

[INFO] Non-IID 总分配样本数: 28823
  w_locals: 2456.80 MB
  gradient: 2456.80 MB
Round 14, Test Accuracy: 28.68000030517578, Loss: 1.966678893661499, Global training time: 0.05089269968608599

[INFO] Non-IID 总分配样本数: 29714
  w_locals: 2456.80 MB
  gradient: 2456.80 MB
Round 15, Test Accuracy: 26.950000762939453, Loss: 1.936512787246704, Global training time: 0.028966166048703855

[INFO] Non-IID 总分配样本数: 29390
  w_locals: 2456.80 MB
  gradient: 2456.80 MB
Round 16, Test Accuracy: 30.389999389648438, Loss: 1.8852970260620117, Global training time: 0.05233064390235604

[INFO] Non-IID 总分配样本数: 24310
  w_locals: 2456.80 MB
  gradient: 2456.80 MB
Round 17, Test Accuracy: 31.950000762939453, Loss: 1.8491046670913696, Global training time: 0.018230864799934163

[INFO] Non-IID 总分配样本数: 29785
  w_locals: 2456.80 MB
  gradient: 2456.80 MB
Round 18, Test Accuracy: 32.810001373291016, Loss: 1.8063258888244629, Global training time: 0.03900223668091832

[INFO] Non-IID 总分配样本数: 36055
  w_locals: 2456.80 MB
  gradient: 2456.80 MB
Round 19, Test Accuracy: 34.2400016784668, Loss: 1.765593663406372, Global training time: 0.05560970936193098

[INFO] Non-IID 总分配样本数: 19747
WARNING:root:[WARNING] 可供补充的样本不足，仅剩 41，将启用重复采样
  w_locals: 2456.80 MB
  gradient: 2456.80 MB
Round 20, Test Accuracy: 35.43000030517578, Loss: 1.741099353981018, Global training time: 0.01566083572267574

[WARNING] 请求样本数超过数据集，按比例缩放: 0.4252
[INFO] Non-IID 总分配样本数: 50003
  w_locals: 2456.80 MB
  gradient: 2456.80 MB
Round 21, Test Accuracy: 33.880001068115234, Loss: 1.730689789581299, Global training time: 0.010105581080545043

[INFO] Non-IID 总分配样本数: 22763
  w_locals: 2456.80 MB
  gradient: 2456.80 MB
Round 22, Test Accuracy: 36.0, Loss: 1.7019976961135865, Global training time: 0.020716510050107027

[INFO] Non-IID 总分配样本数: 25409
  w_locals: 2456.80 MB
  gradient: 2456.80 MB
Round 23, Test Accuracy: 32.59000015258789, Loss: 1.8888745050430298, Global training time: 0.019582131562514243

[INFO] Non-IID 总分配样本数: 29188
  w_locals: 2456.80 MB
  gradient: 2456.80 MB
Round 24, Test Accuracy: 38.29999923706055, Loss: 1.6385974754333497, Global training time: 0.025285966152850354

[INFO] Non-IID 总分配样本数: 28305
  w_locals: 2456.80 MB
  gradient: 2456.80 MB
Round 25, Test Accuracy: 38.77000045776367, Loss: 1.6182996404647827, Global training time: 0.043537235570822425

[INFO] Non-IID 总分配样本数: 27467
  w_locals: 2456.80 MB
  gradient: 2456.80 MB
Round 26, Test Accuracy: 38.81999969482422, Loss: 1.6160314563751221, Global training time: 0.02031670299372518

[INFO] Non-IID 总分配样本数: 34423
  w_locals: 2456.80 MB
  gradient: 2456.80 MB
Round 27, Test Accuracy: 40.02000045776367, Loss: 1.5848945989608765, Global training time: 0.03146367600991825

[INFO] Non-IID 总分配样本数: 25537
  w_locals: 2456.80 MB
  gradient: 2456.80 MB
Round 28, Test Accuracy: 41.599998474121094, Loss: 1.5635913579940797, Global training time: 0.030149344732415026

[INFO] Non-IID 总分配样本数: 31749
  w_locals: 2456.80 MB
  gradient: 2456.80 MB
Round 29, Test Accuracy: 41.959999084472656, Loss: 1.5454878959655762, Global training time: 0.040648956615190183

[INFO] Non-IID 总分配样本数: 30616
WARNING:root:[WARNING] 可供补充的样本不足，仅剩 1431，将启用重复采样
  w_locals: 2456.80 MB
  gradient: 2456.80 MB
Round 30, Test Accuracy: 42.09000015258789, Loss: 1.540206122970581, Global training time: 0.022800714702880462

[WARNING] 请求样本数超过数据集，按比例缩放: 0.4072
[INFO] Non-IID 总分配样本数: 49971
  w_locals: 2456.80 MB
  gradient: 2456.80 MB
Round 31, Test Accuracy: 41.7599983215332, Loss: 1.5354247360229492, Global training time: 0.009239497114336045

[INFO] Non-IID 总分配样本数: 26991
  w_locals: 2456.80 MB
  gradient: 2456.80 MB
Round 32, Test Accuracy: 42.790000915527344, Loss: 1.512097249031067, Global training time: 0.021781926687995338

[INFO] Non-IID 总分配样本数: 25366
  w_locals: 2456.80 MB
  gradient: 2456.80 MB
Round 33, Test Accuracy: 43.41999816894531, Loss: 1.5134523775100708, Global training time: 0.019296517798202815

[INFO] Non-IID 总分配样本数: 30169
  w_locals: 2456.80 MB
  gradient: 2456.80 MB
Round 34, Test Accuracy: 44.2599983215332, Loss: 1.4970236558914185, Global training time: 0.02595265619219429

[INFO] Non-IID 总分配样本数: 35563
  w_locals: 2456.80 MB
  gradient: 2456.80 MB
Round 35, Test Accuracy: 45.09000015258789, Loss: 1.4653655595779418, Global training time: 0.05751286929305536

[INFO] Non-IID 总分配样本数: 19205
  w_locals: 2456.80 MB
  gradient: 2456.80 MB
Round 36, Test Accuracy: 45.31999969482422, Loss: 1.4567805946350099, Global training time: 0.01743204080381854

[INFO] Non-IID 总分配样本数: 25061
  w_locals: 2456.80 MB
  gradient: 2456.80 MB
Round 37, Test Accuracy: 45.15999984741211, Loss: 1.4754611379623412, Global training time: 0.02810293318940786

[INFO] Non-IID 总分配样本数: 34353
  w_locals: 2456.80 MB
  gradient: 2456.80 MB
Round 38, Test Accuracy: 46.16999816894531, Loss: 1.4351361108779908, Global training time: 0.022316808534751705

[INFO] Non-IID 总分配样本数: 23047
  w_locals: 2456.80 MB
  gradient: 2456.80 MB
Round 39, Test Accuracy: 46.099998474121094, Loss: 1.4566453161239623, Global training time: 0.01992720233283047

[INFO] Non-IID 总分配样本数: 26889
WARNING:root:[WARNING] 可供补充的样本不足，仅剩 773，将启用重复采样
  w_locals: 2456.80 MB
  gradient: 2456.80 MB
Round 40, Test Accuracy: 47.119998931884766, Loss: 1.414801224899292, Global training time: 0.01857235479573909

[WARNING] 请求样本数超过数据集，按比例缩放: 0.4026
[INFO] Non-IID 总分配样本数: 49995
  w_locals: 2456.80 MB
  gradient: 2456.80 MB
Round 41, Test Accuracy: 47.09000015258789, Loss: 1.408005791091919, Global training time: 0.00901078485196571

[INFO] Non-IID 总分配样本数: 22666
  w_locals: 2456.80 MB
  gradient: 2456.80 MB
Round 42, Test Accuracy: 47.75, Loss: 1.397924044418335, Global training time: 0.019565199045912692

[INFO] Non-IID 总分配样本数: 13143
  w_locals: 2456.80 MB
  gradient: 2456.80 MB
Round 43, Test Accuracy: 47.380001068115234, Loss: 1.4095829248428344, Global training time: 0.007071478114919532

[INFO] Non-IID 总分配样本数: 29032
  w_locals: 2456.80 MB
  gradient: 2456.80 MB
Round 44, Test Accuracy: 48.06999969482422, Loss: 1.4250380731582641, Global training time: 0.017200703791719243

[INFO] Non-IID 总分配样本数: 18304
  w_locals: 2456.80 MB
  gradient: 2456.80 MB
Round 45, Test Accuracy: 49.310001373291016, Loss: 1.3688710401535034, Global training time: 0.021595120383898842

[INFO] Non-IID 总分配样本数: 34726
  w_locals: 2456.80 MB
  gradient: 2456.80 MB
Round 46, Test Accuracy: 49.72999954223633, Loss: 1.3548895557403564, Global training time: 0.04783059621910386

[INFO] Non-IID 总分配样本数: 28634
  w_locals: 2456.80 MB
  gradient: 2456.80 MB
Round 47, Test Accuracy: 50.54999923706055, Loss: 1.3430237129211426, Global training time: 0.02514821079576356

[INFO] Non-IID 总分配样本数: 20078
  w_locals: 2456.80 MB
  gradient: 2456.80 MB
Round 48, Test Accuracy: 50.5, Loss: 1.3395806552886962, Global training time: 0.019029361126707937

[INFO] Non-IID 总分配样本数: 25278
  w_locals: 2456.80 MB
  gradient: 2456.80 MB
Round 49, Test Accuracy: 50.40999984741211, Loss: 1.3418893840789794, Global training time: 0.03213902568139827

[INFO] Non-IID 总分配样本数: 18363
WARNING:root:[WARNING] 可供补充的样本不足，仅剩 478，将启用重复采样
  w_locals: 2456.80 MB
  gradient: 2456.80 MB
Round 50, Test Accuracy: 50.81999969482422, Loss: 1.338401898956299, Global training time: 0.00865251489167284

[WARNING] 请求样本数超过数据集，按比例缩放: 0.4491
[INFO] Non-IID 总分配样本数: 49991
  w_locals: 2456.80 MB
  gradient: 2456.80 MB
Round 51, Test Accuracy: 50.470001220703125, Loss: 1.3345211471557616, Global training time: 0.009636834123473284

[INFO] Non-IID 总分配样本数: 30603
  w_locals: 2456.80 MB
  gradient: 2456.80 MB
Round 52, Test Accuracy: 52.31999969482422, Loss: 1.3003505281448364, Global training time: 0.02375036927342584

[INFO] Non-IID 总分配样本数: 33131
  w_locals: 2456.80 MB
  gradient: 2456.80 MB
Round 53, Test Accuracy: 50.97999954223633, Loss: 1.3184938135147095, Global training time: 0.03483846704209227

[INFO] Non-IID 总分配样本数: 23958
  w_locals: 2456.80 MB
  gradient: 2456.80 MB
Round 54, Test Accuracy: 51.81999969482422, Loss: 1.3028264450073241, Global training time: 0.018075716401615063

[INFO] Non-IID 总分配样本数: 29277
  w_locals: 2456.80 MB
  gradient: 2456.80 MB
Round 55, Test Accuracy: 53.22999954223633, Loss: 1.2828745346069337, Global training time: 0.03786876227163816

[INFO] Non-IID 总分配样本数: 32549
  w_locals: 2456.80 MB
  gradient: 2456.80 MB
Round 56, Test Accuracy: 48.77000045776367, Loss: 1.3944921686172485, Global training time: 0.03123832028114783

[INFO] Non-IID 总分配样本数: 32884
  w_locals: 2456.80 MB
  gradient: 2456.80 MB
Round 57, Test Accuracy: 53.15999984741211, Loss: 1.2913784830093384, Global training time: 0.03273121352366817

[INFO] Non-IID 总分配样本数: 34043
  w_locals: 2456.80 MB
  gradient: 2456.80 MB
Round 58, Test Accuracy: 55.130001068115234, Loss: 1.2378312870025634, Global training time: 0.02783070163542491

[INFO] Non-IID 总分配样本数: 33600
  w_locals: 2456.80 MB
  gradient: 2456.80 MB
Round 59, Test Accuracy: 55.529998779296875, Loss: 1.232456534576416, Global training time: 0.021069820126307665

[INFO] Non-IID 总分配样本数: 22317
WARNING:root:[WARNING] 可供补充的样本不足，仅剩 872，将启用重复采样
  w_locals: 2456.80 MB
  gradient: 2456.80 MB
Round 60, Test Accuracy: 55.369998931884766, Loss: 1.22785854473114, Global training time: 0.01864527570247526

[WARNING] 请求样本数超过数据集，按比例缩放: 0.4704
[INFO] Non-IID 总分配样本数: 49984
  w_locals: 2456.80 MB
  gradient: 2456.80 MB
Round 61, Test Accuracy: 56.25, Loss: 1.2058720134735108, Global training time: 0.012177817154473258

[INFO] Non-IID 总分配样本数: 26284
  w_locals: 2456.80 MB
  gradient: 2456.80 MB
Round 62, Test Accuracy: 53.91999816894531, Loss: 1.2613366861343385, Global training time: 0.0346694517544174

[INFO] Non-IID 总分配样本数: 27031
  w_locals: 2456.80 MB
  gradient: 2456.80 MB
Round 63, Test Accuracy: 54.08000183105469, Loss: 1.2638217180252076, Global training time: 0.03388240017095391

[INFO] Non-IID 总分配样本数: 31191
  w_locals: 2456.80 MB
  gradient: 2456.80 MB
Round 64, Test Accuracy: 57.439998626708984, Loss: 1.181641254234314, Global training time: 0.04642186439686091

[INFO] Non-IID 总分配样本数: 21093
  w_locals: 2456.80 MB
  gradient: 2456.80 MB
Round 65, Test Accuracy: 57.279998779296875, Loss: 1.1799752965927124, Global training time: 0.03297375478181723

[INFO] Non-IID 总分配样本数: 18823
  w_locals: 2456.80 MB
  gradient: 2456.80 MB
Round 66, Test Accuracy: 57.130001068115234, Loss: 1.1772481479644776, Global training time: 0.048956848722665994

[INFO] Non-IID 总分配样本数: 32859
  w_locals: 2456.80 MB
  gradient: 2456.80 MB
Round 67, Test Accuracy: 57.119998931884766, Loss: 1.1845436096191406, Global training time: 0.03749088618789241

[INFO] Non-IID 总分配样本数: 28951
  w_locals: 2456.80 MB
  gradient: 2456.80 MB
Round 68, Test Accuracy: 58.310001373291016, Loss: 1.1626205926895141, Global training time: 0.04593917427396184

[INFO] Non-IID 总分配样本数: 19384
  w_locals: 2456.80 MB
  gradient: 2456.80 MB
Round 69, Test Accuracy: 58.79999923706055, Loss: 1.1437764459609985, Global training time: 0.04710003350312495

[INFO] Non-IID 总分配样本数: 29832
WARNING:root:[WARNING] 可供补充的样本不足，仅剩 1515，将启用重复采样
  w_locals: 2456.80 MB
  gradient: 2456.80 MB
Round 70, Test Accuracy: 59.279998779296875, Loss: 1.1326257341384887, Global training time: 0.057371738895111005

[WARNING] 请求样本数超过数据集，按比例缩放: 0.4594
[INFO] Non-IID 总分配样本数: 49932
  w_locals: 2456.80 MB
  gradient: 2456.80 MB
Round 71, Test Accuracy: 57.4900016784668, Loss: 1.1622517501831056, Global training time: 0.01110893256512618

[INFO] Non-IID 总分配样本数: 19666
  w_locals: 2456.80 MB
  gradient: 2456.80 MB
Round 72, Test Accuracy: 58.970001220703125, Loss: 1.139890320777893, Global training time: 0.017747148689498646

[INFO] Non-IID 总分配样本数: 23756
  w_locals: 2456.80 MB
  gradient: 2456.80 MB
Round 73, Test Accuracy: 59.119998931884766, Loss: 1.123354366493225, Global training time: 0.015954057762812543

[INFO] Non-IID 总分配样本数: 28075
  w_locals: 2456.80 MB
  gradient: 2456.80 MB
Round 74, Test Accuracy: 59.79999923706055, Loss: 1.1133155532836914, Global training time: 0.05056509139737519

[INFO] Non-IID 总分配样本数: 25808
  w_locals: 2456.80 MB
  gradient: 2456.80 MB
Round 75, Test Accuracy: 59.439998626708984, Loss: 1.1137059608459472, Global training time: 0.022384407577256814

[INFO] Non-IID 总分配样本数: 22449
  w_locals: 2456.80 MB
  gradient: 2456.80 MB
Round 76, Test Accuracy: 56.029998779296875, Loss: 1.2077510437011718, Global training time: 0.030532108069444223

[INFO] Non-IID 总分配样本数: 22610
  w_locals: 2456.80 MB
  gradient: 2456.80 MB
Round 77, Test Accuracy: 59.9900016784668, Loss: 1.1120058267593385, Global training time: 0.03769972503418412

[INFO] Non-IID 总分配样本数: 22149
  w_locals: 2456.80 MB
  gradient: 2456.80 MB
Round 78, Test Accuracy: 60.77000045776367, Loss: 1.0939845331192017, Global training time: 0.02650894951526399

[INFO] Non-IID 总分配样本数: 25281
  w_locals: 2456.80 MB
  gradient: 2456.80 MB
Round 79, Test Accuracy: 61.11000061035156, Loss: 1.0914100994110107, Global training time: 0.027481806119923943

[INFO] Non-IID 总分配样本数: 22935
  w_locals: 2456.80 MB
  gradient: 2456.80 MB
Round 80, Test Accuracy: 61.029998779296875, Loss: 1.0799089546203613, Global training time: 0.031068996743532307

[WARNING] 请求样本数超过数据集，按比例缩放: 0.4157
[INFO] Non-IID 总分配样本数: 50000
  w_locals: 2456.80 MB
  gradient: 2456.80 MB
Round 81, Test Accuracy: 60.58000183105469, Loss: 1.0936976476669311, Global training time: 0.009769203054586652

[INFO] Non-IID 总分配样本数: 30473
  w_locals: 2456.80 MB
  gradient: 2456.80 MB
Round 82, Test Accuracy: 60.529998779296875, Loss: 1.097505915260315, Global training time: 0.031036862576993077

[INFO] Non-IID 总分配样本数: 24188
  w_locals: 2456.80 MB
  gradient: 2456.80 MB
Round 83, Test Accuracy: 60.720001220703125, Loss: 1.0927880661010743, Global training time: 0.023823908599977493

[INFO] Non-IID 总分配样本数: 40078
  w_locals: 2456.80 MB
  gradient: 2456.80 MB
Round 84, Test Accuracy: 61.79999923706055, Loss: 1.0656662126541139, Global training time: 0.03363494772509423

[INFO] Non-IID 总分配样本数: 30203
  w_locals: 2456.80 MB
  gradient: 2456.80 MB
Round 85, Test Accuracy: 61.27000045776367, Loss: 1.0648797889709474, Global training time: 0.013686870027491286

[INFO] Non-IID 总分配样本数: 30834
  w_locals: 2456.80 MB
  gradient: 2456.80 MB
Round 86, Test Accuracy: 62.400001525878906, Loss: 1.0539470039367675, Global training time: 0.0422662150285799

[INFO] Non-IID 总分配样本数: 32816
  w_locals: 2456.80 MB
  gradient: 2456.80 MB
Round 87, Test Accuracy: 62.68000030517578, Loss: 1.028440997314453, Global training time: 0.021156048912812097

[INFO] Non-IID 总分配样本数: 29687
  w_locals: 2456.80 MB
  gradient: 2456.80 MB
Round 88, Test Accuracy: 63.970001220703125, Loss: 1.0162124671936035, Global training time: 0.0257912845444093

[INFO] Non-IID 总分配样本数: 29487
  w_locals: 2456.80 MB
  gradient: 2456.80 MB
Round 89, Test Accuracy: 62.060001373291016, Loss: 1.0727281385421752, Global training time: 0.017228211450753626

[INFO] Non-IID 总分配样本数: 28882
WARNING:root:[WARNING] 可供补充的样本不足，仅剩 1073，将启用重复采样
  w_locals: 2456.80 MB
  gradient: 2456.80 MB
Round 90, Test Accuracy: 63.540000915527344, Loss: 1.0239845854759215, Global training time: 0.015480659404149506

[WARNING] 请求样本数超过数据集，按比例缩放: 0.4558
[INFO] Non-IID 总分配样本数: 49997
  w_locals: 2456.80 MB
  gradient: 2456.80 MB
Round 91, Test Accuracy: 63.0099983215332, Loss: 1.043042385673523, Global training time: 0.009185039255964639

[INFO] Non-IID 总分配样本数: 25876
  w_locals: 2456.80 MB
  gradient: 2456.80 MB
Round 92, Test Accuracy: 63.5099983215332, Loss: 1.0315507135391235, Global training time: 0.042543793381569495

[INFO] Non-IID 总分配样本数: 34579
  w_locals: 2456.80 MB
  gradient: 2456.80 MB
Round 93, Test Accuracy: 62.279998779296875, Loss: 1.0647866067886353, Global training time: 0.05410422006159646

[INFO] Non-IID 总分配样本数: 24246
  w_locals: 2456.80 MB
  gradient: 2456.80 MB
Round 94, Test Accuracy: 50.52000045776367, Loss: 1.5551842655181884, Global training time: 0.02799359416393055

[INFO] Non-IID 总分配样本数: 19041
  w_locals: 2456.80 MB
  gradient: 2456.80 MB
Round 95, Test Accuracy: 64.80999755859375, Loss: 0.9952431041717529, Global training time: 0.01827944733110854

[INFO] Non-IID 总分配样本数: 25899
  w_locals: 2456.80 MB
  gradient: 2456.80 MB
Round 96, Test Accuracy: 59.599998474121094, Loss: 1.1274301565170288, Global training time: 0.04046352716693904

[INFO] Non-IID 总分配样本数: 22388
  w_locals: 2456.80 MB
  gradient: 2456.80 MB
Round 97, Test Accuracy: 65.01000213623047, Loss: 0.9859016977310181, Global training time: 0.016530054827947588

[INFO] Non-IID 总分配样本数: 22020
  w_locals: 2456.80 MB
  gradient: 2456.80 MB
Round 98, Test Accuracy: 65.51000213623047, Loss: 0.9720804025650024, Global training time: 0.023633960530478573

[INFO] Non-IID 总分配样本数: 23613
  w_locals: 2456.80 MB
  gradient: 2456.80 MB
Round 99, Test Accuracy: 65.16999816894531, Loss: 0.9834209264755249, Global training time: 0.01926247455387801

[INFO] Non-IID 总分配样本数: 24799
  w_locals: 2456.80 MB
  gradient: 2456.80 MB
Round 100, Test Accuracy: 65.01000213623047, Loss: 0.9986641838073731, Global training time: 0.027459885423468992

成功保存数据pkl文件
OnlineFL已训练完成，最终结果： {'ais': 2, 'test_accuracies': [tensor(65.0100)], 'global_round_accuracies': [[tensor(10.), tensor(10.), tensor(10.6800), tensor(10.), tensor(11.9400), tensor(10.), tensor(10.5100), tensor(20.1700), tensor(18.1300), tensor(22.2400), tensor(20.4400), tensor(26.1700), tensor(25.5000), tensor(28.6800), tensor(26.9500), tensor(30.3900), tensor(31.9500), tensor(32.8100), tensor(34.2400), tensor(35.4300), tensor(33.8800), tensor(36.), tensor(32.5900), tensor(38.3000), tensor(38.7700), tensor(38.8200), tensor(40.0200), tensor(41.6000), tensor(41.9600), tensor(42.0900), tensor(41.7600), tensor(42.7900), tensor(43.4200), tensor(44.2600), tensor(45.0900), tensor(45.3200), tensor(45.1600), tensor(46.1700), tensor(46.1000), tensor(47.1200), tensor(47.0900), tensor(47.7500), tensor(47.3800), tensor(48.0700), tensor(49.3100), tensor(49.7300), tensor(50.5500), tensor(50.5000), tensor(50.4100), tensor(50.8200), tensor(50.4700), tensor(52.3200), tensor(50.9800), tensor(51.8200), tensor(53.2300), tensor(48.7700), tensor(53.1600), tensor(55.1300), tensor(55.5300), tensor(55.3700), tensor(56.2500), tensor(53.9200), tensor(54.0800), tensor(57.4400), tensor(57.2800), tensor(57.1300), tensor(57.1200), tensor(58.3100), tensor(58.8000), tensor(59.2800), tensor(57.4900), tensor(58.9700), tensor(59.1200), tensor(59.8000), tensor(59.4400), tensor(56.0300), tensor(59.9900), tensor(60.7700), tensor(61.1100), tensor(61.0300), tensor(60.5800), tensor(60.5300), tensor(60.7200), tensor(61.8000), tensor(61.2700), tensor(62.4000), tensor(62.6800), tensor(63.9700), tensor(62.0600), tensor(63.5400), tensor(63.0100), tensor(63.5100), tensor(62.2800), tensor(50.5200), tensor(64.8100), tensor(59.6000), tensor(65.0100), tensor(65.5100), tensor(65.1700), tensor(65.0100)]], 'global_round_times': [[np.float64(0.011512221683634534), np.float64(0.023590724076908418), np.float64(0.0289560985625386), np.float64(0.021266940603177013), np.float64(0.03547796944273834), np.float64(0.027261005782506953), np.float64(0.03925856931128041), np.float64(0.02952182697350488), np.float64(0.018187162037541147), np.float64(0.02180639364688806), np.float64(0.007800074418371232), np.float64(0.04079167511680942), np.float64(0.03398103170744763), np.float64(0.05089269968608599), np.float64(0.028966166048703855), np.float64(0.05233064390235604), np.float64(0.018230864799934163), np.float64(0.03900223668091832), np.float64(0.05560970936193098), np.float64(0.01566083572267574), np.float64(0.010105581080545043), np.float64(0.020716510050107027), np.float64(0.019582131562514243), np.float64(0.025285966152850354), np.float64(0.043537235570822425), np.float64(0.02031670299372518), np.float64(0.03146367600991825), np.float64(0.030149344732415026), np.float64(0.040648956615190183), np.float64(0.022800714702880462), np.float64(0.009239497114336045), np.float64(0.021781926687995338), np.float64(0.019296517798202815), np.float64(0.02595265619219429), np.float64(0.05751286929305536), np.float64(0.01743204080381854), np.float64(0.02810293318940786), np.float64(0.022316808534751705), np.float64(0.01992720233283047), np.float64(0.01857235479573909), np.float64(0.00901078485196571), np.float64(0.019565199045912692), np.float64(0.007071478114919532), np.float64(0.017200703791719243), np.float64(0.021595120383898842), np.float64(0.04783059621910386), np.float64(0.02514821079576356), np.float64(0.019029361126707937), np.float64(0.03213902568139827), np.float64(0.00865251489167284), np.float64(0.009636834123473284), np.float64(0.02375036927342584), np.float64(0.03483846704209227), np.float64(0.018075716401615063), np.float64(0.03786876227163816), np.float64(0.03123832028114783), np.float64(0.03273121352366817), np.float64(0.02783070163542491), np.float64(0.021069820126307665), np.float64(0.01864527570247526), np.float64(0.012177817154473258), np.float64(0.0346694517544174), np.float64(0.03388240017095391), np.float64(0.04642186439686091), np.float64(0.03297375478181723), np.float64(0.048956848722665994), np.float64(0.03749088618789241), np.float64(0.04593917427396184), np.float64(0.04710003350312495), np.float64(0.057371738895111005), np.float64(0.01110893256512618), np.float64(0.017747148689498646), np.float64(0.015954057762812543), np.float64(0.05056509139737519), np.float64(0.022384407577256814), np.float64(0.030532108069444223), np.float64(0.03769972503418412), np.float64(0.02650894951526399), np.float64(0.027481806119923943), np.float64(0.031068996743532307), np.float64(0.009769203054586652), np.float64(0.031036862576993077), np.float64(0.023823908599977493), np.float64(0.03363494772509423), np.float64(0.013686870027491286), np.float64(0.0422662150285799), np.float64(0.021156048912812097), np.float64(0.0257912845444093), np.float64(0.017228211450753626), np.float64(0.015480659404149506), np.float64(0.009185039255964639), np.float64(0.042543793381569495), np.float64(0.05410422006159646), np.float64(0.02799359416393055), np.float64(0.01827944733110854), np.float64(0.04046352716693904), np.float64(0.016530054827947588), np.float64(0.023633960530478573), np.float64(0.01926247455387801), np.float64(0.027459885423468992)]]}

Time Slot 5 Results:
  Selected Devices: [4, 7, 18, 21, 42]
  Total Offload Data: 0.0000
  Sample Device Computation F: [np.float64(141.03670324552047), np.float64(63.772731042299824), np.float64(117.5155093524978), np.float64(239.2277597291782), np.float64(286.47527172245026)]
  Sample Final Data Amounts: [np.float64(0.0), np.float64(0.0), np.float64(0.0), np.float64(0.0), np.float64(84.95141983590874)]

Time Slot 10 Results:
  Selected Devices: [4, 7, 18, 21, 42]
  Total Offload Data: 0.0000
  Sample Device Computation F: [np.float64(317.7227252863815), np.float64(53.77953627600096), np.float64(111.40876630804716), np.float64(518.0249945374809), np.float64(304.96632781537664)]
  Sample Final Data Amounts: [np.float64(0.0), np.float64(0.0), np.float64(0.0), np.float64(0.0), np.float64(53.67827630653243)]

Time Slot 15 Results:
  Selected Devices: [16, 18, 21, 30, 46]
  Total Offload Data: 0.0000
  Sample Device Computation F: [np.float64(352.5186126375028), np.float64(76.87341064174946), np.float64(55.396723141595984), np.float64(202.81499196943602), np.float64(174.54433516094448)]
  Sample Final Data Amounts: [np.float64(0.0), np.float64(0.0), np.float64(0.0), np.float64(0.0), np.float64(0.0)]

Time Slot 20 Results:
  Selected Devices: [16, 18, 21, 30, 46]
  Total Offload Data: 0.0000
  Sample Device Computation F: [np.float64(138.2737802565381), np.float64(52.90757554203902), np.float64(119.48955607281451), np.float64(417.8853167919447), np.float64(297.6299234222626)]
  Sample Final Data Amounts: [np.float64(0.0), np.float64(0.0), np.float64(0.0), np.float64(0.0), np.float64(0.0)]

Time Slot 25 Results:
  Selected Devices: [4, 12, 16, 18, 29]
  Total Offload Data: 0.0000
  Sample Device Computation F: [np.float64(261.9127740743951), np.float64(62.490711111777415), np.float64(81.56988774631265), np.float64(228.53960630455342), np.float64(240.7683447745479)]
  Sample Final Data Amounts: [np.float64(0.0), np.float64(0.0), np.float64(0.0), np.float64(0.0), np.float64(64.4260920425193)]

Time Slot 30 Results:
  Selected Devices: [4, 12, 16, 18, 29]
  Total Offload Data: 0.0000
  Sample Device Computation F: [np.float64(376.13222561489073), np.float64(65.24468077636735), np.float64(74.63986121741891), np.float64(345.3347283332709), np.float64(152.08116265698905)]
  Sample Final Data Amounts: [np.float64(0.0), np.float64(0.0), np.float64(0.0), np.float64(0.0), np.float64(69.09329160793547)]

Time Slot 35 Results:
  Selected Devices: [4, 7, 21, 30, 33]
  Total Offload Data: 36.9981
  Sample Device Computation F: [np.float64(305.0015384464183), np.float64(68.31056807455725), np.float64(50.30650299948351), np.float64(229.04379289950415), np.float64(187.46078474381346)]
  Sample Final Data Amounts: [np.float64(0.0), np.float64(0.0), np.float64(0.0), np.float64(0.0), np.float64(94.17936417632724)]

Time Slot 40 Results:
  Selected Devices: [4, 7, 21, 30, 33]
  Total Offload Data: 0.0000
  Sample Device Computation F: [np.float64(228.17534487091615), np.float64(41.54665856773178), np.float64(102.02253033090919), np.float64(371.41881689048057), np.float64(129.50009609367385)]
  Sample Final Data Amounts: [np.float64(0.0), np.float64(0.0), np.float64(0.0), np.float64(0.0), np.float64(47.97444844801266)]

Time Slot 45 Results:
  Selected Devices: [12, 14, 18, 29, 41]
  Total Offload Data: 0.0000
  Sample Device Computation F: [np.float64(263.83515285719415), np.float64(40.89270487018352), np.float64(119.54663252970605), np.float64(522.1826555190614), np.float64(268.45132302032926)]
  Sample Final Data Amounts: [np.float64(0.0), np.float64(0.0), np.float64(0.0), np.float64(0.0), np.float64(0.0)]

Time Slot 50 Results:
  Selected Devices: [12, 14, 18, 29, 41]
  Total Offload Data: 0.0000
  Sample Device Computation F: [np.float64(318.17926571554904), np.float64(44.98852271507406), np.float64(77.90898395346146), np.float64(238.10375712450232), np.float64(303.32485939306804)]
  Sample Final Data Amounts: [np.float64(0.0), np.float64(0.0), np.float64(0.0), np.float64(0.0), np.float64(0.0)]

Time Slot 55 Results:
  Selected Devices: [7, 12, 18, 26, 46]
  Total Offload Data: 0.0000
  Sample Device Computation F: [np.float64(162.47426333369668), np.float64(73.09243820110254), np.float64(54.451658637575306), np.float64(383.89943715969673), np.float64(273.13041595463153)]
  Sample Final Data Amounts: [np.float64(0.0), np.float64(0.0), np.float64(0.0), np.float64(0.0), np.float64(0.0)]

Time Slot 60 Results:
  Selected Devices: [7, 12, 18, 26, 46]
  Total Offload Data: 0.0000
  Sample Device Computation F: [np.float64(385.97256254424605), np.float64(26.16912904843524), np.float64(100.63531240781609), np.float64(216.7067697157612), np.float64(187.4428429906599)]
  Sample Final Data Amounts: [np.float64(0.0), np.float64(0.0), np.float64(0.0), np.float64(0.0), np.float64(0.0)]

Time Slot 65 Results:
  Selected Devices: [12, 14, 25, 26, 34]
  Total Offload Data: 0.0000
  Sample Device Computation F: [np.float64(245.88775517760294), np.float64(51.767306852547776), np.float64(89.92353888957801), np.float64(536.1092822560627), np.float64(206.43157740133816)]
  Sample Final Data Amounts: [np.float64(0.0), np.float64(0.0), np.float64(0.0), np.float64(0.0), np.float64(0.0)]

Time Slot 70 Results:
  Selected Devices: [12, 14, 25, 26, 34]
  Total Offload Data: 0.0000
  Sample Device Computation F: [np.float64(366.4168576296081), np.float64(54.496882144593094), np.float64(54.61959792016646), np.float64(316.2402481972706), np.float64(130.4680392131443)]
  Sample Final Data Amounts: [np.float64(0.0), np.float64(0.0), np.float64(0.0), np.float64(0.0), np.float64(0.0)]

Time Slot 75 Results:
  Selected Devices: [4, 21, 24, 35, 42]
  Total Offload Data: 0.0000
  Sample Device Computation F: [np.float64(207.39424505319525), np.float64(72.34301178979568), np.float64(88.45624228679354), np.float64(451.97202853107507), np.float64(297.9754088112651)]
  Sample Final Data Amounts: [np.float64(0.0), np.float64(0.0), np.float64(0.0), np.float64(0.0), np.float64(103.15915099540696)]

Time Slot 80 Results:
  Selected Devices: [4, 21, 24, 35, 42]
  Total Offload Data: 0.0000
  Sample Device Computation F: [np.float64(230.00891861367603), np.float64(67.91997211277126), np.float64(112.59940188441479), np.float64(231.3383869415768), np.float64(269.4913761686844)]
  Sample Final Data Amounts: [np.float64(0.0), np.float64(0.0), np.float64(0.0), np.float64(0.0), np.float64(74.86679544382484)]

Time Slot 85 Results:
  Selected Devices: [12, 18, 26, 33, 40]
  Total Offload Data: 19.8477
  Sample Device Computation F: [np.float64(265.2444514137754), np.float64(26.00153389807127), np.float64(52.5852508616457), np.float64(451.2072684877827), np.float64(229.556798483518)]
  Sample Final Data Amounts: [np.float64(0.0), np.float64(0.0), np.float64(0.0), np.float64(0.0), np.float64(0.0)]

Time Slot 90 Results:
  Selected Devices: [12, 18, 26, 33, 40]
  Total Offload Data: 0.0000
  Sample Device Computation F: [np.float64(226.52330173117645), np.float64(61.594054305651284), np.float64(109.35587902043093), np.float64(263.853682411595), np.float64(277.8542326399578)]
  Sample Final Data Amounts: [np.float64(0.0), np.float64(0.0), np.float64(0.0), np.float64(0.0), np.float64(0.0)]

Time Slot 95 Results:
  Selected Devices: [15, 18, 30, 35, 46]
  Total Offload Data: 0.0000
  Sample Device Computation F: [np.float64(223.88970956860337), np.float64(70.19956473527013), np.float64(74.4847924880508), np.float64(456.4271686011118), np.float64(191.04308703257482)]
  Sample Final Data Amounts: [np.float64(0.0), np.float64(0.0), np.float64(0.0), np.float64(0.0), np.float64(0.0)]

Time Slot 100 Results:
  Selected Devices: [15, 18, 30, 35, 46]
  Total Offload Data: 0.0000
  Sample Device Computation F: [np.float64(172.00157705326578), np.float64(71.25855416731567), np.float64(64.36577012780302), np.float64(317.78064180370615), np.float64(140.87722528058788)]
  Sample Final Data Amounts: [np.float64(0.0), np.float64(0.0), np.float64(0.0), np.float64(0.0), np.float64(0.0)]

=== 仿真结果 (N=50) ===
平均吞吐量:
  提出的方法 (T=10): 422.8912
  本地执行: 232.7579
  静态编排: 176.0528
  提出的方法 (T1=20): 383.9631WARNING:root:[WARNING] 可供补充的样本不足，仅剩 1133，将启用重复采样

step1 获取到100个时隙的工作节点以及实际训练量
目标准确率：55.0，目标epoch：100
non-iid
[WARNING] 请求样本数超过数据集，按比例缩放: 0.4280
[INFO] Non-IID 总分配样本数: 49977
  w_locals: 2456.80 MB
  gradient: 2456.80 MB
Round 1, Test Accuracy: 10.039999961853027, Loss: 2.3024227279663085, Global training time: 0.010394371631412238

[INFO] Non-IID 总分配样本数: 35271
  w_locals: 2456.80 MB
  gradient: 2456.80 MB
Round 2, Test Accuracy: 10.0, Loss: 2.2989026515960695, Global training time: 0.021278496512359673

[INFO] Non-IID 总分配样本数: 25940
  w_locals: 2456.80 MB
  gradient: 2456.80 MB
Round 3, Test Accuracy: 10.0600004196167, Loss: 2.296316435241699, Global training time: 0.03072637858451057

[INFO] Non-IID 总分配样本数: 28315
  w_locals: 2456.80 MB
  gradient: 2456.80 MB
Round 4, Test Accuracy: 10.0, Loss: 2.2937173351287843, Global training time: 0.019610387030257907

[INFO] Non-IID 总分配样本数: 29954
  w_locals: 2456.80 MB
  gradient: 2456.80 MB
Round 5, Test Accuracy: 10.0600004196167, Loss: 2.2900643188476564, Global training time: 0.0322404237981435

[INFO] Non-IID 总分配样本数: 25569
  w_locals: 2456.80 MB
  gradient: 2456.80 MB
Round 6, Test Accuracy: 15.859999656677246, Loss: 2.2860137634277344, Global training time: 0.026987697112878406

[INFO] Non-IID 总分配样本数: 33172
  w_locals: 2456.80 MB
  gradient: 2456.80 MB
Round 7, Test Accuracy: 10.039999961853027, Loss: 2.2756355751037596, Global training time: 0.03006960419275743

[INFO] Non-IID 总分配样本数: 26934
  w_locals: 2456.80 MB
  gradient: 2456.80 MB
Round 8, Test Accuracy: 18.579999923706055, Loss: 2.2588647720336916, Global training time: 0.027368754584864

[INFO] Non-IID 总分配样本数: 24177
  w_locals: 2456.80 MB
  gradient: 2456.80 MB
Round 9, Test Accuracy: 24.860000610351562, Loss: 2.2292011001586913, Global training time: 0.016469500350659725

[INFO] Non-IID 总分配样本数: 21750
WARNING:root:[WARNING] 可供补充的样本不足，仅剩 1381，将启用重复采样
  w_locals: 2456.80 MB
  gradient: 2456.80 MB
Round 10, Test Accuracy: 25.059999465942383, Loss: 2.1778415718078614, Global training time: 0.022733002035132295

[WARNING] 请求样本数超过数据集，按比例缩放: 0.3830
[INFO] Non-IID 总分配样本数: 49964
  w_locals: 2456.80 MB
  gradient: 2456.80 MB
Round 11, Test Accuracy: 20.170000076293945, Loss: 2.1392308197021483, Global training time: 0.008398751348623059

[INFO] Non-IID 总分配样本数: 32461
  w_locals: 2456.80 MB
  gradient: 2456.80 MB
Round 12, Test Accuracy: 24.84000015258789, Loss: 2.0372427793502808, Global training time: 0.043175174977417734

[INFO] Non-IID 总分配样本数: 26221
  w_locals: 2456.80 MB
  gradient: 2456.80 MB
Round 13, Test Accuracy: 26.040000915527344, Loss: 1.9856283796310426, Global training time: 0.030351752638091988

[INFO] Non-IID 总分配样本数: 28823
  w_locals: 2456.80 MB
  gradient: 2456.80 MB
Round 14, Test Accuracy: 26.670000076293945, Loss: 1.9431815336227416, Global training time: 0.04881173914188913

[INFO] Non-IID 总分配样本数: 29714
  w_locals: 2456.80 MB
  gradient: 2456.80 MB
Round 15, Test Accuracy: 29.18000030517578, Loss: 1.8940224002838135, Global training time: 0.024588308373503225

[INFO] Non-IID 总分配样本数: 29390
  w_locals: 2456.80 MB
  gradient: 2456.80 MB
Round 16, Test Accuracy: 29.309999465942383, Loss: 1.846617577934265, Global training time: 0.05121123078941549

[INFO] Non-IID 总分配样本数: 24310
  w_locals: 2456.80 MB
  gradient: 2456.80 MB
Round 17, Test Accuracy: 31.56999969482422, Loss: 1.8307266899108887, Global training time: 0.01751689455074344

[INFO] Non-IID 总分配样本数: 29785
  w_locals: 2456.80 MB
  gradient: 2456.80 MB
Round 18, Test Accuracy: 32.849998474121094, Loss: 1.7843867473602295, Global training time: 0.03401643534922781

[INFO] Non-IID 总分配样本数: 36055
  w_locals: 2456.80 MB
  gradient: 2456.80 MB
Round 19, Test Accuracy: 34.720001220703125, Loss: 1.7556302785873412, Global training time: 0.05450988135470232

[INFO] Non-IID 总分配样本数: 19747
WARNING:root:[WARNING] 可供补充的样本不足，仅剩 248，将启用重复采样
  w_locals: 2456.80 MB
  gradient: 2456.80 MB
Round 20, Test Accuracy: 35.060001373291016, Loss: 1.7169668390274049, Global training time: 0.01495810254228366

[WARNING] 请求样本数超过数据集，按比例缩放: 0.4252
[INFO] Non-IID 总分配样本数: 50000
  w_locals: 2456.80 MB
  gradient: 2456.80 MB
Round 21, Test Accuracy: 35.150001525878906, Loss: 1.7159189058303832, Global training time: 0.008674553287157216

[INFO] Non-IID 总分配样本数: 22763
  w_locals: 2456.80 MB
  gradient: 2456.80 MB
Round 22, Test Accuracy: 36.459999084472656, Loss: 1.6798314338684082, Global training time: 0.017309601000547917

[INFO] Non-IID 总分配样本数: 25409
  w_locals: 2456.80 MB
  gradient: 2456.80 MB
Round 23, Test Accuracy: 37.09000015258789, Loss: 1.6645987409591674, Global training time: 0.020163669178417876

[INFO] Non-IID 总分配样本数: 29188
  w_locals: 2456.80 MB
  gradient: 2456.80 MB
Round 24, Test Accuracy: 37.560001373291016, Loss: 1.6490193588256836, Global training time: 0.024101726949426246

[INFO] Non-IID 总分配样本数: 28305
  w_locals: 2456.80 MB
  gradient: 2456.80 MB
Round 25, Test Accuracy: 38.939998626708984, Loss: 1.6168503782272339, Global training time: 0.043817416320252614

[INFO] Non-IID 总分配样本数: 27467
  w_locals: 2456.80 MB
  gradient: 2456.80 MB
Round 26, Test Accuracy: 40.20000076293945, Loss: 1.5992771381378175, Global training time: 0.018348634052992755

[INFO] Non-IID 总分配样本数: 34423
  w_locals: 2456.80 MB
  gradient: 2456.80 MB
Round 27, Test Accuracy: 40.18000030517578, Loss: 1.5890429025650024, Global training time: 0.034791424692721486

[INFO] Non-IID 总分配样本数: 25537
  w_locals: 2456.80 MB
  gradient: 2456.80 MB
Round 28, Test Accuracy: 41.040000915527344, Loss: 1.5663804639816283, Global training time: 0.029941128137013672

[INFO] Non-IID 总分配样本数: 31749
  w_locals: 2456.80 MB
  gradient: 2456.80 MB
Round 29, Test Accuracy: 41.86000061035156, Loss: 1.5489681467056275, Global training time: 0.04062944438135498

[INFO] Non-IID 总分配样本数: 30616
WARNING:root:[WARNING] 可供补充的样本不足，仅剩 502，将启用重复采样
  w_locals: 2456.80 MB
  gradient: 2456.80 MB
Round 30, Test Accuracy: 42.47999954223633, Loss: 1.532590075492859, Global training time: 0.025201310361815058

[WARNING] 请求样本数超过数据集，按比例缩放: 0.4072
[INFO] Non-IID 总分配样本数: 49988
  w_locals: 2456.80 MB
  gradient: 2456.80 MB
Round 31, Test Accuracy: 43.56999969482422, Loss: 1.51579269695282, Global training time: 0.0076252374964043915

[INFO] Non-IID 总分配样本数: 26991
  w_locals: 2456.80 MB
  gradient: 2456.80 MB
Round 32, Test Accuracy: 43.84000015258789, Loss: 1.506539281654358, Global training time: 0.020780915190767534

[INFO] Non-IID 总分配样本数: 25366
  w_locals: 2456.80 MB
  gradient: 2456.80 MB
Round 33, Test Accuracy: 44.7599983215332, Loss: 1.4890768106460572, Global training time: 0.02528815533917216

[INFO] Non-IID 总分配样本数: 30169
  w_locals: 2456.80 MB
  gradient: 2456.80 MB
Round 34, Test Accuracy: 45.709999084472656, Loss: 1.4698912055969238, Global training time: 0.03208325091311555

[INFO] Non-IID 总分配样本数: 35563
  w_locals: 2456.80 MB
  gradient: 2456.80 MB
Round 35, Test Accuracy: 45.7599983215332, Loss: 1.4633077669143677, Global training time: 0.05159211570050073

[INFO] Non-IID 总分配样本数: 19205
  w_locals: 2456.80 MB
  gradient: 2456.80 MB
Round 36, Test Accuracy: 45.61000061035156, Loss: 1.4499068510055542, Global training time: 0.0158574997796812

[INFO] Non-IID 总分配样本数: 25061
  w_locals: 2456.80 MB
  gradient: 2456.80 MB
Round 37, Test Accuracy: 45.70000076293945, Loss: 1.4683779954910279, Global training time: 0.025803247966755684

[INFO] Non-IID 总分配样本数: 34353
  w_locals: 2456.80 MB
  gradient: 2456.80 MB
Round 38, Test Accuracy: 46.88999938964844, Loss: 1.4416419452667237, Global training time: 0.024407801788649125

[INFO] Non-IID 总分配样本数: 23047
  w_locals: 2456.80 MB
  gradient: 2456.80 MB
Round 39, Test Accuracy: 47.2400016784668, Loss: 1.4325584911346436, Global training time: 0.018960239279302144

[INFO] Non-IID 总分配样本数: 26889
WARNING:root:[WARNING] 可供补充的样本不足，仅剩 317，将启用重复采样
  w_locals: 2456.80 MB
  gradient: 2456.80 MB
Round 40, Test Accuracy: 47.66999816894531, Loss: 1.4081866813659667, Global training time: 0.020005743335967482

[WARNING] 请求样本数超过数据集，按比例缩放: 0.4026
[INFO] Non-IID 总分配样本数: 49998
  w_locals: 2456.80 MB
  gradient: 2456.80 MB
Round 41, Test Accuracy: 47.880001068115234, Loss: 1.3887180713653564, Global training time: 0.00834098852805019

[INFO] Non-IID 总分配样本数: 22666
  w_locals: 2456.80 MB
  gradient: 2456.80 MB
Round 42, Test Accuracy: 49.439998626708984, Loss: 1.3702916219711303, Global training time: 0.017525659435244215

[INFO] Non-IID 总分配样本数: 13143
  w_locals: 2456.80 MB
  gradient: 2456.80 MB
Round 43, Test Accuracy: 50.029998779296875, Loss: 1.357994771385193, Global training time: 0.008332403304264446

[INFO] Non-IID 总分配样本数: 29032
  w_locals: 2456.80 MB
  gradient: 2456.80 MB
Round 44, Test Accuracy: 49.83000183105469, Loss: 1.3602134447097778, Global training time: 0.01675542928516171

[INFO] Non-IID 总分配样本数: 18304
  w_locals: 2456.80 MB
  gradient: 2456.80 MB
Round 45, Test Accuracy: 50.5099983215332, Loss: 1.3515756786346436, Global training time: 0.021015249621372568

[INFO] Non-IID 总分配样本数: 34726
  w_locals: 2456.80 MB
  gradient: 2456.80 MB
Round 46, Test Accuracy: 51.59000015258789, Loss: 1.334044023323059, Global training time: 0.04366585494184596

[INFO] Non-IID 总分配样本数: 28634
  w_locals: 2456.80 MB
  gradient: 2456.80 MB
Round 47, Test Accuracy: 52.0, Loss: 1.3124957216262818, Global training time: 0.02688088470426244

[INFO] Non-IID 总分配样本数: 20078
  w_locals: 2456.80 MB
  gradient: 2456.80 MB
Round 48, Test Accuracy: 50.5099983215332, Loss: 1.345565041732788, Global training time: 0.020629172088200334

[INFO] Non-IID 总分配样本数: 25278
  w_locals: 2456.80 MB
  gradient: 2456.80 MB
Round 49, Test Accuracy: 51.400001525878906, Loss: 1.3324081094741822, Global training time: 0.032352005656932775

[INFO] Non-IID 总分配样本数: 18363
WARNING:root:[WARNING] 可供补充的样本不足，仅剩 451，将启用重复采样
  w_locals: 2456.80 MB
  gradient: 2456.80 MB
Round 50, Test Accuracy: 52.70000076293945, Loss: 1.3000967166900634, Global training time: 0.009131144210694461

[WARNING] 请求样本数超过数据集，按比例缩放: 0.4491
[INFO] Non-IID 总分配样本数: 49986
  w_locals: 2456.80 MB
  gradient: 2456.80 MB
Round 51, Test Accuracy: 52.63999938964844, Loss: 1.296920899963379, Global training time: 0.010896021771989308

[INFO] Non-IID 总分配样本数: 30603
  w_locals: 2456.80 MB
  gradient: 2456.80 MB
Round 52, Test Accuracy: 54.119998931884766, Loss: 1.2680833490371703, Global training time: 0.023986550607798536

[INFO] Non-IID 总分配样本数: 33131
  w_locals: 2456.80 MB
  gradient: 2456.80 MB
Round 53, Test Accuracy: 51.040000915527344, Loss: 1.3419870681762696, Global training time: 0.03565562539862605

[INFO] Non-IID 总分配样本数: 23958
  w_locals: 2456.80 MB
  gradient: 2456.80 MB
Round 54, Test Accuracy: 54.68000030517578, Loss: 1.2494891431808473, Global training time: 0.018518327851446706

[INFO] Non-IID 总分配样本数: 29277
  w_locals: 2456.80 MB
  gradient: 2456.80 MB
Round 55, Test Accuracy: 55.2400016784668, Loss: 1.2390206825256347, Global training time: 0.03755492873888462

[INFO] Non-IID 总分配样本数: 32549
  w_locals: 2456.80 MB
  gradient: 2456.80 MB
Round 56, Test Accuracy: 54.29999923706055, Loss: 1.2495504083633422, Global training time: 0.03190128914064259

[INFO] Non-IID 总分配样本数: 32884
  w_locals: 2456.80 MB
  gradient: 2456.80 MB
Round 57, Test Accuracy: 55.29999923706055, Loss: 1.2325737970352173, Global training time: 0.035902231194655514

[INFO] Non-IID 总分配样本数: 34043
  w_locals: 2456.80 MB
  gradient: 2456.80 MB
Round 58, Test Accuracy: 56.0, Loss: 1.2153294048309327, Global training time: 0.030061509574001184

[INFO] Non-IID 总分配样本数: 33600
  w_locals: 2456.80 MB
  gradient: 2456.80 MB
Round 59, Test Accuracy: 56.08000183105469, Loss: 1.211673179244995, Global training time: 0.02539555175517325

[INFO] Non-IID 总分配样本数: 22317
WARNING:root:[WARNING] 可供补充的样本不足，仅剩 484，将启用重复采样
  w_locals: 2456.80 MB
  gradient: 2456.80 MB
Round 60, Test Accuracy: 55.7599983215332, Loss: 1.2247583751678466, Global training time: 0.02026528206110022

[WARNING] 请求样本数超过数据集，按比例缩放: 0.4704
[INFO] Non-IID 总分配样本数: 50000
  w_locals: 2456.80 MB
  gradient: 2456.80 MB
Round 61, Test Accuracy: 54.119998931884766, Loss: 1.2715455158233642, Global training time: 0.011195909877699733

[INFO] Non-IID 总分配样本数: 26284
  w_locals: 2456.80 MB
  gradient: 2456.80 MB
Round 62, Test Accuracy: 57.060001373291016, Loss: 1.199258126449585, Global training time: 0.031235547167180043

[INFO] Non-IID 总分配样本数: 27031
  w_locals: 2456.80 MB
  gradient: 2456.80 MB
Round 63, Test Accuracy: 55.130001068115234, Loss: 1.226545536994934, Global training time: 0.042352783735727845

[INFO] Non-IID 总分配样本数: 31191
  w_locals: 2456.80 MB
  gradient: 2456.80 MB
Round 64, Test Accuracy: 57.959999084472656, Loss: 1.1636642230987548, Global training time: 0.043528973166248305

[INFO] Non-IID 总分配样本数: 21093
  w_locals: 2456.80 MB
  gradient: 2456.80 MB
Round 65, Test Accuracy: 58.90999984741211, Loss: 1.1459736785888672, Global training time: 0.031094740540712592

[INFO] Non-IID 总分配样本数: 18823
  w_locals: 2456.80 MB
  gradient: 2456.80 MB
Round 66, Test Accuracy: 58.43000030517578, Loss: 1.156999245071411, Global training time: 0.04591164815461026

[INFO] Non-IID 总分配样本数: 32859
  w_locals: 2456.80 MB
  gradient: 2456.80 MB
Round 67, Test Accuracy: 57.97999954223633, Loss: 1.167708966064453, Global training time: 0.0386174919408672

[INFO] Non-IID 总分配样本数: 28951
  w_locals: 2456.80 MB
  gradient: 2456.80 MB
Round 68, Test Accuracy: 59.65999984741211, Loss: 1.1201609128952026, Global training time: 0.04965718344375595

[INFO] Non-IID 总分配样本数: 19384
  w_locals: 2456.80 MB
  gradient: 2456.80 MB
Round 69, Test Accuracy: 59.310001373291016, Loss: 1.1270074995040893, Global training time: 0.04791749643733797

[INFO] Non-IID 总分配样本数: 29832
WARNING:root:[WARNING] 可供补充的样本不足，仅剩 34，将启用重复采样
  w_locals: 2456.80 MB
  gradient: 2456.80 MB
Round 70, Test Accuracy: 59.88999938964844, Loss: 1.1153373027801514, Global training time: 0.053736595423017584

[WARNING] 请求样本数超过数据集，按比例缩放: 0.4594
[INFO] Non-IID 总分配样本数: 50005
  w_locals: 2456.80 MB
  gradient: 2456.80 MB
Round 71, Test Accuracy: 59.40999984741211, Loss: 1.1261189435958863, Global training time: 0.010397959377646012

[INFO] Non-IID 总分配样本数: 19666
  w_locals: 2456.80 MB
  gradient: 2456.80 MB
Round 72, Test Accuracy: 60.630001068115234, Loss: 1.1024392841339112, Global training time: 0.01533152494688644

[INFO] Non-IID 总分配样本数: 23756
  w_locals: 2456.80 MB
  gradient: 2456.80 MB
Round 73, Test Accuracy: 57.29999923706055, Loss: 1.1531584013938905, Global training time: 0.016995576387879404

[INFO] Non-IID 总分配样本数: 28075
  w_locals: 2456.80 MB
  gradient: 2456.80 MB
Round 74, Test Accuracy: 60.29999923706055, Loss: 1.0996320503234864, Global training time: 0.052577942707248436

[INFO] Non-IID 总分配样本数: 25808
  w_locals: 2456.80 MB
  gradient: 2456.80 MB
Round 75, Test Accuracy: 59.68000030517578, Loss: 1.1155898047447204, Global training time: 0.02723551715742236

[INFO] Non-IID 总分配样本数: 22449
  w_locals: 2456.80 MB
  gradient: 2456.80 MB
Round 76, Test Accuracy: 59.61000061035156, Loss: 1.1276055486679077, Global training time: 0.02661142228208422

[INFO] Non-IID 总分配样本数: 22610
  w_locals: 2456.80 MB
  gradient: 2456.80 MB
Round 77, Test Accuracy: 60.88999938964844, Loss: 1.0899826099395753, Global training time: 0.04548208389123656

[INFO] Non-IID 总分配样本数: 22149
  w_locals: 2456.80 MB
  gradient: 2456.80 MB
Round 78, Test Accuracy: 61.88999938964844, Loss: 1.0722130146026612, Global training time: 0.025623605981613132

[INFO] Non-IID 总分配样本数: 25281
  w_locals: 2456.80 MB
  gradient: 2456.80 MB
Round 79, Test Accuracy: 61.97999954223633, Loss: 1.0608546015739442, Global training time: 0.026507364171631437

[INFO] Non-IID 总分配样本数: 22935
  w_locals: 2456.80 MB
  gradient: 2456.80 MB
Round 80, Test Accuracy: 61.2400016784668, Loss: 1.0952765846252441, Global training time: 0.03057839725968083

[WARNING] 请求样本数超过数据集，按比例缩放: 0.4157
[INFO] Non-IID 总分配样本数: 50000
  w_locals: 2456.80 MB
  gradient: 2456.80 MB
Round 81, Test Accuracy: 62.689998626708984, Loss: 1.0492199089050294, Global training time: 0.008966276926745523

[INFO] Non-IID 总分配样本数: 30473
  w_locals: 2456.80 MB
  gradient: 2456.80 MB
Round 82, Test Accuracy: 62.959999084472656, Loss: 1.0594924835205077, Global training time: 0.030841651807420198

[INFO] Non-IID 总分配样本数: 24188
  w_locals: 2456.80 MB
  gradient: 2456.80 MB
Round 83, Test Accuracy: 62.95000076293945, Loss: 1.0383780741691588, Global training time: 0.02332131281157385

[INFO] Non-IID 总分配样本数: 40078
  w_locals: 2456.80 MB
  gradient: 2456.80 MB
Round 84, Test Accuracy: 62.029998779296875, Loss: 1.0648661706924438, Global training time: 0.030273897623787658

[INFO] Non-IID 总分配样本数: 30203
  w_locals: 2456.80 MB
  gradient: 2456.80 MB
Round 85, Test Accuracy: 63.900001525878906, Loss: 1.0277077640533447, Global training time: 0.01659075407846303

[INFO] Non-IID 总分配样本数: 30834
  w_locals: 2456.80 MB
  gradient: 2456.80 MB
Round 86, Test Accuracy: 63.16999816894531, Loss: 1.0388228720664978, Global training time: 0.04034445258370045

[INFO] Non-IID 总分配样本数: 32816
  w_locals: 2456.80 MB
  gradient: 2456.80 MB
Round 87, Test Accuracy: 62.38999938964844, Loss: 1.0525224782943725, Global training time: 0.024446809270741953

[INFO] Non-IID 总分配样本数: 29687
  w_locals: 2456.80 MB
  gradient: 2456.80 MB
Round 88, Test Accuracy: 63.81999969482422, Loss: 1.0083203637123108, Global training time: 0.02527522535771408

[INFO] Non-IID 总分配样本数: 29487
  w_locals: 2456.80 MB
  gradient: 2456.80 MB
Round 89, Test Accuracy: 63.959999084472656, Loss: 1.0163692131996154, Global training time: 0.017891675108293488

[INFO] Non-IID 总分配样本数: 28882
WARNING:root:[WARNING] 可供补充的样本不足，仅剩 405，将启用重复采样
  w_locals: 2456.80 MB
  gradient: 2456.80 MB
Round 90, Test Accuracy: 65.11000061035156, Loss: 0.9962333151817322, Global training time: 0.016333429554186703

[WARNING] 请求样本数超过数据集，按比例缩放: 0.4558
[INFO] Non-IID 总分配样本数: 49997
  w_locals: 2456.80 MB
  gradient: 2456.80 MB
Round 91, Test Accuracy: 62.4900016784668, Loss: 1.0392329911231994, Global training time: 0.009559895768875766

[INFO] Non-IID 总分配样本数: 25876
  w_locals: 2456.80 MB
  gradient: 2456.80 MB
Round 92, Test Accuracy: 65.44000244140625, Loss: 0.9850847955703735, Global training time: 0.04601347146262297

[INFO] Non-IID 总分配样本数: 34579
  w_locals: 2456.80 MB
  gradient: 2456.80 MB
Round 93, Test Accuracy: 64.88999938964844, Loss: 0.9930951063156128, Global training time: 0.05669556469468577

[INFO] Non-IID 总分配样本数: 24246
  w_locals: 2456.80 MB
  gradient: 2456.80 MB
Round 94, Test Accuracy: 63.0099983215332, Loss: 1.0229010125160218, Global training time: 0.02779543193892117

[INFO] Non-IID 总分配样本数: 19041
  w_locals: 2456.80 MB
  gradient: 2456.80 MB
Round 95, Test Accuracy: 65.0199966430664, Loss: 0.9830142427444458, Global training time: 0.018442004855729253

[INFO] Non-IID 总分配样本数: 25899
  w_locals: 2456.80 MB
  gradient: 2456.80 MB
Round 96, Test Accuracy: 65.9000015258789, Loss: 0.9640891201972961, Global training time: 0.04678417114480478

[INFO] Non-IID 总分配样本数: 22388
  w_locals: 2456.80 MB
  gradient: 2456.80 MB
Round 97, Test Accuracy: 65.5999984741211, Loss: 0.9668634124755859, Global training time: 0.020507525674472733

[INFO] Non-IID 总分配样本数: 22020
  w_locals: 2456.80 MB
  gradient: 2456.80 MB
Round 98, Test Accuracy: 66.0999984741211, Loss: 0.963558667755127, Global training time: 0.025922385855126937

[INFO] Non-IID 总分配样本数: 23613
  w_locals: 2456.80 MB
  gradient: 2456.80 MB
Round 99, Test Accuracy: 65.79000091552734, Loss: 0.9672088053703308, Global training time: 0.015014113861697069

[INFO] Non-IID 总分配样本数: 24799
  w_locals: 2456.80 MB
  gradient: 2456.80 MB
Round 100, Test Accuracy: 65.27999877929688, Loss: 1.0000125542640685, Global training time: 0.029252295212943324

成功保存数据pkl文件
OnlineFL已训练完成，最终结果： {'ais': 2, 'test_accuracies': [tensor(65.2800)], 'global_round_accuracies': [[tensor(10.0400), tensor(10.), tensor(10.0600), tensor(10.), tensor(10.0600), tensor(15.8600), tensor(10.0400), tensor(18.5800), tensor(24.8600), tensor(25.0600), tensor(20.1700), tensor(24.8400), tensor(26.0400), tensor(26.6700), tensor(29.1800), tensor(29.3100), tensor(31.5700), tensor(32.8500), tensor(34.7200), tensor(35.0600), tensor(35.1500), tensor(36.4600), tensor(37.0900), tensor(37.5600), tensor(38.9400), tensor(40.2000), tensor(40.1800), tensor(41.0400), tensor(41.8600), tensor(42.4800), tensor(43.5700), tensor(43.8400), tensor(44.7600), tensor(45.7100), tensor(45.7600), tensor(45.6100), tensor(45.7000), tensor(46.8900), tensor(47.2400), tensor(47.6700), tensor(47.8800), tensor(49.4400), tensor(50.0300), tensor(49.8300), tensor(50.5100), tensor(51.5900), tensor(52.), tensor(50.5100), tensor(51.4000), tensor(52.7000), tensor(52.6400), tensor(54.1200), tensor(51.0400), tensor(54.6800), tensor(55.2400), tensor(54.3000), tensor(55.3000), tensor(56.), tensor(56.0800), tensor(55.7600), tensor(54.1200), tensor(57.0600), tensor(55.1300), tensor(57.9600), tensor(58.9100), tensor(58.4300), tensor(57.9800), tensor(59.6600), tensor(59.3100), tensor(59.8900), tensor(59.4100), tensor(60.6300), tensor(57.3000), tensor(60.3000), tensor(59.6800), tensor(59.6100), tensor(60.8900), tensor(61.8900), tensor(61.9800), tensor(61.2400), tensor(62.6900), tensor(62.9600), tensor(62.9500), tensor(62.0300), tensor(63.9000), tensor(63.1700), tensor(62.3900), tensor(63.8200), tensor(63.9600), tensor(65.1100), tensor(62.4900), tensor(65.4400), tensor(64.8900), tensor(63.0100), tensor(65.0200), tensor(65.9000), tensor(65.6000), tensor(66.1000), tensor(65.7900), tensor(65.2800)]], 'global_round_times': [[np.float64(0.010394371631412238), np.float64(0.021278496512359673), np.float64(0.03072637858451057), np.float64(0.019610387030257907), np.float64(0.0322404237981435), np.float64(0.026987697112878406), np.float64(0.03006960419275743), np.float64(0.027368754584864), np.float64(0.016469500350659725), np.float64(0.022733002035132295), np.float64(0.008398751348623059), np.float64(0.043175174977417734), np.float64(0.030351752638091988), np.float64(0.04881173914188913), np.float64(0.024588308373503225), np.float64(0.05121123078941549), np.float64(0.01751689455074344), np.float64(0.03401643534922781), np.float64(0.05450988135470232), np.float64(0.01495810254228366), np.float64(0.008674553287157216), np.float64(0.017309601000547917), np.float64(0.020163669178417876), np.float64(0.024101726949426246), np.float64(0.043817416320252614), np.float64(0.018348634052992755), np.float64(0.034791424692721486), np.float64(0.029941128137013672), np.float64(0.04062944438135498), np.float64(0.025201310361815058), np.float64(0.0076252374964043915), np.float64(0.020780915190767534), np.float64(0.02528815533917216), np.float64(0.03208325091311555), np.float64(0.05159211570050073), np.float64(0.0158574997796812), np.float64(0.025803247966755684), np.float64(0.024407801788649125), np.float64(0.018960239279302144), np.float64(0.020005743335967482), np.float64(0.00834098852805019), np.float64(0.017525659435244215), np.float64(0.008332403304264446), np.float64(0.01675542928516171), np.float64(0.021015249621372568), np.float64(0.04366585494184596), np.float64(0.02688088470426244), np.float64(0.020629172088200334), np.float64(0.032352005656932775), np.float64(0.009131144210694461), np.float64(0.010896021771989308), np.float64(0.023986550607798536), np.float64(0.03565562539862605), np.float64(0.018518327851446706), np.float64(0.03755492873888462), np.float64(0.03190128914064259), np.float64(0.035902231194655514), np.float64(0.030061509574001184), np.float64(0.02539555175517325), np.float64(0.02026528206110022), np.float64(0.011195909877699733), np.float64(0.031235547167180043), np.float64(0.042352783735727845), np.float64(0.043528973166248305), np.float64(0.031094740540712592), np.float64(0.04591164815461026), np.float64(0.0386174919408672), np.float64(0.04965718344375595), np.float64(0.04791749643733797), np.float64(0.053736595423017584), np.float64(0.010397959377646012), np.float64(0.01533152494688644), np.float64(0.016995576387879404), np.float64(0.052577942707248436), np.float64(0.02723551715742236), np.float64(0.02661142228208422), np.float64(0.04548208389123656), np.float64(0.025623605981613132), np.float64(0.026507364171631437), np.float64(0.03057839725968083), np.float64(0.008966276926745523), np.float64(0.030841651807420198), np.float64(0.02332131281157385), np.float64(0.030273897623787658), np.float64(0.01659075407846303), np.float64(0.04034445258370045), np.float64(0.024446809270741953), np.float64(0.02527522535771408), np.float64(0.017891675108293488), np.float64(0.016333429554186703), np.float64(0.009559895768875766), np.float64(0.04601347146262297), np.float64(0.05669556469468577), np.float64(0.02779543193892117), np.float64(0.018442004855729253), np.float64(0.04678417114480478), np.float64(0.020507525674472733), np.float64(0.025922385855126937), np.float64(0.015014113861697069), np.float64(0.029252295212943324)]]}

Time Slot 5 Results:
  Selected Devices: [4, 7, 18, 21, 42]
  Total Offload Data: 0.0000
  Sample Device Computation F: [np.float64(141.03670324552047), np.float64(63.772731042299824), np.float64(117.5155093524978), np.float64(239.2277597291782), np.float64(286.47527172245026)]
  Sample Final Data Amounts: [np.float64(0.0), np.float64(0.0), np.float64(0.0), np.float64(0.0), np.float64(84.95141983590874)]

Time Slot 10 Results:
  Selected Devices: [4, 7, 18, 21, 42]
  Total Offload Data: 0.0000
  Sample Device Computation F: [np.float64(317.7227252863815), np.float64(53.77953627600096), np.float64(111.40876630804716), np.float64(518.0249945374809), np.float64(304.96632781537664)]
  Sample Final Data Amounts: [np.float64(0.0), np.float64(0.0), np.float64(0.0), np.float64(0.0), np.float64(53.67827630653243)]

Time Slot 15 Results:
  Selected Devices: [16, 18, 21, 30, 46]
  Total Offload Data: 0.0000
  Sample Device Computation F: [np.float64(352.5186126375028), np.float64(76.87341064174946), np.float64(55.396723141595984), np.float64(202.81499196943602), np.float64(174.54433516094448)]
  Sample Final Data Amounts: [np.float64(0.0), np.float64(0.0), np.float64(0.0), np.float64(0.0), np.float64(0.0)]

Time Slot 20 Results:
  Selected Devices: [16, 18, 21, 30, 46]
  Total Offload Data: 0.0000
  Sample Device Computation F: [np.float64(138.2737802565381), np.float64(52.90757554203902), np.float64(119.48955607281451), np.float64(417.8853167919447), np.float64(297.6299234222626)]
  Sample Final Data Amounts: [np.float64(0.0), np.float64(0.0), np.float64(0.0), np.float64(0.0), np.float64(0.0)]

Time Slot 25 Results:
  Selected Devices: [4, 12, 16, 18, 29]
  Total Offload Data: 0.0000
  Sample Device Computation F: [np.float64(261.9127740743951), np.float64(62.490711111777415), np.float64(81.56988774631265), np.float64(228.53960630455342), np.float64(240.7683447745479)]
  Sample Final Data Amounts: [np.float64(0.0), np.float64(0.0), np.float64(0.0), np.float64(0.0), np.float64(64.4260920425193)]

Time Slot 30 Results:
  Selected Devices: [4, 12, 16, 18, 29]
  Total Offload Data: 0.0000
  Sample Device Computation F: [np.float64(376.13222561489073), np.float64(65.24468077636735), np.float64(74.63986121741891), np.float64(345.3347283332709), np.float64(152.08116265698905)]
  Sample Final Data Amounts: [np.float64(0.0), np.float64(0.0), np.float64(0.0), np.float64(0.0), np.float64(69.09329160793547)]

Time Slot 35 Results:
  Selected Devices: [4, 7, 21, 30, 33]
  Total Offload Data: 36.9981
  Sample Device Computation F: [np.float64(305.0015384464183), np.float64(68.31056807455725), np.float64(50.30650299948351), np.float64(229.04379289950415), np.float64(187.46078474381346)]
  Sample Final Data Amounts: [np.float64(0.0), np.float64(0.0), np.float64(0.0), np.float64(0.0), np.float64(94.17936417632724)]

Time Slot 40 Results:
  Selected Devices: [4, 7, 21, 30, 33]
  Total Offload Data: 0.0000
  Sample Device Computation F: [np.float64(228.17534487091615), np.float64(41.54665856773178), np.float64(102.02253033090919), np.float64(371.41881689048057), np.float64(129.50009609367385)]
  Sample Final Data Amounts: [np.float64(0.0), np.float64(0.0), np.float64(0.0), np.float64(0.0), np.float64(47.97444844801266)]

Time Slot 45 Results:
  Selected Devices: [12, 14, 18, 29, 41]
  Total Offload Data: 0.0000
  Sample Device Computation F: [np.float64(263.83515285719415), np.float64(40.89270487018352), np.float64(119.54663252970605), np.float64(522.1826555190614), np.float64(268.45132302032926)]
  Sample Final Data Amounts: [np.float64(0.0), np.float64(0.0), np.float64(0.0), np.float64(0.0), np.float64(0.0)]

Time Slot 50 Results:
  Selected Devices: [12, 14, 18, 29, 41]
  Total Offload Data: 0.0000
  Sample Device Computation F: [np.float64(318.17926571554904), np.float64(44.98852271507406), np.float64(77.90898395346146), np.float64(238.10375712450232), np.float64(303.32485939306804)]
  Sample Final Data Amounts: [np.float64(0.0), np.float64(0.0), np.float64(0.0), np.float64(0.0), np.float64(0.0)]

Time Slot 55 Results:
  Selected Devices: [7, 12, 18, 26, 46]
  Total Offload Data: 0.0000
  Sample Device Computation F: [np.float64(162.47426333369668), np.float64(73.09243820110254), np.float64(54.451658637575306), np.float64(383.89943715969673), np.float64(273.13041595463153)]
  Sample Final Data Amounts: [np.float64(0.0), np.float64(0.0), np.float64(0.0), np.float64(0.0), np.float64(0.0)]

Time Slot 60 Results:
  Selected Devices: [7, 12, 18, 26, 46]
  Total Offload Data: 0.0000
  Sample Device Computation F: [np.float64(385.97256254424605), np.float64(26.16912904843524), np.float64(100.63531240781609), np.float64(216.7067697157612), np.float64(187.4428429906599)]
  Sample Final Data Amounts: [np.float64(0.0), np.float64(0.0), np.float64(0.0), np.float64(0.0), np.float64(0.0)]

Time Slot 65 Results:
  Selected Devices: [12, 14, 25, 26, 34]
  Total Offload Data: 0.0000
  Sample Device Computation F: [np.float64(245.88775517760294), np.float64(51.767306852547776), np.float64(89.92353888957801), np.float64(536.1092822560627), np.float64(206.43157740133816)]
  Sample Final Data Amounts: [np.float64(0.0), np.float64(0.0), np.float64(0.0), np.float64(0.0), np.float64(0.0)]

Time Slot 70 Results:
  Selected Devices: [12, 14, 25, 26, 34]
  Total Offload Data: 0.0000
  Sample Device Computation F: [np.float64(366.4168576296081), np.float64(54.496882144593094), np.float64(54.61959792016646), np.float64(316.2402481972706), np.float64(130.4680392131443)]
  Sample Final Data Amounts: [np.float64(0.0), np.float64(0.0), np.float64(0.0), np.float64(0.0), np.float64(0.0)]

Time Slot 75 Results:
  Selected Devices: [4, 21, 24, 35, 42]
  Total Offload Data: 0.0000
  Sample Device Computation F: [np.float64(207.39424505319525), np.float64(72.34301178979568), np.float64(88.45624228679354), np.float64(451.97202853107507), np.float64(297.9754088112651)]
  Sample Final Data Amounts: [np.float64(0.0), np.float64(0.0), np.float64(0.0), np.float64(0.0), np.float64(103.15915099540696)]

Time Slot 80 Results:
  Selected Devices: [4, 21, 24, 35, 42]
  Total Offload Data: 0.0000
  Sample Device Computation F: [np.float64(230.00891861367603), np.float64(67.91997211277126), np.float64(112.59940188441479), np.float64(231.3383869415768), np.float64(269.4913761686844)]
  Sample Final Data Amounts: [np.float64(0.0), np.float64(0.0), np.float64(0.0), np.float64(0.0), np.float64(74.86679544382484)]

Time Slot 85 Results:
  Selected Devices: [12, 18, 26, 33, 40]
  Total Offload Data: 19.8477
  Sample Device Computation F: [np.float64(265.2444514137754), np.float64(26.00153389807127), np.float64(52.5852508616457), np.float64(451.2072684877827), np.float64(229.556798483518)]
  Sample Final Data Amounts: [np.float64(0.0), np.float64(0.0), np.float64(0.0), np.float64(0.0), np.float64(0.0)]

Time Slot 90 Results:
  Selected Devices: [12, 18, 26, 33, 40]
  Total Offload Data: 0.0000
  Sample Device Computation F: [np.float64(226.52330173117645), np.float64(61.594054305651284), np.float64(109.35587902043093), np.float64(263.853682411595), np.float64(277.8542326399578)]
  Sample Final Data Amounts: [np.float64(0.0), np.float64(0.0), np.float64(0.0), np.float64(0.0), np.float64(0.0)]

Time Slot 95 Results:
  Selected Devices: [15, 18, 30, 35, 46]
  Total Offload Data: 0.0000
  Sample Device Computation F: [np.float64(223.88970956860337), np.float64(70.19956473527013), np.float64(74.4847924880508), np.float64(456.4271686011118), np.float64(191.04308703257482)]
  Sample Final Data Amounts: [np.float64(0.0), np.float64(0.0), np.float64(0.0), np.float64(0.0), np.float64(0.0)]

Time Slot 100 Results:
  Selected Devices: [15, 18, 30, 35, 46]
  Total Offload Data: 0.0000
  Sample Device Computation F: [np.float64(172.00157705326578), np.float64(71.25855416731567), np.float64(64.36577012780302), np.float64(317.78064180370615), np.float64(140.87722528058788)]
  Sample Final Data Amounts: [np.float64(0.0), np.float64(0.0), np.float64(0.0), np.float64(0.0), np.float64(0.0)]

=== 仿真结果 (N=50) ===
平均吞吐量:
  提出的方法 (T=10): 422.8912
  本地执行: 232.7579
  静态编排: 176.0528
  提出的方法 (T1=20): 383.9631WARNING:root:[WARNING] 可供补充的样本不足，仅剩 1104，将启用重复采样

step1 获取到100个时隙的工作节点以及实际训练量
目标准确率：55.0，目标epoch：100
non-iid
[WARNING] 请求样本数超过数据集，按比例缩放: 0.4280
[INFO] Non-IID 总分配样本数: 49978
  w_locals: 2456.80 MB
  gradient: 2456.80 MB
Round 1, Test Accuracy: 10.0, Loss: 2.300176286315918, Global training time: 0.009479091860262126

[INFO] Non-IID 总分配样本数: 35271
  w_locals: 2456.80 MB
  gradient: 2456.80 MB
Round 2, Test Accuracy: 11.239999771118164, Loss: 2.2963345691680908, Global training time: 0.023217709690513184

[INFO] Non-IID 总分配样本数: 25940
  w_locals: 2456.80 MB
  gradient: 2456.80 MB
Round 3, Test Accuracy: 10.020000457763672, Loss: 2.2931398998260497, Global training time: 0.031261259241121414

[INFO] Non-IID 总分配样本数: 28315
  w_locals: 2456.80 MB
  gradient: 2456.80 MB
Round 4, Test Accuracy: 10.270000457763672, Loss: 2.2885231578826906, Global training time: 0.020374570599927255

[INFO] Non-IID 总分配样本数: 29954
  w_locals: 2456.80 MB
  gradient: 2456.80 MB
Round 5, Test Accuracy: 10.0, Loss: 2.281915179824829, Global training time: 0.03546903494948051

[INFO] Non-IID 总分配样本数: 25569
  w_locals: 2456.80 MB
  gradient: 2456.80 MB
Round 6, Test Accuracy: 10.329999923706055, Loss: 2.2733769618988036, Global training time: 0.031712030657828655

[INFO] Non-IID 总分配样本数: 33172
  w_locals: 2456.80 MB
  gradient: 2456.80 MB
Round 7, Test Accuracy: 13.510000228881836, Loss: 2.2562656867980957, Global training time: 0.0335036658839722

[INFO] Non-IID 总分配样本数: 26934
  w_locals: 2456.80 MB
  gradient: 2456.80 MB
Round 8, Test Accuracy: 12.359999656677246, Loss: 2.2369131328582763, Global training time: 0.02461835196388316

[INFO] Non-IID 总分配样本数: 24177
  w_locals: 2456.80 MB
  gradient: 2456.80 MB
Round 9, Test Accuracy: 18.579999923706055, Loss: 2.210417003631592, Global training time: 0.017162416537671255

[INFO] Non-IID 总分配样本数: 21750
WARNING:root:[WARNING] 可供补充的样本不足，仅剩 1072，将启用重复采样
  w_locals: 2456.80 MB
  gradient: 2456.80 MB
Round 10, Test Accuracy: 23.010000228881836, Loss: 2.174687895965576, Global training time: 0.021027165299202236

[WARNING] 请求样本数超过数据集，按比例缩放: 0.3830
[INFO] Non-IID 总分配样本数: 49972
  w_locals: 2456.80 MB
  gradient: 2456.80 MB
Round 11, Test Accuracy: 22.8700008392334, Loss: 2.1531643032073973, Global training time: 0.007511194724142198

[INFO] Non-IID 总分配样本数: 32461
  w_locals: 2456.80 MB
  gradient: 2456.80 MB
Round 12, Test Accuracy: 26.270000457763672, Loss: 2.0645347206115723, Global training time: 0.0416771255313484

[INFO] Non-IID 总分配样本数: 26221
  w_locals: 2456.80 MB
  gradient: 2456.80 MB
Round 13, Test Accuracy: 27.549999237060547, Loss: 2.0050078073501587, Global training time: 0.029708165081445307

[INFO] Non-IID 总分配样本数: 28823
  w_locals: 2456.80 MB
  gradient: 2456.80 MB
Round 14, Test Accuracy: 27.329999923706055, Loss: 1.967644774055481, Global training time: 0.044537460610087155

[INFO] Non-IID 总分配样本数: 29714
  w_locals: 2456.80 MB
  gradient: 2456.80 MB
Round 15, Test Accuracy: 27.84000015258789, Loss: 1.9364745695114136, Global training time: 0.027738275418046864

[INFO] Non-IID 总分配样本数: 29390
  w_locals: 2456.80 MB
  gradient: 2456.80 MB
Round 16, Test Accuracy: 28.139999389648438, Loss: 1.8969308767318727, Global training time: 0.04538761660614108

[INFO] Non-IID 总分配样本数: 24310
  w_locals: 2456.80 MB
  gradient: 2456.80 MB
Round 17, Test Accuracy: 30.34000015258789, Loss: 1.8614384246826172, Global training time: 0.01873362690238501

[INFO] Non-IID 总分配样本数: 29785
  w_locals: 2456.80 MB
  gradient: 2456.80 MB
Round 18, Test Accuracy: 30.81999969482422, Loss: 1.8234633325576781, Global training time: 0.03894986511860107

[INFO] Non-IID 总分配样本数: 36055
  w_locals: 2456.80 MB
  gradient: 2456.80 MB
Round 19, Test Accuracy: 33.029998779296875, Loss: 1.7789963954925536, Global training time: 0.056663768413386495

[INFO] Non-IID 总分配样本数: 19747
WARNING:root:[WARNING] 可供补充的样本不足，仅剩 1012，将启用重复采样
  w_locals: 2456.80 MB
  gradient: 2456.80 MB
Round 20, Test Accuracy: 33.06999969482422, Loss: 1.7682177896499633, Global training time: 0.013463029750419101

[WARNING] 请求样本数超过数据集，按比例缩放: 0.4252
[INFO] Non-IID 总分配样本数: 49979
  w_locals: 2456.80 MB
  gradient: 2456.80 MB
Round 21, Test Accuracy: 33.43000030517578, Loss: 1.7534674894332887, Global training time: 0.009170430715666365

[INFO] Non-IID 总分配样本数: 22763
  w_locals: 2456.80 MB
  gradient: 2456.80 MB
Round 22, Test Accuracy: 34.77000045776367, Loss: 1.7252046112060546, Global training time: 0.017244020543145742

[INFO] Non-IID 总分配样本数: 25409
  w_locals: 2456.80 MB
  gradient: 2456.80 MB
Round 23, Test Accuracy: 35.93000030517578, Loss: 1.68837024269104, Global training time: 0.024136679227106307

[INFO] Non-IID 总分配样本数: 29188
  w_locals: 2456.80 MB
  gradient: 2456.80 MB
Round 24, Test Accuracy: 37.040000915527344, Loss: 1.680349700164795, Global training time: 0.022530715764305126

[INFO] Non-IID 总分配样本数: 28305
  w_locals: 2456.80 MB
  gradient: 2456.80 MB
Round 25, Test Accuracy: 38.310001373291016, Loss: 1.6393458087921142, Global training time: 0.04416405727067448

[INFO] Non-IID 总分配样本数: 27467
  w_locals: 2456.80 MB
  gradient: 2456.80 MB
Round 26, Test Accuracy: 38.72999954223633, Loss: 1.6311384103775024, Global training time: 0.018265928285320362

[INFO] Non-IID 总分配样本数: 34423
  w_locals: 2456.80 MB
  gradient: 2456.80 MB
Round 27, Test Accuracy: 37.349998474121094, Loss: 1.7237415502548217, Global training time: 0.03122572771197912

[INFO] Non-IID 总分配样本数: 25537
  w_locals: 2456.80 MB
  gradient: 2456.80 MB
Round 28, Test Accuracy: 39.81999969482422, Loss: 1.6022670301437378, Global training time: 0.031201929911138883

[INFO] Non-IID 总分配样本数: 31749
  w_locals: 2456.80 MB
  gradient: 2456.80 MB
Round 29, Test Accuracy: 42.220001220703125, Loss: 1.545754826927185, Global training time: 0.03997535923672906

[INFO] Non-IID 总分配样本数: 30616
WARNING:root:[WARNING] 可供补充的样本不足，仅剩 669，将启用重复采样
  w_locals: 2456.80 MB
  gradient: 2456.80 MB
Round 30, Test Accuracy: 42.83000183105469, Loss: 1.5395091123580933, Global training time: 0.027297337447809787

[WARNING] 请求样本数超过数据集，按比例缩放: 0.4072
[INFO] Non-IID 总分配样本数: 49984
  w_locals: 2456.80 MB
  gradient: 2456.80 MB
Round 31, Test Accuracy: 41.47999954223633, Loss: 1.541597755432129, Global training time: 0.007686513437157922

[INFO] Non-IID 总分配样本数: 26991
  w_locals: 2456.80 MB
  gradient: 2456.80 MB
Round 32, Test Accuracy: 43.68000030517578, Loss: 1.514512451171875, Global training time: 0.02070233609388046

[INFO] Non-IID 总分配样本数: 25366
  w_locals: 2456.80 MB
  gradient: 2456.80 MB
Round 33, Test Accuracy: 44.06999969482422, Loss: 1.4947301879882813, Global training time: 0.024627320416509602

[INFO] Non-IID 总分配样本数: 30169
  w_locals: 2456.80 MB
  gradient: 2456.80 MB
Round 34, Test Accuracy: 45.33000183105469, Loss: 1.4783977458953856, Global training time: 0.030940391298866422

[INFO] Non-IID 总分配样本数: 35563
  w_locals: 2456.80 MB
  gradient: 2456.80 MB
Round 35, Test Accuracy: 44.59000015258789, Loss: 1.4860972732543944, Global training time: 0.048803877577299266

[INFO] Non-IID 总分配样本数: 19205
  w_locals: 2456.80 MB
  gradient: 2456.80 MB
Round 36, Test Accuracy: 44.5, Loss: 1.4821788175582886, Global training time: 0.016055276108163673

[INFO] Non-IID 总分配样本数: 25061
  w_locals: 2456.80 MB
  gradient: 2456.80 MB
Round 37, Test Accuracy: 46.58000183105469, Loss: 1.4615720666885377, Global training time: 0.026564686545489536

[INFO] Non-IID 总分配样本数: 34353
  w_locals: 2456.80 MB
  gradient: 2456.80 MB
Round 38, Test Accuracy: 46.790000915527344, Loss: 1.445312565612793, Global training time: 0.02229061290835913

[INFO] Non-IID 总分配样本数: 23047
  w_locals: 2456.80 MB
  gradient: 2456.80 MB
Round 39, Test Accuracy: 46.779998779296875, Loss: 1.44791817111969, Global training time: 0.019626666489530504

[INFO] Non-IID 总分配样本数: 26889
WARNING:root:[WARNING] 可供补充的样本不足，仅剩 863，将启用重复采样
  w_locals: 2456.80 MB
  gradient: 2456.80 MB
Round 40, Test Accuracy: 48.43000030517578, Loss: 1.3916421764373779, Global training time: 0.02012058614707461

[WARNING] 请求样本数超过数据集，按比例缩放: 0.4026
[INFO] Non-IID 总分配样本数: 49991
  w_locals: 2456.80 MB
  gradient: 2456.80 MB
Round 41, Test Accuracy: 47.68000030517578, Loss: 1.4247860260009766, Global training time: 0.008199379614527215

[INFO] Non-IID 总分配样本数: 22666
  w_locals: 2456.80 MB
  gradient: 2456.80 MB
Round 42, Test Accuracy: 48.08000183105469, Loss: 1.3985125463485717, Global training time: 0.018083676949823626

[INFO] Non-IID 总分配样本数: 13143
  w_locals: 2456.80 MB
  gradient: 2456.80 MB
Round 43, Test Accuracy: 48.869998931884766, Loss: 1.3743894159317016, Global training time: 0.007996733160669511

[INFO] Non-IID 总分配样本数: 29032
  w_locals: 2456.80 MB
  gradient: 2456.80 MB
Round 44, Test Accuracy: 49.72999954223633, Loss: 1.3605130052566528, Global training time: 0.016495396274555506

[INFO] Non-IID 总分配样本数: 18304
  w_locals: 2456.80 MB
  gradient: 2456.80 MB
Round 45, Test Accuracy: 50.0, Loss: 1.3541806100845337, Global training time: 0.020721107439151745

[INFO] Non-IID 总分配样本数: 34726
  w_locals: 2456.80 MB
  gradient: 2456.80 MB
Round 46, Test Accuracy: 50.56999969482422, Loss: 1.3408607482910155, Global training time: 0.03677877677792367

[INFO] Non-IID 总分配样本数: 28634
  w_locals: 2456.80 MB
  gradient: 2456.80 MB
Round 47, Test Accuracy: 51.029998779296875, Loss: 1.324258205795288, Global training time: 0.0253332493514806

[INFO] Non-IID 总分配样本数: 20078
  w_locals: 2456.80 MB
  gradient: 2456.80 MB
Round 48, Test Accuracy: 51.720001220703125, Loss: 1.3161759368896484, Global training time: 0.01948154883575664

[INFO] Non-IID 总分配样本数: 25278
  w_locals: 2456.80 MB
  gradient: 2456.80 MB
Round 49, Test Accuracy: 51.79999923706055, Loss: 1.3187450510025025, Global training time: 0.03112864249798469

[INFO] Non-IID 总分配样本数: 18363
WARNING:root:[WARNING] 可供补充的样本不足，仅剩 790，将启用重复采样
  w_locals: 2456.80 MB
  gradient: 2456.80 MB
Round 50, Test Accuracy: 52.209999084472656, Loss: 1.3110674291610718, Global training time: 0.008600078984021497

[WARNING] 请求样本数超过数据集，按比例缩放: 0.4491
[INFO] Non-IID 总分配样本数: 49989
  w_locals: 2456.80 MB
  gradient: 2456.80 MB
Round 51, Test Accuracy: 52.88999938964844, Loss: 1.286809626197815, Global training time: 0.009679035636085527

[INFO] Non-IID 总分配样本数: 30603
  w_locals: 2456.80 MB
  gradient: 2456.80 MB
Round 52, Test Accuracy: 53.380001068115234, Loss: 1.278066663169861, Global training time: 0.02297018679016674

[INFO] Non-IID 总分配样本数: 33131
  w_locals: 2456.80 MB
  gradient: 2456.80 MB
Round 53, Test Accuracy: 50.470001220703125, Loss: 1.3703081747055055, Global training time: 0.03644549469808212

[INFO] Non-IID 总分配样本数: 23958
  w_locals: 2456.80 MB
  gradient: 2456.80 MB
Round 54, Test Accuracy: 54.0, Loss: 1.2634460178375244, Global training time: 0.01731967604180805

[INFO] Non-IID 总分配样本数: 29277
  w_locals: 2456.80 MB
  gradient: 2456.80 MB
Round 55, Test Accuracy: 54.47999954223633, Loss: 1.2453886293411256, Global training time: 0.039009412294870635

[INFO] Non-IID 总分配样本数: 32549
  w_locals: 2456.80 MB
  gradient: 2456.80 MB
Round 56, Test Accuracy: 53.470001220703125, Loss: 1.2619691467285157, Global training time: 0.03385916740460673

[INFO] Non-IID 总分配样本数: 32884
  w_locals: 2456.80 MB
  gradient: 2456.80 MB
Round 57, Test Accuracy: 55.529998779296875, Loss: 1.219243267250061, Global training time: 0.03444362702045101

[INFO] Non-IID 总分配样本数: 34043
  w_locals: 2456.80 MB
  gradient: 2456.80 MB
Round 58, Test Accuracy: 55.709999084472656, Loss: 1.2157259204864501, Global training time: 0.02646509233418448

[INFO] Non-IID 总分配样本数: 33600
  w_locals: 2456.80 MB
  gradient: 2456.80 MB
Round 59, Test Accuracy: 56.310001373291016, Loss: 1.1997365411758423, Global training time: 0.023996217623325752

[INFO] Non-IID 总分配样本数: 22317
WARNING:root:[WARNING] 可供补充的样本不足，仅剩 814，将启用重复采样
  w_locals: 2456.80 MB
  gradient: 2456.80 MB
Round 60, Test Accuracy: 56.79999923706055, Loss: 1.1942168203353882, Global training time: 0.01973927168469436

[WARNING] 请求样本数超过数据集，按比例缩放: 0.4704
[INFO] Non-IID 总分配样本数: 49987
  w_locals: 2456.80 MB
  gradient: 2456.80 MB
Round 61, Test Accuracy: 55.720001220703125, Loss: 1.2106598728179931, Global training time: 0.009946251391628748

[INFO] Non-IID 总分配样本数: 26284
  w_locals: 2456.80 MB
  gradient: 2456.80 MB
Round 62, Test Accuracy: 53.34000015258789, Loss: 1.2658773099899292, Global training time: 0.03045881506343121

[INFO] Non-IID 总分配样本数: 27031
  w_locals: 2456.80 MB
  gradient: 2456.80 MB
Round 63, Test Accuracy: 56.7599983215332, Loss: 1.2021367141723633, Global training time: 0.04040549268734729

[INFO] Non-IID 总分配样本数: 31191
  w_locals: 2456.80 MB
  gradient: 2456.80 MB
Round 64, Test Accuracy: 58.06999969482422, Loss: 1.1572509771347046, Global training time: 0.05028893458152227

[INFO] Non-IID 总分配样本数: 21093
  w_locals: 2456.80 MB
  gradient: 2456.80 MB
Round 65, Test Accuracy: 57.689998626708984, Loss: 1.169825821495056, Global training time: 0.032700319337792334

[INFO] Non-IID 总分配样本数: 18823
  w_locals: 2456.80 MB
  gradient: 2456.80 MB
Round 66, Test Accuracy: 58.27000045776367, Loss: 1.1550303199768066, Global training time: 0.044344737442452035

[INFO] Non-IID 总分配样本数: 32859
  w_locals: 2456.80 MB
  gradient: 2456.80 MB
Round 67, Test Accuracy: 56.5099983215332, Loss: 1.2114088277816772, Global training time: 0.03463185667958286

[INFO] Non-IID 总分配样本数: 28951
  w_locals: 2456.80 MB
  gradient: 2456.80 MB
Round 68, Test Accuracy: 58.939998626708984, Loss: 1.1329521579742432, Global training time: 0.05080559489055329

[INFO] Non-IID 总分配样本数: 19384
  w_locals: 2456.80 MB
  gradient: 2456.80 MB
Round 69, Test Accuracy: 58.380001068115234, Loss: 1.1524787252426147, Global training time: 0.05101806943966201

[INFO] Non-IID 总分配样本数: 29832
WARNING:root:[WARNING] 可供补充的样本不足，仅剩 2290，将启用重复采样
  w_locals: 2456.80 MB
  gradient: 2456.80 MB
Round 70, Test Accuracy: 59.290000915527344, Loss: 1.1251291973114013, Global training time: 0.05856860535227076

[WARNING] 请求样本数超过数据集，按比例缩放: 0.4594
[INFO] Non-IID 总分配样本数: 49935
  w_locals: 2456.80 MB
  gradient: 2456.80 MB
Round 71, Test Accuracy: 60.22999954223633, Loss: 1.1070662839889527, Global training time: 0.009992593161636152

[INFO] Non-IID 总分配样本数: 19666
  w_locals: 2456.80 MB
  gradient: 2456.80 MB
Round 72, Test Accuracy: 60.380001068115234, Loss: 1.1087052206993102, Global training time: 0.014937506745497292

[INFO] Non-IID 总分配样本数: 23756
  w_locals: 2456.80 MB
  gradient: 2456.80 MB
Round 73, Test Accuracy: 58.7599983215332, Loss: 1.134935648727417, Global training time: 0.016054125743624033

[INFO] Non-IID 总分配样本数: 28075
  w_locals: 2456.80 MB
  gradient: 2456.80 MB
Round 74, Test Accuracy: 59.68000030517578, Loss: 1.1177079372406007, Global training time: 0.05404055741619436

[INFO] Non-IID 总分配样本数: 25808
  w_locals: 2456.80 MB
  gradient: 2456.80 MB
Round 75, Test Accuracy: 59.38999938964844, Loss: 1.132403077316284, Global training time: 0.02690407351612166

[INFO] Non-IID 总分配样本数: 22449
  w_locals: 2456.80 MB
  gradient: 2456.80 MB
Round 76, Test Accuracy: 59.72999954223633, Loss: 1.1107529497146607, Global training time: 0.026504440070729357

[INFO] Non-IID 总分配样本数: 22610
  w_locals: 2456.80 MB
  gradient: 2456.80 MB
Round 77, Test Accuracy: 60.06999969482422, Loss: 1.104697080039978, Global training time: 0.04124309630504775

[INFO] Non-IID 总分配样本数: 22149
  w_locals: 2456.80 MB
  gradient: 2456.80 MB
Round 78, Test Accuracy: 60.810001373291016, Loss: 1.082095497608185, Global training time: 0.028203350205388097

[INFO] Non-IID 总分配样本数: 25281
  w_locals: 2456.80 MB
  gradient: 2456.80 MB
Round 79, Test Accuracy: 60.599998474121094, Loss: 1.075321154308319, Global training time: 0.027442263956416003

[INFO] Non-IID 总分配样本数: 22935
  w_locals: 2456.80 MB
  gradient: 2456.80 MB
Round 80, Test Accuracy: 62.060001373291016, Loss: 1.0570822067260741, Global training time: 0.029702065838454497

[WARNING] 请求样本数超过数据集，按比例缩放: 0.4157
[INFO] Non-IID 总分配样本数: 50000
  w_locals: 2456.80 MB
  gradient: 2456.80 MB
Round 81, Test Accuracy: 61.75, Loss: 1.067095285987854, Global training time: 0.009922284235778754

[INFO] Non-IID 总分配样本数: 30473
  w_locals: 2456.80 MB
  gradient: 2456.80 MB
Round 82, Test Accuracy: 60.939998626708984, Loss: 1.086868792629242, Global training time: 0.030415220655343106

[INFO] Non-IID 总分配样本数: 24188
  w_locals: 2456.80 MB
  gradient: 2456.80 MB
Round 83, Test Accuracy: 61.560001373291016, Loss: 1.0581101285934449, Global training time: 0.023405926364641554

[INFO] Non-IID 总分配样本数: 40078
  w_locals: 2456.80 MB
  gradient: 2456.80 MB
Round 84, Test Accuracy: 54.150001525878906, Loss: 1.2942039462089538, Global training time: 0.031503272451705776

[INFO] Non-IID 总分配样本数: 30203
  w_locals: 2456.80 MB
  gradient: 2456.80 MB
Round 85, Test Accuracy: 63.060001373291016, Loss: 1.0302741627693177, Global training time: 0.016237695886232712

[INFO] Non-IID 总分配样本数: 30834
  w_locals: 2456.80 MB
  gradient: 2456.80 MB
Round 86, Test Accuracy: 63.029998779296875, Loss: 1.0419283019065857, Global training time: 0.03782895324767606

[INFO] Non-IID 总分配样本数: 32816
  w_locals: 2456.80 MB
  gradient: 2456.80 MB
Round 87, Test Accuracy: 62.970001220703125, Loss: 1.0301507432937622, Global training time: 0.023931938233380957

[INFO] Non-IID 总分配样本数: 29687
  w_locals: 2456.80 MB
  gradient: 2456.80 MB
Round 88, Test Accuracy: 63.560001373291016, Loss: 1.0128565170288086, Global training time: 0.029341691318980064

[INFO] Non-IID 总分配样本数: 29487
  w_locals: 2456.80 MB
  gradient: 2456.80 MB
Round 89, Test Accuracy: 63.97999954223633, Loss: 1.0034090353012084, Global training time: 0.016717136293208628

[INFO] Non-IID 总分配样本数: 28882
WARNING:root:[WARNING] 可供补充的样本不足，仅剩 75，将启用重复采样
  w_locals: 2456.80 MB
  gradient: 2456.80 MB
Round 90, Test Accuracy: 63.84000015258789, Loss: 1.0247000972747802, Global training time: 0.015851440522354127

[WARNING] 请求样本数超过数据集，按比例缩放: 0.4558
[INFO] Non-IID 总分配样本数: 50007
  w_locals: 2456.80 MB
  gradient: 2456.80 MB
Round 91, Test Accuracy: 63.22999954223633, Loss: 1.0221979694366454, Global training time: 0.00817326990963194

[INFO] Non-IID 总分配样本数: 25876
  w_locals: 2456.80 MB
  gradient: 2456.80 MB
Round 92, Test Accuracy: 63.02000045776367, Loss: 1.0342512323379516, Global training time: 0.04342545535210021

[INFO] Non-IID 总分配样本数: 34579
  w_locals: 2456.80 MB
  gradient: 2456.80 MB
Round 93, Test Accuracy: 63.56999969482422, Loss: 1.0110254044532776, Global training time: 0.06304748041943338

[INFO] Non-IID 总分配样本数: 24246
  w_locals: 2456.80 MB
  gradient: 2456.80 MB
Round 94, Test Accuracy: 64.25, Loss: 1.0224943058013916, Global training time: 0.029115485936460416

[INFO] Non-IID 总分配样本数: 19041
  w_locals: 2456.80 MB
  gradient: 2456.80 MB
Round 95, Test Accuracy: 65.0999984741211, Loss: 0.9845928904533386, Global training time: 0.014800039242418215

[INFO] Non-IID 总分配样本数: 25899
  w_locals: 2456.80 MB
  gradient: 2456.80 MB
Round 96, Test Accuracy: 64.55999755859375, Loss: 0.9945353100776673, Global training time: 0.04149705668240392

[INFO] Non-IID 总分配样本数: 22388
  w_locals: 2456.80 MB
  gradient: 2456.80 MB
Round 97, Test Accuracy: 65.18000030517578, Loss: 0.9852069624900818, Global training time: 0.020444271783749867

[INFO] Non-IID 总分配样本数: 22020
  w_locals: 2456.80 MB
  gradient: 2456.80 MB
Round 98, Test Accuracy: 64.44000244140625, Loss: 0.9978185978889466, Global training time: 0.02380580523457453

[INFO] Non-IID 总分配样本数: 23613
  w_locals: 2456.80 MB
  gradient: 2456.80 MB
Round 99, Test Accuracy: 64.72000122070312, Loss: 0.9921712259292602, Global training time: 0.015347174519112028

[INFO] Non-IID 总分配样本数: 24799
  w_locals: 2456.80 MB
  gradient: 2456.80 MB
Round 100, Test Accuracy: 65.8499984741211, Loss: 0.9659777483940124, Global training time: 0.025269806959602254

成功保存数据pkl文件
OnlineFL已训练完成，最终结果： {'ais': 2, 'test_accuracies': [tensor(65.8500)], 'global_round_accuracies': [[tensor(10.), tensor(11.2400), tensor(10.0200), tensor(10.2700), tensor(10.), tensor(10.3300), tensor(13.5100), tensor(12.3600), tensor(18.5800), tensor(23.0100), tensor(22.8700), tensor(26.2700), tensor(27.5500), tensor(27.3300), tensor(27.8400), tensor(28.1400), tensor(30.3400), tensor(30.8200), tensor(33.0300), tensor(33.0700), tensor(33.4300), tensor(34.7700), tensor(35.9300), tensor(37.0400), tensor(38.3100), tensor(38.7300), tensor(37.3500), tensor(39.8200), tensor(42.2200), tensor(42.8300), tensor(41.4800), tensor(43.6800), tensor(44.0700), tensor(45.3300), tensor(44.5900), tensor(44.5000), tensor(46.5800), tensor(46.7900), tensor(46.7800), tensor(48.4300), tensor(47.6800), tensor(48.0800), tensor(48.8700), tensor(49.7300), tensor(50.), tensor(50.5700), tensor(51.0300), tensor(51.7200), tensor(51.8000), tensor(52.2100), tensor(52.8900), tensor(53.3800), tensor(50.4700), tensor(54.), tensor(54.4800), tensor(53.4700), tensor(55.5300), tensor(55.7100), tensor(56.3100), tensor(56.8000), tensor(55.7200), tensor(53.3400), tensor(56.7600), tensor(58.0700), tensor(57.6900), tensor(58.2700), tensor(56.5100), tensor(58.9400), tensor(58.3800), tensor(59.2900), tensor(60.2300), tensor(60.3800), tensor(58.7600), tensor(59.6800), tensor(59.3900), tensor(59.7300), tensor(60.0700), tensor(60.8100), tensor(60.6000), tensor(62.0600), tensor(61.7500), tensor(60.9400), tensor(61.5600), tensor(54.1500), tensor(63.0600), tensor(63.0300), tensor(62.9700), tensor(63.5600), tensor(63.9800), tensor(63.8400), tensor(63.2300), tensor(63.0200), tensor(63.5700), tensor(64.2500), tensor(65.1000), tensor(64.5600), tensor(65.1800), tensor(64.4400), tensor(64.7200), tensor(65.8500)]], 'global_round_times': [[np.float64(0.009479091860262126), np.float64(0.023217709690513184), np.float64(0.031261259241121414), np.float64(0.020374570599927255), np.float64(0.03546903494948051), np.float64(0.031712030657828655), np.float64(0.0335036658839722), np.float64(0.02461835196388316), np.float64(0.017162416537671255), np.float64(0.021027165299202236), np.float64(0.007511194724142198), np.float64(0.0416771255313484), np.float64(0.029708165081445307), np.float64(0.044537460610087155), np.float64(0.027738275418046864), np.float64(0.04538761660614108), np.float64(0.01873362690238501), np.float64(0.03894986511860107), np.float64(0.056663768413386495), np.float64(0.013463029750419101), np.float64(0.009170430715666365), np.float64(0.017244020543145742), np.float64(0.024136679227106307), np.float64(0.022530715764305126), np.float64(0.04416405727067448), np.float64(0.018265928285320362), np.float64(0.03122572771197912), np.float64(0.031201929911138883), np.float64(0.03997535923672906), np.float64(0.027297337447809787), np.float64(0.007686513437157922), np.float64(0.02070233609388046), np.float64(0.024627320416509602), np.float64(0.030940391298866422), np.float64(0.048803877577299266), np.float64(0.016055276108163673), np.float64(0.026564686545489536), np.float64(0.02229061290835913), np.float64(0.019626666489530504), np.float64(0.02012058614707461), np.float64(0.008199379614527215), np.float64(0.018083676949823626), np.float64(0.007996733160669511), np.float64(0.016495396274555506), np.float64(0.020721107439151745), np.float64(0.03677877677792367), np.float64(0.0253332493514806), np.float64(0.01948154883575664), np.float64(0.03112864249798469), np.float64(0.008600078984021497), np.float64(0.009679035636085527), np.float64(0.02297018679016674), np.float64(0.03644549469808212), np.float64(0.01731967604180805), np.float64(0.039009412294870635), np.float64(0.03385916740460673), np.float64(0.03444362702045101), np.float64(0.02646509233418448), np.float64(0.023996217623325752), np.float64(0.01973927168469436), np.float64(0.009946251391628748), np.float64(0.03045881506343121), np.float64(0.04040549268734729), np.float64(0.05028893458152227), np.float64(0.032700319337792334), np.float64(0.044344737442452035), np.float64(0.03463185667958286), np.float64(0.05080559489055329), np.float64(0.05101806943966201), np.float64(0.05856860535227076), np.float64(0.009992593161636152), np.float64(0.014937506745497292), np.float64(0.016054125743624033), np.float64(0.05404055741619436), np.float64(0.02690407351612166), np.float64(0.026504440070729357), np.float64(0.04124309630504775), np.float64(0.028203350205388097), np.float64(0.027442263956416003), np.float64(0.029702065838454497), np.float64(0.009922284235778754), np.float64(0.030415220655343106), np.float64(0.023405926364641554), np.float64(0.031503272451705776), np.float64(0.016237695886232712), np.float64(0.03782895324767606), np.float64(0.023931938233380957), np.float64(0.029341691318980064), np.float64(0.016717136293208628), np.float64(0.015851440522354127), np.float64(0.00817326990963194), np.float64(0.04342545535210021), np.float64(0.06304748041943338), np.float64(0.029115485936460416), np.float64(0.014800039242418215), np.float64(0.04149705668240392), np.float64(0.020444271783749867), np.float64(0.02380580523457453), np.float64(0.015347174519112028), np.float64(0.025269806959602254)]]}

Time Slot 5 Results:
  Selected Devices: [4, 14, 29, 40, 47]
  Total Offload Data: 0.0000
  Sample Device Computation F: [np.float64(72.43092839636374), np.float64(43.124255555488794), np.float64(70.85833758123958), np.float64(120.28530369882444), np.float64(147.7395913108063)]
  Sample Final Data Amounts: [np.float64(0.0), np.float64(0.0), np.float64(0.0), np.float64(0.0), np.float64(84.95141983590874)]

Time Slot 10 Results:
  Selected Devices: [4, 14, 29, 40, 47]
  Total Offload Data: 0.0000
  Sample Device Computation F: [np.float64(163.1699510520597), np.float64(36.36667942735024), np.float64(67.1761541609422), np.float64(260.4664018175096), np.float64(157.2757060813715)]
  Sample Final Data Amounts: [np.float64(0.0), np.float64(0.0), np.float64(0.0), np.float64(0.0), np.float64(53.67827630653243)]

Time Slot 15 Results:
  Selected Devices: [14, 20, 21, 26, 29]
  Total Offload Data: 0.0000
  Sample Device Computation F: [np.float64(181.0397563383447), np.float64(51.98316822495741), np.float64(33.40256729422279), np.float64(101.9767226484743), np.float64(90.01512970822141)]
  Sample Final Data Amounts: [np.float64(0.0), np.float64(0.0), np.float64(0.0), np.float64(0.0), np.float64(0.0)]

Time Slot 20 Results:
  Selected Devices: [14, 20, 21, 26, 29]
  Total Offload Data: 0.0000
  Sample Device Computation F: [np.float64(71.01199933340008), np.float64(35.777044062655186), np.float64(72.0486287154061), np.float64(210.11550790971077), np.float64(153.49221237801416)]
  Sample Final Data Amounts: [np.float64(0.0), np.float64(0.0), np.float64(0.0), np.float64(0.0), np.float64(0.0)]

Time Slot 25 Results:
  Selected Devices: [12, 18, 26, 38, 42]
  Total Offload Data: 0.0000
  Sample Device Computation F: [np.float64(134.50814538716918), np.float64(42.25733086514728), np.float64(49.184202785138055), np.float64(114.91122929326198), np.float64(124.16784402960184)]
  Sample Final Data Amounts: [np.float64(0.0), np.float64(0.0), np.float64(0.0), np.float64(0.0), np.float64(0.0)]

Time Slot 30 Results:
  Selected Devices: [12, 18, 26, 38, 42]
  Total Offload Data: 0.0000
  Sample Device Computation F: [np.float64(193.16678335603666), np.float64(44.11961415875542), np.float64(45.00560404581462), np.float64(173.636591014116), np.float64(78.43053497051638)]
  Sample Final Data Amounts: [np.float64(0.0), np.float64(0.0), np.float64(0.0), np.float64(0.0), np.float64(0.0)]

Time Slot 35 Results:
  Selected Devices: [3, 4, 19, 31, 42]
  Total Offload Data: 0.0000
  Sample Device Computation F: [np.float64(156.6368475980026), np.float64(46.19282170672403), np.float64(30.33331678269476), np.float64(115.16473765601712), np.float64(96.67633634950009)]
  Sample Final Data Amounts: [np.float64(0.0), np.float64(0.0), np.float64(0.0), np.float64(43.32838405414089), np.float64(94.17936417632724)]

Time Slot 40 Results:
  Selected Devices: [3, 4, 19, 31, 42]
  Total Offload Data: 0.0000
  Sample Device Computation F: [np.float64(117.18192276084595), np.float64(28.09458983908196), np.float64(61.516534582642834), np.float64(186.75184368112627), np.float64(66.78514049940657)]
  Sample Final Data Amounts: [np.float64(0.0), np.float64(0.0), np.float64(0.0), np.float64(45.563709035123104), np.float64(47.97444844801266)]

Time Slot 45 Results:
  Selected Devices: [3, 18, 26, 35, 46]
  Total Offload Data: 0.0000
  Sample Device Computation F: [np.float64(135.49540385793208), np.float64(27.652374711807227), np.float64(72.08304411191543), np.float64(262.5569013248089), np.float64(138.44437082267223)]
  Sample Final Data Amounts: [np.float64(0.0), np.float64(0.0), np.float64(0.0), np.float64(41.04910044155302), np.float64(0.0)]

Time Slot 50 Results:
  Selected Devices: [3, 18, 26, 35, 46]
  Total Offload Data: 0.0000
  Sample Device Computation F: [np.float64(163.40441234032107), np.float64(30.422039622890217), np.float64(46.97678728538321), np.float64(119.72014773692955), np.float64(156.42917621370313)]
  Sample Final Data Amounts: [np.float64(0.0), np.float64(0.0), np.float64(0.0), np.float64(58.568737505991784), np.float64(0.0)]

Time Slot 55 Results:
  Selected Devices: [14, 19, 40, 42, 43]
  Total Offload Data: 0.0000
  Sample Device Computation F: [np.float64(83.44041985502597), np.float64(49.4264073788433), np.float64(32.83272166251919), np.float64(193.02718230040637), np.float64(140.85744917900885)]
  Sample Final Data Amounts: [np.float64(0.0), np.float64(0.0), np.float64(0.0), np.float64(0.0), np.float64(0.0)]

Time Slot 60 Results:
  Selected Devices: [14, 19, 40, 42, 43]
  Total Offload Data: 0.0000
  Sample Device Computation F: [np.float64(198.22039509769417), np.float64(17.696030737663527), np.float64(60.68008366280356), np.float64(108.96160060337782), np.float64(96.66708351848828)]
  Sample Final Data Amounts: [np.float64(0.0), np.float64(0.0), np.float64(0.0), np.float64(0.0), np.float64(0.0)]

Time Slot 65 Results:
  Selected Devices: [18, 20, 23, 46, 47]
  Total Offload Data: 0.0000
  Sample Device Computation F: [np.float64(126.27832315257444), np.float64(35.00597408393769), np.float64(54.221204590319985), np.float64(269.5593015832771), np.float64(106.45985845670715)]
  Sample Final Data Amounts: [np.float64(0.0), np.float64(0.0), np.float64(0.0), np.float64(0.0), np.float64(0.0)]

Time Slot 70 Results:
  Selected Devices: [18, 20, 23, 46, 47]
  Total Offload Data: 19.7485
  Sample Device Computation F: [np.float64(188.17735077080866), np.float64(36.851761468737536), np.float64(32.933984027330126), np.float64(159.00769350205454), np.float64(67.28432327362249)]
  Sample Final Data Amounts: [np.float64(0.0), np.float64(0.0), np.float64(0.0), np.float64(0.0), np.float64(0.0)]

Time Slot 75 Results:
  Selected Devices: [3, 4, 19, 20, 40]
  Total Offload Data: 0.0000
  Sample Device Computation F: [np.float64(106.5095635929296), np.float64(48.919631903604625), np.float64(53.33646862155487), np.float64(227.2545325708839), np.float64(153.6703843712483)]
  Sample Final Data Amounts: [np.float64(0.0), np.float64(0.0), np.float64(0.0), np.float64(48.39615325265209), np.float64(103.15915099540696)]

Time Slot 80 Results:
  Selected Devices: [3, 4, 19, 20, 40]
  Total Offload Data: 0.0000
  Sample Device Computation F: [np.float64(118.12357444026802), np.float64(45.928693766776966), np.float64(67.89407180493102), np.float64(116.31847475378822), np.float64(138.9807418195671)]
  Sample Final Data Amounts: [np.float64(0.0), np.float64(0.0), np.float64(0.0), np.float64(56.299765848182155), np.float64(74.86679544382484)]

Time Slot 85 Results:
  Selected Devices: [7, 18, 19, 21, 26]
  Total Offload Data: 0.0000
  Sample Device Computation F: [np.float64(136.21916441452373), np.float64(17.582699914660783), np.float64(31.707333592640058), np.float64(226.87000615067123), np.float64(118.3858815689685)]
  Sample Final Data Amounts: [np.float64(0.0), np.float64(0.0), np.float64(0.0), np.float64(0.0), np.float64(0.0)]

Time Slot 90 Results:
  Selected Devices: [7, 18, 19, 21, 26]
  Total Offload Data: 0.0000
  Sample Device Computation F: [np.float64(116.33349809117763), np.float64(41.65099557699248), np.float64(65.93832452259366), np.float64(132.66738089618485), np.float64(143.2935922440669)]
  Sample Final Data Amounts: [np.float64(0.0), np.float64(0.0), np.float64(0.0), np.float64(0.0), np.float64(0.0)]

Time Slot 95 Results:
  Selected Devices: [4, 12, 17, 33, 40]
  Total Offload Data: 0.0000
  Sample Device Computation F: [np.float64(114.98098827661902), np.float64(47.470194863065956), np.float64(44.91210223967515), np.float64(229.49460653617885), np.float64(98.52378333126306)]
  Sample Final Data Amounts: [np.float64(0.0), np.float64(0.0), np.float64(0.0), np.float64(0.0), np.float64(98.52378333126306)]

Time Slot 100 Results:
  Selected Devices: [4, 12, 17, 33, 40]
  Total Offload Data: 0.0000
  Sample Device Computation F: [np.float64(88.3332751327795), np.float64(48.18630236154838), np.float64(38.81063438793997), np.float64(159.78221362035345), np.float64(72.65249654119928)]
  Sample Final Data Amounts: [np.float64(0.0), np.float64(0.0), np.float64(0.0), np.float64(0.0), np.float64(51.952432676317834)]

=== 仿真结果 (N=50) ===
平均吞吐量:
  提出的方法 (T=10): 357.1605WARNING:root:[WARNING] 可供补充的样本不足，仅剩 1865，将启用重复采样

  本地执行: 218.6793
  静态编排: 167.1393
  提出的方法 (T1=20): 317.9881
step1 获取到100个时隙的工作节点以及实际训练量
目标准确率：55.0，目标epoch：100
non-iid
[WARNING] 请求样本数超过数据集，按比例缩放: 0.6767
[INFO] Non-IID 总分配样本数: 49946
  w_locals: 2456.80 MB
  gradient: 2456.80 MB
Round 1, Test Accuracy: 11.25, Loss: 2.3012924530029295, Global training time: 0.027414008701823103

[INFO] Non-IID 总分配样本数: 26297
  w_locals: 2456.80 MB
  gradient: 2456.80 MB
Round 2, Test Accuracy: 10.0, Loss: 2.2983865798950194, Global training time: 0.035133250190650826

[INFO] Non-IID 总分配样本数: 22862
  w_locals: 2456.80 MB
  gradient: 2456.80 MB
Round 3, Test Accuracy: 10.0, Loss: 2.2960607982635497, Global training time: 0.0385842554675924

[INFO] Non-IID 总分配样本数: 24660
  w_locals: 2456.80 MB
  gradient: 2456.80 MB
Round 4, Test Accuracy: 10.010000228881836, Loss: 2.2938173412323, Global training time: 0.026387636268643697

[INFO] Non-IID 总分配样本数: 29933
  w_locals: 2456.80 MB
  gradient: 2456.80 MB
Round 5, Test Accuracy: 13.0600004196167, Loss: 2.290399750137329, Global training time: 0.03923874994019023

[INFO] Non-IID 总分配样本数: 28601
  w_locals: 2456.80 MB
  gradient: 2456.80 MB
Round 6, Test Accuracy: 12.289999961853027, Loss: 2.2844365783691405, Global training time: 0.042539950042585574

[INFO] Non-IID 总分配样本数: 27923
  w_locals: 2456.80 MB
  gradient: 2456.80 MB
Round 7, Test Accuracy: 10.0, Loss: 2.2755149337768557, Global training time: 0.046317248472424445

[INFO] Non-IID 总分配样本数: 32266
  w_locals: 2456.80 MB
  gradient: 2456.80 MB
Round 8, Test Accuracy: 16.6200008392334, Loss: 2.249477061843872, Global training time: 0.04826438761808849

[INFO] Non-IID 总分配样本数: 26864
  w_locals: 2456.80 MB
  gradient: 2456.80 MB
Round 9, Test Accuracy: 25.020000457763672, Loss: 2.201615612030029, Global training time: 0.038357781703322165

[INFO] Non-IID 总分配样本数: 24213
WARNING:root:[WARNING] 可供补充的样本不足，仅剩 2376，将启用重复采样
  w_locals: 2456.80 MB
  gradient: 2456.80 MB
Round 10, Test Accuracy: 23.360000610351562, Loss: 2.1245846492767333, Global training time: 0.030805754321463593

[WARNING] 请求样本数超过数据集，按比例缩放: 0.5965
[INFO] Non-IID 总分配样本数: 49927
  w_locals: 2456.80 MB
  gradient: 2456.80 MB
Round 11, Test Accuracy: 22.690000534057617, Loss: 2.0682488792419433, Global training time: 0.02099023521309401

[INFO] Non-IID 总分配样本数: 25117
  w_locals: 2456.80 MB
  gradient: 2456.80 MB
Round 12, Test Accuracy: 25.809999465942383, Loss: 2.006808416366577, Global training time: 0.05969047360641438

[INFO] Non-IID 总分配样本数: 27204
  w_locals: 2456.80 MB
  gradient: 2456.80 MB
Round 13, Test Accuracy: 27.329999923706055, Loss: 1.9696386148452758, Global training time: 0.04529675725653895

[INFO] Non-IID 总分配样本数: 23478
  w_locals: 2456.80 MB
  gradient: 2456.80 MB
Round 14, Test Accuracy: 28.360000610351562, Loss: 1.9481030767440797, Global training time: 0.022087053322203884

[INFO] Non-IID 总分配样本数: 29184
  w_locals: 2456.80 MB
  gradient: 2456.80 MB
Round 15, Test Accuracy: 30.700000762939453, Loss: 1.897828960609436, Global training time: 0.033744075081812125

[INFO] Non-IID 总分配样本数: 30701
  w_locals: 2456.80 MB
  gradient: 2456.80 MB
Round 16, Test Accuracy: 31.90999984741211, Loss: 1.852000569152832, Global training time: 0.04687721409685326

[INFO] Non-IID 总分配样本数: 21509
  w_locals: 2456.80 MB
  gradient: 2456.80 MB
Round 17, Test Accuracy: 32.75, Loss: 1.828160249710083, Global training time: 0.047324481577957066

[INFO] Non-IID 总分配样本数: 28410
  w_locals: 2456.80 MB
  gradient: 2456.80 MB
Round 18, Test Accuracy: 34.11000061035156, Loss: 1.7952889318466188, Global training time: 0.03488046874251108

[INFO] Non-IID 总分配样本数: 28982
  w_locals: 2456.80 MB
  gradient: 2456.80 MB
Round 19, Test Accuracy: 35.0, Loss: 1.7462054218292236, Global training time: 0.06566047858773198

[INFO] Non-IID 总分配样本数: 26911
WARNING:root:[WARNING] 可供补充的样本不足，仅剩 764，将启用重复采样
  w_locals: 2456.80 MB
  gradient: 2456.80 MB
Round 20, Test Accuracy: 36.06999969482422, Loss: 1.718986192703247, Global training time: 0.04922860202982096

[WARNING] 请求样本数超过数据集，按比例缩放: 0.6960
[INFO] Non-IID 总分配样本数: 50004
  w_locals: 2456.80 MB
  gradient: 2456.80 MB
Round 21, Test Accuracy: 33.27000045776367, Loss: 1.761250249862671, Global training time: 0.021612734117141468

[INFO] Non-IID 总分配样本数: 20102
  w_locals: 2456.80 MB
  gradient: 2456.80 MB
Round 22, Test Accuracy: 37.130001068115234, Loss: 1.6731868824005127, Global training time: 0.03140949273966761

[INFO] Non-IID 总分配样本数: 22794
  w_locals: 2456.80 MB
  gradient: 2456.80 MB
Round 23, Test Accuracy: 37.689998626708984, Loss: 1.648137607574463, Global training time: 0.02760851482107836

[INFO] Non-IID 总分配样本数: 26424
  w_locals: 2456.80 MB
  gradient: 2456.80 MB
Round 24, Test Accuracy: 39.0099983215332, Loss: 1.6193951231002808, Global training time: 0.029110747476094254

[INFO] Non-IID 总分配样本数: 21847
  w_locals: 2456.80 MB
  gradient: 2456.80 MB
Round 25, Test Accuracy: 39.16999816894531, Loss: 1.6190773992538452, Global training time: 0.04104298425825552

[INFO] Non-IID 总分配样本数: 29942
  w_locals: 2456.80 MB
  gradient: 2456.80 MB
Round 26, Test Accuracy: 39.599998474121094, Loss: 1.5830346687316894, Global training time: 0.044775391291269145

[INFO] Non-IID 总分配样本数: 25897
  w_locals: 2456.80 MB
  gradient: 2456.80 MB
Round 27, Test Accuracy: 40.45000076293945, Loss: 1.5794748670578003, Global training time: 0.03801819914162457

[INFO] Non-IID 总分配样本数: 24672
  w_locals: 2456.80 MB
  gradient: 2456.80 MB
Round 28, Test Accuracy: 39.66999816894531, Loss: 1.6111916397094728, Global training time: 0.04876096543452758

[INFO] Non-IID 总分配样本数: 24921
  w_locals: 2456.80 MB
  gradient: 2456.80 MB
Round 29, Test Accuracy: 41.79999923706055, Loss: 1.5401175798416138, Global training time: 0.046921243803727634

[INFO] Non-IID 总分配样本数: 23887
WARNING:root:[WARNING] 可供补充的样本不足，仅剩 1586，将启用重复采样
  w_locals: 2456.80 MB
  gradient: 2456.80 MB
Round 30, Test Accuracy: 39.0, Loss: 1.63230315284729, Global training time: 0.04127660891050061

[WARNING] 请求样本数超过数据集，按比例缩放: 0.6379
[INFO] Non-IID 总分配样本数: 49952
  w_locals: 2456.80 MB
  gradient: 2456.80 MB
Round 31, Test Accuracy: 42.380001068115234, Loss: 1.5264900955200196, Global training time: 0.016591340728030195

[INFO] Non-IID 总分配样本数: 30492
  w_locals: 2456.80 MB
  gradient: 2456.80 MB
Round 32, Test Accuracy: 41.91999816894531, Loss: 1.5413163373947143, Global training time: 0.05621728498461193

[INFO] Non-IID 总分配样本数: 21062
  w_locals: 2456.80 MB
  gradient: 2456.80 MB
Round 33, Test Accuracy: 44.060001373291016, Loss: 1.4922779483795166, Global training time: 0.026728112843297312

[INFO] Non-IID 总分配样本数: 24971
  w_locals: 2456.80 MB
  gradient: 2456.80 MB
Round 34, Test Accuracy: 43.790000915527344, Loss: 1.518378670310974, Global training time: 0.042007172829609765

[INFO] Non-IID 总分配样本数: 24786
  w_locals: 2456.80 MB
  gradient: 2456.80 MB
Round 35, Test Accuracy: 44.459999084472656, Loss: 1.491625323677063, Global training time: 0.05456224656618322

[INFO] Non-IID 总分配样本数: 17092
  w_locals: 2456.80 MB
  gradient: 2456.80 MB
Round 36, Test Accuracy: 45.220001220703125, Loss: 1.4738471363067627, Global training time: 0.01666481850689148

[INFO] Non-IID 总分配样本数: 19841
  w_locals: 2456.80 MB
  gradient: 2456.80 MB
Round 37, Test Accuracy: 45.86000061035156, Loss: 1.4608612613677978, Global training time: 0.03897960242775706

[INFO] Non-IID 总分配样本数: 30543
  w_locals: 2456.80 MB
  gradient: 2456.80 MB
Round 38, Test Accuracy: 46.40999984741211, Loss: 1.44292545337677, Global training time: 0.036867461091987797

[INFO] Non-IID 总分配样本数: 21430
  w_locals: 2456.80 MB
  gradient: 2456.80 MB
Round 39, Test Accuracy: 45.650001525878906, Loss: 1.4549748041152955, Global training time: 0.02398403136185432

[INFO] Non-IID 总分配样本数: 18442
WARNING:root:[WARNING] 可供补充的样本不足，仅剩 1387，将启用重复采样
  w_locals: 2456.80 MB
  gradient: 2456.80 MB
Round 40, Test Accuracy: 46.5099983215332, Loss: 1.432403583908081, Global training time: 0.03596331734920899

[WARNING] 请求样本数超过数据集，按比例缩放: 0.6301
[INFO] Non-IID 总分配样本数: 49984
  w_locals: 2456.80 MB
  gradient: 2456.80 MB
Round 41, Test Accuracy: 47.22999954223633, Loss: 1.4187676681518555, Global training time: 0.016506121744230676

[INFO] Non-IID 总分配样本数: 26970
  w_locals: 2456.80 MB
  gradient: 2456.80 MB
Round 42, Test Accuracy: 48.2599983215332, Loss: 1.4108055292129518, Global training time: 0.03719910625730223

[INFO] Non-IID 总分配样本数: 16402
  w_locals: 2456.80 MB
  gradient: 2456.80 MB
Round 43, Test Accuracy: 47.709999084472656, Loss: 1.4058738761901854, Global training time: 0.02282712864420148

[INFO] Non-IID 总分配样本数: 26440
  w_locals: 2456.80 MB
  gradient: 2456.80 MB
Round 44, Test Accuracy: 48.83000183105469, Loss: 1.3897999856948853, Global training time: 0.033223770361426645

[INFO] Non-IID 总分配样本数: 19531
  w_locals: 2456.80 MB
  gradient: 2456.80 MB
Round 45, Test Accuracy: 49.38999938964844, Loss: 1.3735525281906127, Global training time: 0.04113692334982696

[INFO] Non-IID 总分配样本数: 17944
  w_locals: 2456.80 MB
  gradient: 2456.80 MB
Round 46, Test Accuracy: 49.599998474121094, Loss: 1.3755598962783813, Global training time: 0.02690151658812246

[INFO] Non-IID 总分配样本数: 28788
  w_locals: 2456.80 MB
  gradient: 2456.80 MB
Round 47, Test Accuracy: 48.41999816894531, Loss: 1.3946446266174317, Global training time: 0.04731940331016156

[INFO] Non-IID 总分配样本数: 25227
  w_locals: 2456.80 MB
  gradient: 2456.80 MB
Round 48, Test Accuracy: 49.47999954223633, Loss: 1.374133055496216, Global training time: 0.02239934221857418

[INFO] Non-IID 总分配样本数: 24704
  w_locals: 2456.80 MB
  gradient: 2456.80 MB
Round 49, Test Accuracy: 50.189998626708984, Loss: 1.3584897212982179, Global training time: 0.04489670537808989

[INFO] Non-IID 总分配样本数: 22965
WARNING:root:[WARNING] 可供补充的样本不足，仅剩 1749，将启用重复采样
  w_locals: 2456.80 MB
  gradient: 2456.80 MB
Round 50, Test Accuracy: 47.84000015258789, Loss: 1.4626315948486328, Global training time: 0.03207118813997698

[WARNING] 请求样本数超过数据集，按比例缩放: 0.6740
[INFO] Non-IID 总分配样本数: 49938
  w_locals: 2456.80 MB
  gradient: 2456.80 MB
Round 51, Test Accuracy: 50.81999969482422, Loss: 1.3440197114944459, Global training time: 0.026591539249212228

[INFO] Non-IID 总分配样本数: 29125
  w_locals: 2456.80 MB
  gradient: 2456.80 MB
Round 52, Test Accuracy: 51.310001373291016, Loss: 1.335982279777527, Global training time: 0.04465891815753413

[INFO] Non-IID 总分配样本数: 26363
  w_locals: 2456.80 MB
  gradient: 2456.80 MB
Round 53, Test Accuracy: 52.34000015258789, Loss: 1.299573680496216, Global training time: 0.06179846620436364

[INFO] Non-IID 总分配样本数: 23374
  w_locals: 2456.80 MB
  gradient: 2456.80 MB
Round 54, Test Accuracy: 50.939998626708984, Loss: 1.3300966314315796, Global training time: 0.05357363821085769

[INFO] Non-IID 总分配样本数: 20367
  w_locals: 2456.80 MB
  gradient: 2456.80 MB
Round 55, Test Accuracy: 52.93000030517578, Loss: 1.285529981803894, Global training time: 0.03054390389588299

[INFO] Non-IID 总分配样本数: 22718
  w_locals: 2456.80 MB
  gradient: 2456.80 MB
Round 56, Test Accuracy: 53.099998474121094, Loss: 1.2831458671569824, Global training time: 0.022526601978508014

[INFO] Non-IID 总分配样本数: 26862
  w_locals: 2456.80 MB
  gradient: 2456.80 MB
Round 57, Test Accuracy: 53.72999954223633, Loss: 1.2659352149963379, Global training time: 0.034960445154558456

[INFO] Non-IID 总分配样本数: 30153
  w_locals: 2456.80 MB
  gradient: 2456.80 MB
Round 58, Test Accuracy: 54.09000015258789, Loss: 1.2563718151092529, Global training time: 0.043892934398460134

[INFO] Non-IID 总分配样本数: 29939
  w_locals: 2456.80 MB
  gradient: 2456.80 MB
Round 59, Test Accuracy: 50.689998626708984, Loss: 1.371336830329895, Global training time: 0.06631659083893196

[INFO] Non-IID 总分配样本数: 22848
WARNING:root:[WARNING] 可供补充的样本不足，仅剩 2640，将启用重复采样
  w_locals: 2456.80 MB
  gradient: 2456.80 MB
Round 60, Test Accuracy: 54.54999923706055, Loss: 1.259967791748047, Global training time: 0.03322765188849446

[WARNING] 请求样本数超过数据集，按比例缩放: 0.7025
[INFO] Non-IID 总分配样本数: 49919
  w_locals: 2456.80 MB
  gradient: 2456.80 MB
Round 61, Test Accuracy: 55.45000076293945, Loss: 1.2349942375183105, Global training time: 0.01946782614806426

[INFO] Non-IID 总分配样本数: 16883
  w_locals: 2456.80 MB
  gradient: 2456.80 MB
Round 62, Test Accuracy: 55.130001068115234, Loss: 1.2239037078857422, Global training time: 0.03116739379011384

[INFO] Non-IID 总分配样本数: 24835
  w_locals: 2456.80 MB
  gradient: 2456.80 MB
Round 63, Test Accuracy: 50.52000045776367, Loss: 1.378657609939575, Global training time: 0.05247410538417623

[INFO] Non-IID 总分配样本数: 23607
  w_locals: 2456.80 MB
  gradient: 2456.80 MB
Round 64, Test Accuracy: 55.47999954223633, Loss: 1.2223206493377685, Global training time: 0.033445494636511156

[INFO] Non-IID 总分配样本数: 23057
  w_locals: 2456.80 MB
  gradient: 2456.80 MB
Round 65, Test Accuracy: 55.779998779296875, Loss: 1.2187490064620972, Global training time: 0.03237688111579124

[INFO] Non-IID 总分配样本数: 14337
  w_locals: 2456.80 MB
  gradient: 2456.80 MB
Round 66, Test Accuracy: 55.72999954223633, Loss: 1.2179400854110718, Global training time: 0.030101560522546575

[INFO] Non-IID 总分配样本数: 19317
  w_locals: 2456.80 MB
  gradient: 2456.80 MB
Round 67, Test Accuracy: 56.529998779296875, Loss: 1.2031300365447999, Global training time: 0.04713188620786993

[INFO] Non-IID 总分配样本数: 24881
  w_locals: 2456.80 MB
  gradient: 2456.80 MB
Round 68, Test Accuracy: 55.34000015258789, Loss: 1.2304514406204223, Global training time: 0.06132093022872704

[INFO] Non-IID 总分配样本数: 25498
  w_locals: 2456.80 MB
  gradient: 2456.80 MB
Round 69, Test Accuracy: 55.83000183105469, Loss: 1.211351594543457, Global training time: 0.05169795850271072

[INFO] Non-IID 总分配样本数: 21189
WARNING:root:[WARNING] 可供补充的样本不足，仅剩 3199，将启用重复采样
  w_locals: 2456.80 MB
  gradient: 2456.80 MB
Round 70, Test Accuracy: 57.63999938964844, Loss: 1.1760847263336183, Global training time: 0.04049355823569694

[WARNING] 请求样本数超过数据集，按比例缩放: 0.6714
[INFO] Non-IID 总分配样本数: 49838
  w_locals: 2456.80 MB
  gradient: 2456.80 MB
Round 71, Test Accuracy: 55.56999969482422, Loss: 1.2364398761749267, Global training time: 0.03003837936445551

[INFO] Non-IID 总分配样本数: 26377
  w_locals: 2456.80 MB
  gradient: 2456.80 MB
Round 72, Test Accuracy: 58.779998779296875, Loss: 1.1470365203857422, Global training time: 0.028768448763226172

[INFO] Non-IID 总分配样本数: 20219
  w_locals: 2456.80 MB
  gradient: 2456.80 MB
Round 73, Test Accuracy: 56.63999938964844, Loss: 1.2101461062431336, Global training time: 0.06061630062269643

[INFO] Non-IID 总分配样本数: 30548
  w_locals: 2456.80 MB
  gradient: 2456.80 MB
Round 74, Test Accuracy: 57.79999923706055, Loss: 1.1642536256790161, Global training time: 0.03525841225453906

[INFO] Non-IID 总分配样本数: 27159
  w_locals: 2456.80 MB
  gradient: 2456.80 MB
Round 75, Test Accuracy: 56.43000030517578, Loss: 1.191697561454773, Global training time: 0.034776446790609004

[INFO] Non-IID 总分配样本数: 29132
  w_locals: 2456.80 MB
  gradient: 2456.80 MB
Round 76, Test Accuracy: 59.02000045776367, Loss: 1.1383351981163026, Global training time: 0.045163380729761934

[INFO] Non-IID 总分配样本数: 23227
  w_locals: 2456.80 MB
  gradient: 2456.80 MB
Round 77, Test Accuracy: 58.939998626708984, Loss: 1.1465505590438843, Global training time: 0.03436065636094136

[INFO] Non-IID 总分配样本数: 29917
  w_locals: 2456.80 MB
  gradient: 2456.80 MB
Round 78, Test Accuracy: 59.459999084472656, Loss: 1.1311484582901001, Global training time: 0.05832985554233947

[INFO] Non-IID 总分配样本数: 28953
  w_locals: 2456.80 MB
  gradient: 2456.80 MB
Round 79, Test Accuracy: 60.59000015258789, Loss: 1.0963763110160827, Global training time: 0.02558733695950095

[INFO] Non-IID 总分配样本数: 26935
WARNING:root:[WARNING] 可供补充的样本不足，仅剩 2406，将启用重复采样
  w_locals: 2456.80 MB
  gradient: 2456.80 MB
Round 80, Test Accuracy: 58.40999984741211, Loss: 1.178258345413208, Global training time: 0.03350919374657695

[WARNING] 请求样本数超过数据集，按比例缩放: 0.6466
[INFO] Non-IID 总分配样本数: 49944
  w_locals: 2456.80 MB
  gradient: 2456.80 MB
Round 81, Test Accuracy: 61.349998474121094, Loss: 1.0833637174606323, Global training time: 0.020415378834601008

[INFO] Non-IID 总分配样本数: 31722
  w_locals: 2456.80 MB
  gradient: 2456.80 MB
Round 82, Test Accuracy: 60.27000045776367, Loss: 1.0969768600463867, Global training time: 0.06591710464574482

[INFO] Non-IID 总分配样本数: 27655
  w_locals: 2456.80 MB
  gradient: 2456.80 MB
Round 83, Test Accuracy: 60.97999954223633, Loss: 1.0767914426803589, Global training time: 0.02981240398922742

[INFO] Non-IID 总分配样本数: 31202
  w_locals: 2456.80 MB
  gradient: 2456.80 MB
Round 84, Test Accuracy: 62.02000045776367, Loss: 1.0610412326812744, Global training time: 0.0343649767090637

[INFO] Non-IID 总分配样本数: 27106
  w_locals: 2456.80 MB
  gradient: 2456.80 MB
Round 85, Test Accuracy: 59.68000030517578, Loss: 1.1229761978149415, Global training time: 0.03509866217791049

[INFO] Non-IID 总分配样本数: 36050
  w_locals: 2456.80 MB
  gradient: 2456.80 MB
Round 86, Test Accuracy: 62.380001068115234, Loss: 1.0555143585205078, Global training time: 0.04876472832420117

[INFO] Non-IID 总分配样本数: 30844
  w_locals: 2456.80 MB
  gradient: 2456.80 MB
Round 87, Test Accuracy: 62.43000030517578, Loss: 1.0531889756202697, Global training time: 0.044974425970436924

[INFO] Non-IID 总分配样本数: 30981
  w_locals: 2456.80 MB
  gradient: 2456.80 MB
Round 88, Test Accuracy: 62.54999923706055, Loss: 1.0549442434310914, Global training time: 0.03283383114109071

[INFO] Non-IID 总分配样本数: 32618
  w_locals: 2456.80 MB
  gradient: 2456.80 MB
Round 89, Test Accuracy: 63.27000045776367, Loss: 1.0280190196990966, Global training time: 0.036009695430407426

[INFO] Non-IID 总分配样本数: 28435
WARNING:root:[WARNING] 可供补充的样本不足，仅剩 554，将启用重复采样
  w_locals: 2456.80 MB
  gradient: 2456.80 MB
Round 90, Test Accuracy: 63.7599983215332, Loss: 1.0262341915130615, Global training time: 0.03995071977356237

[WARNING] 请求样本数超过数据集，按比例缩放: 0.7405
[INFO] Non-IID 总分配样本数: 50006
  w_locals: 2456.80 MB
  gradient: 2456.80 MB
Round 91, Test Accuracy: 63.79999923706055, Loss: 1.020589023208618, Global training time: 0.02106930481108161

[INFO] Non-IID 总分配样本数: 20225
  w_locals: 2456.80 MB
  gradient: 2456.80 MB
Round 92, Test Accuracy: 63.25, Loss: 1.023058423805237, Global training time: 0.029644615305880386

[INFO] Non-IID 总分配样本数: 29653
  w_locals: 2456.80 MB
  gradient: 2456.80 MB
Round 93, Test Accuracy: 65.31999969482422, Loss: 0.9949451827049255, Global training time: 0.06526792490961851

[INFO] Non-IID 总分配样本数: 28577
  w_locals: 2456.80 MB
  gradient: 2456.80 MB
Round 94, Test Accuracy: 64.13999938964844, Loss: 1.0064257620811463, Global training time: 0.028021752272198275

[INFO] Non-IID 总分配样本数: 27234
  w_locals: 2456.80 MB
  gradient: 2456.80 MB
Round 95, Test Accuracy: 64.91000366210938, Loss: 0.9991238646507263, Global training time: 0.07143718341148728

[INFO] Non-IID 总分配样本数: 23351
  w_locals: 2456.80 MB
  gradient: 2456.80 MB
Round 96, Test Accuracy: 65.30999755859375, Loss: 0.983987327671051, Global training time: 0.03116975668556157

[INFO] Non-IID 总分配样本数: 21552
  w_locals: 2456.80 MB
  gradient: 2456.80 MB
Round 97, Test Accuracy: 65.55000305175781, Loss: 0.9832988121986389, Global training time: 0.04817645037920207

[INFO] Non-IID 总分配样本数: 27728
  w_locals: 2456.80 MB
  gradient: 2456.80 MB
Round 98, Test Accuracy: 65.8499984741211, Loss: 0.9791776747703552, Global training time: 0.03123730372707228

[INFO] Non-IID 总分配样本数: 24089
  w_locals: 2456.80 MB
  gradient: 2456.80 MB
Round 99, Test Accuracy: 65.04000091552734, Loss: 1.0055496530532837, Global training time: 0.042011288449837744

[INFO] Non-IID 总分配样本数: 25089
  w_locals: 2456.80 MB
  gradient: 2456.80 MB
Round 100, Test Accuracy: 65.76000213623047, Loss: 0.9810676965713501, Global training time: 0.03242078862315441

成功保存数据pkl文件
OnlineFL已训练完成，最终结果： {'ais': 2, 'test_accuracies': [tensor(65.7600)], 'global_round_accuracies': [[tensor(11.2500), tensor(10.), tensor(10.), tensor(10.0100), tensor(13.0600), tensor(12.2900), tensor(10.), tensor(16.6200), tensor(25.0200), tensor(23.3600), tensor(22.6900), tensor(25.8100), tensor(27.3300), tensor(28.3600), tensor(30.7000), tensor(31.9100), tensor(32.7500), tensor(34.1100), tensor(35.), tensor(36.0700), tensor(33.2700), tensor(37.1300), tensor(37.6900), tensor(39.0100), tensor(39.1700), tensor(39.6000), tensor(40.4500), tensor(39.6700), tensor(41.8000), tensor(39.), tensor(42.3800), tensor(41.9200), tensor(44.0600), tensor(43.7900), tensor(44.4600), tensor(45.2200), tensor(45.8600), tensor(46.4100), tensor(45.6500), tensor(46.5100), tensor(47.2300), tensor(48.2600), tensor(47.7100), tensor(48.8300), tensor(49.3900), tensor(49.6000), tensor(48.4200), tensor(49.4800), tensor(50.1900), tensor(47.8400), tensor(50.8200), tensor(51.3100), tensor(52.3400), tensor(50.9400), tensor(52.9300), tensor(53.1000), tensor(53.7300), tensor(54.0900), tensor(50.6900), tensor(54.5500), tensor(55.4500), tensor(55.1300), tensor(50.5200), tensor(55.4800), tensor(55.7800), tensor(55.7300), tensor(56.5300), tensor(55.3400), tensor(55.8300), tensor(57.6400), tensor(55.5700), tensor(58.7800), tensor(56.6400), tensor(57.8000), tensor(56.4300), tensor(59.0200), tensor(58.9400), tensor(59.4600), tensor(60.5900), tensor(58.4100), tensor(61.3500), tensor(60.2700), tensor(60.9800), tensor(62.0200), tensor(59.6800), tensor(62.3800), tensor(62.4300), tensor(62.5500), tensor(63.2700), tensor(63.7600), tensor(63.8000), tensor(63.2500), tensor(65.3200), tensor(64.1400), tensor(64.9100), tensor(65.3100), tensor(65.5500), tensor(65.8500), tensor(65.0400), tensor(65.7600)]], 'global_round_times': [[np.float64(0.027414008701823103), np.float64(0.035133250190650826), np.float64(0.0385842554675924), np.float64(0.026387636268643697), np.float64(0.03923874994019023), np.float64(0.042539950042585574), np.float64(0.046317248472424445), np.float64(0.04826438761808849), np.float64(0.038357781703322165), np.float64(0.030805754321463593), np.float64(0.02099023521309401), np.float64(0.05969047360641438), np.float64(0.04529675725653895), np.float64(0.022087053322203884), np.float64(0.033744075081812125), np.float64(0.04687721409685326), np.float64(0.047324481577957066), np.float64(0.03488046874251108), np.float64(0.06566047858773198), np.float64(0.04922860202982096), np.float64(0.021612734117141468), np.float64(0.03140949273966761), np.float64(0.02760851482107836), np.float64(0.029110747476094254), np.float64(0.04104298425825552), np.float64(0.044775391291269145), np.float64(0.03801819914162457), np.float64(0.04876096543452758), np.float64(0.046921243803727634), np.float64(0.04127660891050061), np.float64(0.016591340728030195), np.float64(0.05621728498461193), np.float64(0.026728112843297312), np.float64(0.042007172829609765), np.float64(0.05456224656618322), np.float64(0.01666481850689148), np.float64(0.03897960242775706), np.float64(0.036867461091987797), np.float64(0.02398403136185432), np.float64(0.03596331734920899), np.float64(0.016506121744230676), np.float64(0.03719910625730223), np.float64(0.02282712864420148), np.float64(0.033223770361426645), np.float64(0.04113692334982696), np.float64(0.02690151658812246), np.float64(0.04731940331016156), np.float64(0.02239934221857418), np.float64(0.04489670537808989), np.float64(0.03207118813997698), np.float64(0.026591539249212228), np.float64(0.04465891815753413), np.float64(0.06179846620436364), np.float64(0.05357363821085769), np.float64(0.03054390389588299), np.float64(0.022526601978508014), np.float64(0.034960445154558456), np.float64(0.043892934398460134), np.float64(0.06631659083893196), np.float64(0.03322765188849446), np.float64(0.01946782614806426), np.float64(0.03116739379011384), np.float64(0.05247410538417623), np.float64(0.033445494636511156), np.float64(0.03237688111579124), np.float64(0.030101560522546575), np.float64(0.04713188620786993), np.float64(0.06132093022872704), np.float64(0.05169795850271072), np.float64(0.04049355823569694), np.float64(0.03003837936445551), np.float64(0.028768448763226172), np.float64(0.06061630062269643), np.float64(0.03525841225453906), np.float64(0.034776446790609004), np.float64(0.045163380729761934), np.float64(0.03436065636094136), np.float64(0.05832985554233947), np.float64(0.02558733695950095), np.float64(0.03350919374657695), np.float64(0.020415378834601008), np.float64(0.06591710464574482), np.float64(0.02981240398922742), np.float64(0.0343649767090637), np.float64(0.03509866217791049), np.float64(0.04876472832420117), np.float64(0.044974425970436924), np.float64(0.03283383114109071), np.float64(0.036009695430407426), np.float64(0.03995071977356237), np.float64(0.02106930481108161), np.float64(0.029644615305880386), np.float64(0.06526792490961851), np.float64(0.028021752272198275), np.float64(0.07143718341148728), np.float64(0.03116975668556157), np.float64(0.04817645037920207), np.float64(0.03123730372707228), np.float64(0.042011288449837744), np.float64(0.03242078862315441)]]}

Time Slot 5 Results:
  Selected Devices: [4, 14, 29, 40, 47]
  Total Offload Data: 0.0000
  Sample Device Computation F: [np.float64(72.43092839636374), np.float64(43.124255555488794), np.float64(70.85833758123958), np.float64(120.28530369882444), np.float64(147.7395913108063)]
  Sample Final Data Amounts: [np.float64(0.0), np.float64(0.0), np.float64(0.0), np.float64(0.0), np.float64(84.95141983590874)]

Time Slot 10 Results:
  Selected Devices: [4, 14, 29, 40, 47]
  Total Offload Data: 0.0000
  Sample Device Computation F: [np.float64(163.1699510520597), np.float64(36.36667942735024), np.float64(67.1761541609422), np.float64(260.4664018175096), np.float64(157.2757060813715)]
  Sample Final Data Amounts: [np.float64(0.0), np.float64(0.0), np.float64(0.0), np.float64(0.0), np.float64(53.67827630653243)]

Time Slot 15 Results:
  Selected Devices: [14, 20, 21, 26, 29]
  Total Offload Data: 0.0000
  Sample Device Computation F: [np.float64(181.0397563383447), np.float64(51.98316822495741), np.float64(33.40256729422279), np.float64(101.9767226484743), np.float64(90.01512970822141)]
  Sample Final Data Amounts: [np.float64(0.0), np.float64(0.0), np.float64(0.0), np.float64(0.0), np.float64(0.0)]

Time Slot 20 Results:
  Selected Devices: [14, 20, 21, 26, 29]
  Total Offload Data: 0.0000
  Sample Device Computation F: [np.float64(71.01199933340008), np.float64(35.777044062655186), np.float64(72.0486287154061), np.float64(210.11550790971077), np.float64(153.49221237801416)]
  Sample Final Data Amounts: [np.float64(0.0), np.float64(0.0), np.float64(0.0), np.float64(0.0), np.float64(0.0)]

Time Slot 25 Results:
  Selected Devices: [12, 18, 26, 38, 42]
  Total Offload Data: 0.0000
  Sample Device Computation F: [np.float64(134.50814538716918), np.float64(42.25733086514728), np.float64(49.184202785138055), np.float64(114.91122929326198), np.float64(124.16784402960184)]
  Sample Final Data Amounts: [np.float64(0.0), np.float64(0.0), np.float64(0.0), np.float64(0.0), np.float64(0.0)]

Time Slot 30 Results:
  Selected Devices: [12, 18, 26, 38, 42]
  Total Offload Data: 0.0000
  Sample Device Computation F: [np.float64(193.16678335603666), np.float64(44.11961415875542), np.float64(45.00560404581462), np.float64(173.636591014116), np.float64(78.43053497051638)]
  Sample Final Data Amounts: [np.float64(0.0), np.float64(0.0), np.float64(0.0), np.float64(0.0), np.float64(0.0)]

Time Slot 35 Results:
  Selected Devices: [3, 4, 19, 31, 42]
  Total Offload Data: 0.0000
  Sample Device Computation F: [np.float64(156.6368475980026), np.float64(46.19282170672403), np.float64(30.33331678269476), np.float64(115.16473765601712), np.float64(96.67633634950009)]
  Sample Final Data Amounts: [np.float64(0.0), np.float64(0.0), np.float64(0.0), np.float64(43.32838405414089), np.float64(94.17936417632724)]

Time Slot 40 Results:
  Selected Devices: [3, 4, 19, 31, 42]
  Total Offload Data: 0.0000
  Sample Device Computation F: [np.float64(117.18192276084595), np.float64(28.09458983908196), np.float64(61.516534582642834), np.float64(186.75184368112627), np.float64(66.78514049940657)]
  Sample Final Data Amounts: [np.float64(0.0), np.float64(0.0), np.float64(0.0), np.float64(45.563709035123104), np.float64(47.97444844801266)]

Time Slot 45 Results:
  Selected Devices: [3, 18, 26, 35, 46]
  Total Offload Data: 0.0000
  Sample Device Computation F: [np.float64(135.49540385793208), np.float64(27.652374711807227), np.float64(72.08304411191543), np.float64(262.5569013248089), np.float64(138.44437082267223)]
  Sample Final Data Amounts: [np.float64(0.0), np.float64(0.0), np.float64(0.0), np.float64(41.04910044155302), np.float64(0.0)]

Time Slot 50 Results:
  Selected Devices: [3, 18, 26, 35, 46]
  Total Offload Data: 0.0000
  Sample Device Computation F: [np.float64(163.40441234032107), np.float64(30.422039622890217), np.float64(46.97678728538321), np.float64(119.72014773692955), np.float64(156.42917621370313)]
  Sample Final Data Amounts: [np.float64(0.0), np.float64(0.0), np.float64(0.0), np.float64(58.568737505991784), np.float64(0.0)]

Time Slot 55 Results:
  Selected Devices: [14, 19, 40, 42, 43]
  Total Offload Data: 0.0000
  Sample Device Computation F: [np.float64(83.44041985502597), np.float64(49.4264073788433), np.float64(32.83272166251919), np.float64(193.02718230040637), np.float64(140.85744917900885)]
  Sample Final Data Amounts: [np.float64(0.0), np.float64(0.0), np.float64(0.0), np.float64(0.0), np.float64(0.0)]

Time Slot 60 Results:
  Selected Devices: [14, 19, 40, 42, 43]
  Total Offload Data: 0.0000
  Sample Device Computation F: [np.float64(198.22039509769417), np.float64(17.696030737663527), np.float64(60.68008366280356), np.float64(108.96160060337782), np.float64(96.66708351848828)]
  Sample Final Data Amounts: [np.float64(0.0), np.float64(0.0), np.float64(0.0), np.float64(0.0), np.float64(0.0)]

Time Slot 65 Results:
  Selected Devices: [18, 20, 23, 46, 47]
  Total Offload Data: 0.0000
  Sample Device Computation F: [np.float64(126.27832315257444), np.float64(35.00597408393769), np.float64(54.221204590319985), np.float64(269.5593015832771), np.float64(106.45985845670715)]
  Sample Final Data Amounts: [np.float64(0.0), np.float64(0.0), np.float64(0.0), np.float64(0.0), np.float64(0.0)]

Time Slot 70 Results:
  Selected Devices: [18, 20, 23, 46, 47]
  Total Offload Data: 19.7485
  Sample Device Computation F: [np.float64(188.17735077080866), np.float64(36.851761468737536), np.float64(32.933984027330126), np.float64(159.00769350205454), np.float64(67.28432327362249)]
  Sample Final Data Amounts: [np.float64(0.0), np.float64(0.0), np.float64(0.0), np.float64(0.0), np.float64(0.0)]

Time Slot 75 Results:
  Selected Devices: [3, 4, 19, 20, 40]
  Total Offload Data: 0.0000
  Sample Device Computation F: [np.float64(106.5095635929296), np.float64(48.919631903604625), np.float64(53.33646862155487), np.float64(227.2545325708839), np.float64(153.6703843712483)]
  Sample Final Data Amounts: [np.float64(0.0), np.float64(0.0), np.float64(0.0), np.float64(48.39615325265209), np.float64(103.15915099540696)]

Time Slot 80 Results:
  Selected Devices: [3, 4, 19, 20, 40]
  Total Offload Data: 0.0000
  Sample Device Computation F: [np.float64(118.12357444026802), np.float64(45.928693766776966), np.float64(67.89407180493102), np.float64(116.31847475378822), np.float64(138.9807418195671)]
  Sample Final Data Amounts: [np.float64(0.0), np.float64(0.0), np.float64(0.0), np.float64(56.299765848182155), np.float64(74.86679544382484)]

Time Slot 85 Results:
  Selected Devices: [7, 18, 19, 21, 26]
  Total Offload Data: 0.0000
  Sample Device Computation F: [np.float64(136.21916441452373), np.float64(17.582699914660783), np.float64(31.707333592640058), np.float64(226.87000615067123), np.float64(118.3858815689685)]
  Sample Final Data Amounts: [np.float64(0.0), np.float64(0.0), np.float64(0.0), np.float64(0.0), np.float64(0.0)]

Time Slot 90 Results:
  Selected Devices: [7, 18, 19, 21, 26]
  Total Offload Data: 0.0000
  Sample Device Computation F: [np.float64(116.33349809117763), np.float64(41.65099557699248), np.float64(65.93832452259366), np.float64(132.66738089618485), np.float64(143.2935922440669)]
  Sample Final Data Amounts: [np.float64(0.0), np.float64(0.0), np.float64(0.0), np.float64(0.0), np.float64(0.0)]

Time Slot 95 Results:
  Selected Devices: [4, 12, 17, 33, 40]
  Total Offload Data: 0.0000
  Sample Device Computation F: [np.float64(114.98098827661902), np.float64(47.470194863065956), np.float64(44.91210223967515), np.float64(229.49460653617885), np.float64(98.52378333126306)]
  Sample Final Data Amounts: [np.float64(0.0), np.float64(0.0), np.float64(0.0), np.float64(0.0), np.float64(98.52378333126306)]

Time Slot 100 Results:
  Selected Devices: [4, 12, 17, 33, 40]
  Total Offload Data: 0.0000
  Sample Device Computation F: [np.float64(88.3332751327795), np.float64(48.18630236154838), np.float64(38.81063438793997), np.float64(159.78221362035345), np.float64(72.65249654119928)]
  Sample Final Data Amounts: [np.float64(0.0), np.float64(0.0), np.float64(0.0), np.float64(0.0), np.float64(51.952432676317834)]

=== 仿真结果 (N=50) ===
平均吞吐量:
  提出的方法 (T=10): 357.1605WARNING:root:[WARNING] 可供补充的样本不足，仅剩 2403，将启用重复采样

  本地执行: 218.6793
  静态编排: 167.1393
  提出的方法 (T1=20): 317.9881
step1 获取到100个时隙的工作节点以及实际训练量
目标准确率：55.0，目标epoch：100
non-iid
[WARNING] 请求样本数超过数据集，按比例缩放: 0.6767
[INFO] Non-IID 总分配样本数: 49925
  w_locals: 2456.80 MB
  gradient: 2456.80 MB
Round 1, Test Accuracy: 10.300000190734863, Loss: 2.3000097106933595, Global training time: 0.02799163298410847

[INFO] Non-IID 总分配样本数: 26297
  w_locals: 2456.80 MB
  gradient: 2456.80 MB
Round 2, Test Accuracy: 10.039999961853027, Loss: 2.2969190013885497, Global training time: 0.03553096173964936

[INFO] Non-IID 总分配样本数: 22862
  w_locals: 2456.80 MB
  gradient: 2456.80 MB
Round 3, Test Accuracy: 10.0, Loss: 2.2946984249114992, Global training time: 0.041002480120551285

[INFO] Non-IID 总分配样本数: 24660
  w_locals: 2456.80 MB
  gradient: 2456.80 MB
Round 4, Test Accuracy: 15.4399995803833, Loss: 2.2907196113586425, Global training time: 0.02398603096541568

[INFO] Non-IID 总分配样本数: 29933
  w_locals: 2456.80 MB
  gradient: 2456.80 MB
Round 5, Test Accuracy: 11.880000114440918, Loss: 2.284869411468506, Global training time: 0.034805594910350963

[INFO] Non-IID 总分配样本数: 28601
  w_locals: 2456.80 MB
  gradient: 2456.80 MB
Round 6, Test Accuracy: 14.960000038146973, Loss: 2.2772667770385744, Global training time: 0.03760853700345793

[INFO] Non-IID 总分配样本数: 27923
  w_locals: 2456.80 MB
  gradient: 2456.80 MB
Round 7, Test Accuracy: 14.130000114440918, Loss: 2.2660625541687014, Global training time: 0.05021311315940383

[INFO] Non-IID 总分配样本数: 32266
  w_locals: 2456.80 MB
  gradient: 2456.80 MB
Round 8, Test Accuracy: 18.31999969482422, Loss: 2.2468404647827147, Global training time: 0.0491369964821074

[INFO] Non-IID 总分配样本数: 26864
  w_locals: 2456.80 MB
  gradient: 2456.80 MB
Round 9, Test Accuracy: 22.3799991607666, Loss: 2.2190776527404785, Global training time: 0.03865210506620761

[INFO] Non-IID 总分配样本数: 24213
WARNING:root:[WARNING] 可供补充的样本不足，仅剩 2180，将启用重复采样
  w_locals: 2456.80 MB
  gradient: 2456.80 MB
Round 10, Test Accuracy: 22.729999542236328, Loss: 2.1789429244995118, Global training time: 0.03410354679180609

[WARNING] 请求样本数超过数据集，按比例缩放: 0.5965
[INFO] Non-IID 总分配样本数: 49935
  w_locals: 2456.80 MB
  gradient: 2456.80 MB
Round 11, Test Accuracy: 21.90999984741211, Loss: 2.137295658683777, Global training time: 0.021111069222638872

[INFO] Non-IID 总分配样本数: 25117
  w_locals: 2456.80 MB
  gradient: 2456.80 MB
Round 12, Test Accuracy: 24.329999923706055, Loss: 2.0910840126037598, Global training time: 0.056801388608463045

[INFO] Non-IID 总分配样本数: 27204
  w_locals: 2456.80 MB
  gradient: 2456.80 MB
Round 13, Test Accuracy: 26.190000534057617, Loss: 2.033499723815918, Global training time: 0.04704824303632089

[INFO] Non-IID 总分配样本数: 23478
  w_locals: 2456.80 MB
  gradient: 2456.80 MB
Round 14, Test Accuracy: 26.709999084472656, Loss: 1.9994513828277587, Global training time: 0.02400763443970012

[INFO] Non-IID 总分配样本数: 29184
  w_locals: 2456.80 MB
  gradient: 2456.80 MB
Round 15, Test Accuracy: 27.190000534057617, Loss: 1.9740468269348144, Global training time: 0.03431743747462192

[INFO] Non-IID 总分配样本数: 30701
  w_locals: 2456.80 MB
  gradient: 2456.80 MB
Round 16, Test Accuracy: 28.920000076293945, Loss: 1.929844816970825, Global training time: 0.041959457058646336

[INFO] Non-IID 总分配样本数: 21509
  w_locals: 2456.80 MB
  gradient: 2456.80 MB
Round 17, Test Accuracy: 29.290000915527344, Loss: 1.9045335470199585, Global training time: 0.05662771657470049

[INFO] Non-IID 总分配样本数: 28410
  w_locals: 2456.80 MB
  gradient: 2456.80 MB
Round 18, Test Accuracy: 31.350000381469727, Loss: 1.8604353708267212, Global training time: 0.034842610362424344

[INFO] Non-IID 总分配样本数: 28982
  w_locals: 2456.80 MB
  gradient: 2456.80 MB
Round 19, Test Accuracy: 32.540000915527344, Loss: 1.8015731369018555, Global training time: 0.07570184126416026

[INFO] Non-IID 总分配样本数: 26911
WARNING:root:[WARNING] 可供补充的样本不足，仅剩 439，将启用重复采样
  w_locals: 2456.80 MB
  gradient: 2456.80 MB
Round 20, Test Accuracy: 33.88999938964844, Loss: 1.7583112369537353, Global training time: 0.05221825279139931

[WARNING] 请求样本数超过数据集，按比例缩放: 0.6960
[INFO] Non-IID 总分配样本数: 50016
  w_locals: 2456.80 MB
  gradient: 2456.80 MB
Round 21, Test Accuracy: 34.790000915527344, Loss: 1.7368590784072877, Global training time: 0.031460967741812125

[INFO] Non-IID 总分配样本数: 20102
  w_locals: 2456.80 MB
  gradient: 2456.80 MB
Round 22, Test Accuracy: 35.06999969482422, Loss: 1.7079169384002686, Global training time: 0.031203090213576257

[INFO] Non-IID 总分配样本数: 22794
  w_locals: 2456.80 MB
  gradient: 2456.80 MB
Round 23, Test Accuracy: 36.52000045776367, Loss: 1.6819613317489623, Global training time: 0.030608150223438598

[INFO] Non-IID 总分配样本数: 26424
  w_locals: 2456.80 MB
  gradient: 2456.80 MB
Round 24, Test Accuracy: 37.130001068115234, Loss: 1.662819852256775, Global training time: 0.03275744965889701

[INFO] Non-IID 总分配样本数: 21847
  w_locals: 2456.80 MB
  gradient: 2456.80 MB
Round 25, Test Accuracy: 37.779998779296875, Loss: 1.666572536277771, Global training time: 0.04190906484729022

[INFO] Non-IID 总分配样本数: 29942
  w_locals: 2456.80 MB
  gradient: 2456.80 MB
Round 26, Test Accuracy: 38.58000183105469, Loss: 1.6177270439147948, Global training time: 0.04533303498645237

[INFO] Non-IID 总分配样本数: 25897
  w_locals: 2456.80 MB
  gradient: 2456.80 MB
Round 27, Test Accuracy: 39.7400016784668, Loss: 1.6197621080398559, Global training time: 0.03735989849578906

[INFO] Non-IID 总分配样本数: 24672
  w_locals: 2456.80 MB
  gradient: 2456.80 MB
Round 28, Test Accuracy: 39.959999084472656, Loss: 1.6023765546798705, Global training time: 0.04829451581095347

[INFO] Non-IID 总分配样本数: 24921
  w_locals: 2456.80 MB
  gradient: 2456.80 MB
Round 29, Test Accuracy: 41.61000061035156, Loss: 1.5589579204559325, Global training time: 0.048761216828482515

[INFO] Non-IID 总分配样本数: 23887
WARNING:root:[WARNING] 可供补充的样本不足，仅剩 2371，将启用重复采样
  w_locals: 2456.80 MB
  gradient: 2456.80 MB
Round 30, Test Accuracy: 41.47999954223633, Loss: 1.573252781867981, Global training time: 0.04670815061827607

[WARNING] 请求样本数超过数据集，按比例缩放: 0.6379
[INFO] Non-IID 总分配样本数: 49942
  w_locals: 2456.80 MB
  gradient: 2456.80 MB
Round 31, Test Accuracy: 42.31999969482422, Loss: 1.5503049715042114, Global training time: 0.020782615816744412

[INFO] Non-IID 总分配样本数: 30492
  w_locals: 2456.80 MB
  gradient: 2456.80 MB
Round 32, Test Accuracy: 43.459999084472656, Loss: 1.5294473361968994, Global training time: 0.056522282840908614

[INFO] Non-IID 总分配样本数: 21062
  w_locals: 2456.80 MB
  gradient: 2456.80 MB
Round 33, Test Accuracy: 42.88999938964844, Loss: 1.5298097930908203, Global training time: 0.030233069161993982

[INFO] Non-IID 总分配样本数: 24971
  w_locals: 2456.80 MB
  gradient: 2456.80 MB
Round 34, Test Accuracy: 44.380001068115234, Loss: 1.491020590209961, Global training time: 0.04547696452031768

[INFO] Non-IID 总分配样本数: 24786
  w_locals: 2456.80 MB
  gradient: 2456.80 MB
Round 35, Test Accuracy: 43.43000030517578, Loss: 1.5021119779586791, Global training time: 0.05349174612749588

[INFO] Non-IID 总分配样本数: 17092
  w_locals: 2456.80 MB
  gradient: 2456.80 MB
Round 36, Test Accuracy: 44.97999954223633, Loss: 1.470410376548767, Global training time: 0.022320290142687084

[INFO] Non-IID 总分配样本数: 19841
  w_locals: 2456.80 MB
  gradient: 2456.80 MB
Round 37, Test Accuracy: 45.5, Loss: 1.4541913080215454, Global training time: 0.040430788297293775

[INFO] Non-IID 总分配样本数: 30543
  w_locals: 2456.80 MB
  gradient: 2456.80 MB
Round 38, Test Accuracy: 46.02000045776367, Loss: 1.4494642818450927, Global training time: 0.039178680715217

[INFO] Non-IID 总分配样本数: 21430
  w_locals: 2456.80 MB
  gradient: 2456.80 MB
Round 39, Test Accuracy: 47.58000183105469, Loss: 1.4155064596176148, Global training time: 0.024302962282974364

[INFO] Non-IID 总分配样本数: 18442
WARNING:root:[WARNING] 可供补充的样本不足，仅剩 446，将启用重复采样
  w_locals: 2456.80 MB
  gradient: 2456.80 MB
Round 40, Test Accuracy: 47.470001220703125, Loss: 1.4104503789901734, Global training time: 0.03702310303593262

[WARNING] 请求样本数超过数据集，按比例缩放: 0.6301
[INFO] Non-IID 总分配样本数: 50006
  w_locals: 2456.80 MB
  gradient: 2456.80 MB
Round 41, Test Accuracy: 47.290000915527344, Loss: 1.4163340225219727, Global training time: 0.018427917695774596

[INFO] Non-IID 总分配样本数: 26970
  w_locals: 2456.80 MB
  gradient: 2456.80 MB
Round 42, Test Accuracy: 47.560001373291016, Loss: 1.4050450590133667, Global training time: 0.04119509756496675

[INFO] Non-IID 总分配样本数: 16402
  w_locals: 2456.80 MB
  gradient: 2456.80 MB
Round 43, Test Accuracy: 45.52000045776367, Loss: 1.51159459400177, Global training time: 0.02489151743040847

[INFO] Non-IID 总分配样本数: 26440
  w_locals: 2456.80 MB
  gradient: 2456.80 MB
Round 44, Test Accuracy: 49.43000030517578, Loss: 1.3676755641937255, Global training time: 0.034569008857066354

[INFO] Non-IID 总分配样本数: 19531
  w_locals: 2456.80 MB
  gradient: 2456.80 MB
Round 45, Test Accuracy: 49.529998779296875, Loss: 1.362157709312439, Global training time: 0.046664439369165284

[INFO] Non-IID 总分配样本数: 17944
  w_locals: 2456.80 MB
  gradient: 2456.80 MB
Round 46, Test Accuracy: 49.18000030517578, Loss: 1.3586760326385499, Global training time: 0.028118214264913875

[INFO] Non-IID 总分配样本数: 28788
  w_locals: 2456.80 MB
  gradient: 2456.80 MB
Round 47, Test Accuracy: 49.7599983215332, Loss: 1.365556629562378, Global training time: 0.04811707996221401

[INFO] Non-IID 总分配样本数: 25227
  w_locals: 2456.80 MB
  gradient: 2456.80 MB
Round 48, Test Accuracy: 50.400001525878906, Loss: 1.3519486124038695, Global training time: 0.029137485089976684

[INFO] Non-IID 总分配样本数: 24704
  w_locals: 2456.80 MB
  gradient: 2456.80 MB
Round 49, Test Accuracy: 51.2599983215332, Loss: 1.320304442024231, Global training time: 0.05542231316796567

[INFO] Non-IID 总分配样本数: 22965
WARNING:root:[WARNING] 可供补充的样本不足，仅剩 1772，将启用重复采样
  w_locals: 2456.80 MB
  gradient: 2456.80 MB
Round 50, Test Accuracy: 49.709999084472656, Loss: 1.342311127281189, Global training time: 0.0345250032160839

[WARNING] 请求样本数超过数据集，按比例缩放: 0.6740
[INFO] Non-IID 总分配样本数: 49965
  w_locals: 2456.80 MB
  gradient: 2456.80 MB
Round 51, Test Accuracy: 48.83000183105469, Loss: 1.3746769462585449, Global training time: 0.027309112405160183

[INFO] Non-IID 总分配样本数: 29125
  w_locals: 2456.80 MB
  gradient: 2456.80 MB
Round 52, Test Accuracy: 50.66999816894531, Loss: 1.3444150423049928, Global training time: 0.046085269299646736

[INFO] Non-IID 总分配样本数: 26363
  w_locals: 2456.80 MB
  gradient: 2456.80 MB
Round 53, Test Accuracy: 52.540000915527344, Loss: 1.297720051574707, Global training time: 0.05256761361029176

[INFO] Non-IID 总分配样本数: 23374
  w_locals: 2456.80 MB
  gradient: 2456.80 MB
Round 54, Test Accuracy: 53.59000015258789, Loss: 1.2758688976287842, Global training time: 0.05794218418159463

[INFO] Non-IID 总分配样本数: 20367
  w_locals: 2456.80 MB
  gradient: 2456.80 MB
Round 55, Test Accuracy: 52.38999938964844, Loss: 1.2983443910598755, Global training time: 0.03302427707421681

[INFO] Non-IID 总分配样本数: 22718
  w_locals: 2456.80 MB
  gradient: 2456.80 MB
Round 56, Test Accuracy: 53.900001525878906, Loss: 1.2645054416656494, Global training time: 0.025626993418698046

[INFO] Non-IID 总分配样本数: 26862
  w_locals: 2456.80 MB
  gradient: 2456.80 MB
Round 57, Test Accuracy: 54.060001373291016, Loss: 1.2634028364181518, Global training time: 0.0356207932226531

[INFO] Non-IID 总分配样本数: 30153
  w_locals: 2456.80 MB
  gradient: 2456.80 MB
Round 58, Test Accuracy: 54.83000183105469, Loss: 1.2398331077575684, Global training time: 0.044751689549627605

[INFO] Non-IID 总分配样本数: 29939
  w_locals: 2456.80 MB
  gradient: 2456.80 MB
Round 59, Test Accuracy: 55.0099983215332, Loss: 1.2448840255737306, Global training time: 0.06051812446492218

[INFO] Non-IID 总分配样本数: 22848
WARNING:root:[WARNING] 可供补充的样本不足，仅剩 1817，将启用重复采样
  w_locals: 2456.80 MB
  gradient: 2456.80 MB
Round 60, Test Accuracy: 55.0099983215332, Loss: 1.2320670001983642, Global training time: 0.030396284432149177

[WARNING] 请求样本数超过数据集，按比例缩放: 0.7025
[INFO] Non-IID 总分配样本数: 49959
  w_locals: 2456.80 MB
  gradient: 2456.80 MB
Round 61, Test Accuracy: 54.77000045776367, Loss: 1.2355715286254882, Global training time: 0.020573305547006388

[INFO] Non-IID 总分配样本数: 16883
  w_locals: 2456.80 MB
  gradient: 2456.80 MB
Round 62, Test Accuracy: 54.61000061035156, Loss: 1.249760392189026, Global training time: 0.0361190845337615

[INFO] Non-IID 总分配样本数: 24835
  w_locals: 2456.80 MB
  gradient: 2456.80 MB
Round 63, Test Accuracy: 56.0, Loss: 1.2158070560455323, Global training time: 0.05817646017795978

[INFO] Non-IID 总分配样本数: 23607
  w_locals: 2456.80 MB
  gradient: 2456.80 MB
Round 64, Test Accuracy: 56.83000183105469, Loss: 1.1925406133651733, Global training time: 0.032808209128723856

[INFO] Non-IID 总分配样本数: 23057
  w_locals: 2456.80 MB
  gradient: 2456.80 MB
Round 65, Test Accuracy: 56.869998931884766, Loss: 1.1906330656051636, Global training time: 0.033430187002367016

[INFO] Non-IID 总分配样本数: 14337
  w_locals: 2456.80 MB
  gradient: 2456.80 MB
Round 66, Test Accuracy: 56.439998626708984, Loss: 1.194477073097229, Global training time: 0.03432847000644087

[INFO] Non-IID 总分配样本数: 19317
  w_locals: 2456.80 MB
  gradient: 2456.80 MB
Round 67, Test Accuracy: 57.189998626708984, Loss: 1.1803762447357178, Global training time: 0.05271887496776521

[INFO] Non-IID 总分配样本数: 24881
  w_locals: 2456.80 MB
  gradient: 2456.80 MB
Round 68, Test Accuracy: 57.209999084472656, Loss: 1.176772078895569, Global training time: 0.051925876470528064

[INFO] Non-IID 总分配样本数: 25498
  w_locals: 2456.80 MB
  gradient: 2456.80 MB
Round 69, Test Accuracy: 57.4900016784668, Loss: 1.178429723930359, Global training time: 0.05478521215183371

[INFO] Non-IID 总分配样本数: 21189
WARNING:root:[WARNING] 可供补充的样本不足，仅剩 3489，将启用重复采样
  w_locals: 2456.80 MB
  gradient: 2456.80 MB
Round 70, Test Accuracy: 58.2599983215332, Loss: 1.1540429029464723, Global training time: 0.040633381457337366

[WARNING] 请求样本数超过数据集，按比例缩放: 0.6714
[INFO] Non-IID 总分配样本数: 49841
  w_locals: 2456.80 MB
  gradient: 2456.80 MB
Round 71, Test Accuracy: 58.27000045776367, Loss: 1.1553841215133667, Global training time: 0.026384371034343615

[INFO] Non-IID 总分配样本数: 26377
  w_locals: 2456.80 MB
  gradient: 2456.80 MB
Round 72, Test Accuracy: 59.06999969482422, Loss: 1.1407007689476014, Global training time: 0.031807854851726186

[INFO] Non-IID 总分配样本数: 20219
  w_locals: 2456.80 MB
  gradient: 2456.80 MB
Round 73, Test Accuracy: 58.599998474121094, Loss: 1.1480837401390076, Global training time: 0.03696213278613438

[INFO] Non-IID 总分配样本数: 30548
  w_locals: 2456.80 MB
  gradient: 2456.80 MB
Round 74, Test Accuracy: 59.27000045776367, Loss: 1.126719711971283, Global training time: 0.03577989450379383

[INFO] Non-IID 总分配样本数: 27159
  w_locals: 2456.80 MB
  gradient: 2456.80 MB
Round 75, Test Accuracy: 57.81999969482422, Loss: 1.1712947317123412, Global training time: 0.035174123973571586

[INFO] Non-IID 总分配样本数: 29132
  w_locals: 2456.80 MB
  gradient: 2456.80 MB
Round 76, Test Accuracy: 58.7599983215332, Loss: 1.1384367691993713, Global training time: 0.0433152066999361

[INFO] Non-IID 总分配样本数: 23227
  w_locals: 2456.80 MB
  gradient: 2456.80 MB
Round 77, Test Accuracy: 59.11000061035156, Loss: 1.1365910351753234, Global training time: 0.03391490887631711

[INFO] Non-IID 总分配样本数: 29917
  w_locals: 2456.80 MB
  gradient: 2456.80 MB
Round 78, Test Accuracy: 59.779998779296875, Loss: 1.1254201857566835, Global training time: 0.04524820247867562

[INFO] Non-IID 总分配样本数: 28953
  w_locals: 2456.80 MB
  gradient: 2456.80 MB
Round 79, Test Accuracy: 60.599998474121094, Loss: 1.0964990511894226, Global training time: 0.026798630265265442

[INFO] Non-IID 总分配样本数: 26935
WARNING:root:[WARNING] 可供补充的样本不足，仅剩 2207，将启用重复采样
  w_locals: 2456.80 MB
  gradient: 2456.80 MB
Round 80, Test Accuracy: 59.959999084472656, Loss: 1.1157310467720032, Global training time: 0.034830804043233965

[WARNING] 请求样本数超过数据集，按比例缩放: 0.6466
[INFO] Non-IID 总分配样本数: 49946
  w_locals: 2456.80 MB
  gradient: 2456.80 MB
Round 81, Test Accuracy: 60.25, Loss: 1.110764534187317, Global training time: 0.018501161265150345

[INFO] Non-IID 总分配样本数: 31722
  w_locals: 2456.80 MB
  gradient: 2456.80 MB
Round 82, Test Accuracy: 60.650001525878906, Loss: 1.0868143667221069, Global training time: 0.0649116237574791

[INFO] Non-IID 总分配样本数: 27655
  w_locals: 2456.80 MB
  gradient: 2456.80 MB
Round 83, Test Accuracy: 60.5, Loss: 1.0869415882110596, Global training time: 0.02916422881622754

[INFO] Non-IID 总分配样本数: 31202
  w_locals: 2456.80 MB
  gradient: 2456.80 MB
Round 84, Test Accuracy: 61.68000030517578, Loss: 1.0607865630149842, Global training time: 0.03212494507118551

[INFO] Non-IID 总分配样本数: 27106
  w_locals: 2456.80 MB
  gradient: 2456.80 MB
Round 85, Test Accuracy: 62.40999984741211, Loss: 1.0506926568031312, Global training time: 0.035902043918364476

[INFO] Non-IID 总分配样本数: 36050
  w_locals: 2456.80 MB
  gradient: 2456.80 MB
Round 86, Test Accuracy: 62.709999084472656, Loss: 1.039219995212555, Global training time: 0.050909941972162455

[INFO] Non-IID 总分配样本数: 30844
  w_locals: 2456.80 MB
  gradient: 2456.80 MB
Round 87, Test Accuracy: 60.47999954223633, Loss: 1.1069682941436767, Global training time: 0.04730881515051194

[INFO] Non-IID 总分配样本数: 30981
  w_locals: 2456.80 MB
  gradient: 2456.80 MB
Round 88, Test Accuracy: 63.18000030517578, Loss: 1.0273104944229126, Global training time: 0.03380214621393184

[INFO] Non-IID 总分配样本数: 32618
  w_locals: 2456.80 MB
  gradient: 2456.80 MB
Round 89, Test Accuracy: 63.15999984741211, Loss: 1.030581225013733, Global training time: 0.03458734495999581

[INFO] Non-IID 总分配样本数: 28435
WARNING:root:[WARNING] 可供补充的样本不足，仅剩 366，将启用重复采样
  w_locals: 2456.80 MB
  gradient: 2456.80 MB
Round 90, Test Accuracy: 63.099998474121094, Loss: 1.02702268781662, Global training time: 0.03954006290457267

[WARNING] 请求样本数超过数据集，按比例缩放: 0.7405
[INFO] Non-IID 总分配样本数: 50011
  w_locals: 2456.80 MB
  gradient: 2456.80 MB
Round 91, Test Accuracy: 63.93000030517578, Loss: 1.010668120956421, Global training time: 0.01759878662274059

[INFO] Non-IID 总分配样本数: 20225
  w_locals: 2456.80 MB
  gradient: 2456.80 MB
Round 92, Test Accuracy: 64.1500015258789, Loss: 1.0103128177642822, Global training time: 0.036656303326798576

[INFO] Non-IID 总分配样本数: 29653
  w_locals: 2456.80 MB
  gradient: 2456.80 MB
Round 93, Test Accuracy: 64.87999725341797, Loss: 0.9941221180915832, Global training time: 0.062443840753492616

[INFO] Non-IID 总分配样本数: 28577
  w_locals: 2456.80 MB
  gradient: 2456.80 MB
Round 94, Test Accuracy: 64.0, Loss: 1.0203387592315674, Global training time: 0.03129627150290608

[INFO] Non-IID 总分配样本数: 27234
  w_locals: 2456.80 MB
  gradient: 2456.80 MB
Round 95, Test Accuracy: 64.55999755859375, Loss: 1.0007847230911255, Global training time: 0.06386459423238938

[INFO] Non-IID 总分配样本数: 23351
  w_locals: 2456.80 MB
  gradient: 2456.80 MB
Round 96, Test Accuracy: 64.52999877929688, Loss: 0.988241916179657, Global training time: 0.03043168564318484

[INFO] Non-IID 总分配样本数: 21552
  w_locals: 2456.80 MB
  gradient: 2456.80 MB
Round 97, Test Accuracy: 64.05999755859375, Loss: 1.0102264966011048, Global training time: 0.04541060290658708

[INFO] Non-IID 总分配样本数: 27728
  w_locals: 2456.80 MB
  gradient: 2456.80 MB
Round 98, Test Accuracy: 64.7699966430664, Loss: 0.9807938470840454, Global training time: 0.0353793169089077

[INFO] Non-IID 总分配样本数: 24089
  w_locals: 2456.80 MB
  gradient: 2456.80 MB
Round 99, Test Accuracy: 64.55000305175781, Loss: 0.9930079313278198, Global training time: 0.04221916862506276

[INFO] Non-IID 总分配样本数: 25089
  w_locals: 2456.80 MB
  gradient: 2456.80 MB
Round 100, Test Accuracy: 65.1500015258789, Loss: 0.9808943187713624, Global training time: 0.03792914466074257

成功保存数据pkl文件
OnlineFL已训练完成，最终结果： {'ais': 2, 'test_accuracies': [tensor(65.1500)], 'global_round_accuracies': [[tensor(10.3000), tensor(10.0400), tensor(10.), tensor(15.4400), tensor(11.8800), tensor(14.9600), tensor(14.1300), tensor(18.3200), tensor(22.3800), tensor(22.7300), tensor(21.9100), tensor(24.3300), tensor(26.1900), tensor(26.7100), tensor(27.1900), tensor(28.9200), tensor(29.2900), tensor(31.3500), tensor(32.5400), tensor(33.8900), tensor(34.7900), tensor(35.0700), tensor(36.5200), tensor(37.1300), tensor(37.7800), tensor(38.5800), tensor(39.7400), tensor(39.9600), tensor(41.6100), tensor(41.4800), tensor(42.3200), tensor(43.4600), tensor(42.8900), tensor(44.3800), tensor(43.4300), tensor(44.9800), tensor(45.5000), tensor(46.0200), tensor(47.5800), tensor(47.4700), tensor(47.2900), tensor(47.5600), tensor(45.5200), tensor(49.4300), tensor(49.5300), tensor(49.1800), tensor(49.7600), tensor(50.4000), tensor(51.2600), tensor(49.7100), tensor(48.8300), tensor(50.6700), tensor(52.5400), tensor(53.5900), tensor(52.3900), tensor(53.9000), tensor(54.0600), tensor(54.8300), tensor(55.0100), tensor(55.0100), tensor(54.7700), tensor(54.6100), tensor(56.), tensor(56.8300), tensor(56.8700), tensor(56.4400), tensor(57.1900), tensor(57.2100), tensor(57.4900), tensor(58.2600), tensor(58.2700), tensor(59.0700), tensor(58.6000), tensor(59.2700), tensor(57.8200), tensor(58.7600), tensor(59.1100), tensor(59.7800), tensor(60.6000), tensor(59.9600), tensor(60.2500), tensor(60.6500), tensor(60.5000), tensor(61.6800), tensor(62.4100), tensor(62.7100), tensor(60.4800), tensor(63.1800), tensor(63.1600), tensor(63.1000), tensor(63.9300), tensor(64.1500), tensor(64.8800), tensor(64.), tensor(64.5600), tensor(64.5300), tensor(64.0600), tensor(64.7700), tensor(64.5500), tensor(65.1500)]], 'global_round_times': [[np.float64(0.02799163298410847), np.float64(0.03553096173964936), np.float64(0.041002480120551285), np.float64(0.02398603096541568), np.float64(0.034805594910350963), np.float64(0.03760853700345793), np.float64(0.05021311315940383), np.float64(0.0491369964821074), np.float64(0.03865210506620761), np.float64(0.03410354679180609), np.float64(0.021111069222638872), np.float64(0.056801388608463045), np.float64(0.04704824303632089), np.float64(0.02400763443970012), np.float64(0.03431743747462192), np.float64(0.041959457058646336), np.float64(0.05662771657470049), np.float64(0.034842610362424344), np.float64(0.07570184126416026), np.float64(0.05221825279139931), np.float64(0.031460967741812125), np.float64(0.031203090213576257), np.float64(0.030608150223438598), np.float64(0.03275744965889701), np.float64(0.04190906484729022), np.float64(0.04533303498645237), np.float64(0.03735989849578906), np.float64(0.04829451581095347), np.float64(0.048761216828482515), np.float64(0.04670815061827607), np.float64(0.020782615816744412), np.float64(0.056522282840908614), np.float64(0.030233069161993982), np.float64(0.04547696452031768), np.float64(0.05349174612749588), np.float64(0.022320290142687084), np.float64(0.040430788297293775), np.float64(0.039178680715217), np.float64(0.024302962282974364), np.float64(0.03702310303593262), np.float64(0.018427917695774596), np.float64(0.04119509756496675), np.float64(0.02489151743040847), np.float64(0.034569008857066354), np.float64(0.046664439369165284), np.float64(0.028118214264913875), np.float64(0.04811707996221401), np.float64(0.029137485089976684), np.float64(0.05542231316796567), np.float64(0.0345250032160839), np.float64(0.027309112405160183), np.float64(0.046085269299646736), np.float64(0.05256761361029176), np.float64(0.05794218418159463), np.float64(0.03302427707421681), np.float64(0.025626993418698046), np.float64(0.0356207932226531), np.float64(0.044751689549627605), np.float64(0.06051812446492218), np.float64(0.030396284432149177), np.float64(0.020573305547006388), np.float64(0.0361190845337615), np.float64(0.05817646017795978), np.float64(0.032808209128723856), np.float64(0.033430187002367016), np.float64(0.03432847000644087), np.float64(0.05271887496776521), np.float64(0.051925876470528064), np.float64(0.05478521215183371), np.float64(0.040633381457337366), np.float64(0.026384371034343615), np.float64(0.031807854851726186), np.float64(0.03696213278613438), np.float64(0.03577989450379383), np.float64(0.035174123973571586), np.float64(0.0433152066999361), np.float64(0.03391490887631711), np.float64(0.04524820247867562), np.float64(0.026798630265265442), np.float64(0.034830804043233965), np.float64(0.018501161265150345), np.float64(0.0649116237574791), np.float64(0.02916422881622754), np.float64(0.03212494507118551), np.float64(0.035902043918364476), np.float64(0.050909941972162455), np.float64(0.04730881515051194), np.float64(0.03380214621393184), np.float64(0.03458734495999581), np.float64(0.03954006290457267), np.float64(0.01759878662274059), np.float64(0.036656303326798576), np.float64(0.062443840753492616), np.float64(0.03129627150290608), np.float64(0.06386459423238938), np.float64(0.03043168564318484), np.float64(0.04541060290658708), np.float64(0.0353793169089077), np.float64(0.04221916862506276), np.float64(0.03792914466074257)]]}

Time Slot 5 Results:
  Selected Devices: [4, 14, 29, 40, 47]
  Total Offload Data: 0.0000
  Sample Device Computation F: [np.float64(72.43092839636374), np.float64(43.124255555488794), np.float64(70.85833758123958), np.float64(120.28530369882444), np.float64(147.7395913108063)]
  Sample Final Data Amounts: [np.float64(0.0), np.float64(0.0), np.float64(0.0), np.float64(0.0), np.float64(84.95141983590874)]

Time Slot 10 Results:
  Selected Devices: [4, 14, 29, 40, 47]
  Total Offload Data: 0.0000
  Sample Device Computation F: [np.float64(163.1699510520597), np.float64(36.36667942735024), np.float64(67.1761541609422), np.float64(260.4664018175096), np.float64(157.2757060813715)]
  Sample Final Data Amounts: [np.float64(0.0), np.float64(0.0), np.float64(0.0), np.float64(0.0), np.float64(53.67827630653243)]

Time Slot 15 Results:
  Selected Devices: [14, 20, 21, 26, 29]
  Total Offload Data: 0.0000
  Sample Device Computation F: [np.float64(181.0397563383447), np.float64(51.98316822495741), np.float64(33.40256729422279), np.float64(101.9767226484743), np.float64(90.01512970822141)]
  Sample Final Data Amounts: [np.float64(0.0), np.float64(0.0), np.float64(0.0), np.float64(0.0), np.float64(0.0)]

Time Slot 20 Results:
  Selected Devices: [14, 20, 21, 26, 29]
  Total Offload Data: 0.0000
  Sample Device Computation F: [np.float64(71.01199933340008), np.float64(35.777044062655186), np.float64(72.0486287154061), np.float64(210.11550790971077), np.float64(153.49221237801416)]
  Sample Final Data Amounts: [np.float64(0.0), np.float64(0.0), np.float64(0.0), np.float64(0.0), np.float64(0.0)]

Time Slot 25 Results:
  Selected Devices: [12, 18, 26, 38, 42]
  Total Offload Data: 0.0000
  Sample Device Computation F: [np.float64(134.50814538716918), np.float64(42.25733086514728), np.float64(49.184202785138055), np.float64(114.91122929326198), np.float64(124.16784402960184)]
  Sample Final Data Amounts: [np.float64(0.0), np.float64(0.0), np.float64(0.0), np.float64(0.0), np.float64(0.0)]

Time Slot 30 Results:
  Selected Devices: [12, 18, 26, 38, 42]
  Total Offload Data: 0.0000
  Sample Device Computation F: [np.float64(193.16678335603666), np.float64(44.11961415875542), np.float64(45.00560404581462), np.float64(173.636591014116), np.float64(78.43053497051638)]
  Sample Final Data Amounts: [np.float64(0.0), np.float64(0.0), np.float64(0.0), np.float64(0.0), np.float64(0.0)]

Time Slot 35 Results:
  Selected Devices: [3, 4, 19, 31, 42]
  Total Offload Data: 0.0000
  Sample Device Computation F: [np.float64(156.6368475980026), np.float64(46.19282170672403), np.float64(30.33331678269476), np.float64(115.16473765601712), np.float64(96.67633634950009)]
  Sample Final Data Amounts: [np.float64(0.0), np.float64(0.0), np.float64(0.0), np.float64(43.32838405414089), np.float64(94.17936417632724)]

Time Slot 40 Results:
  Selected Devices: [3, 4, 19, 31, 42]
  Total Offload Data: 0.0000
  Sample Device Computation F: [np.float64(117.18192276084595), np.float64(28.09458983908196), np.float64(61.516534582642834), np.float64(186.75184368112627), np.float64(66.78514049940657)]
  Sample Final Data Amounts: [np.float64(0.0), np.float64(0.0), np.float64(0.0), np.float64(45.563709035123104), np.float64(47.97444844801266)]

Time Slot 45 Results:
  Selected Devices: [3, 18, 26, 35, 46]
  Total Offload Data: 0.0000
  Sample Device Computation F: [np.float64(135.49540385793208), np.float64(27.652374711807227), np.float64(72.08304411191543), np.float64(262.5569013248089), np.float64(138.44437082267223)]
  Sample Final Data Amounts: [np.float64(0.0), np.float64(0.0), np.float64(0.0), np.float64(41.04910044155302), np.float64(0.0)]

Time Slot 50 Results:
  Selected Devices: [3, 18, 26, 35, 46]
  Total Offload Data: 0.0000
  Sample Device Computation F: [np.float64(163.40441234032107), np.float64(30.422039622890217), np.float64(46.97678728538321), np.float64(119.72014773692955), np.float64(156.42917621370313)]
  Sample Final Data Amounts: [np.float64(0.0), np.float64(0.0), np.float64(0.0), np.float64(58.568737505991784), np.float64(0.0)]

Time Slot 55 Results:
  Selected Devices: [14, 19, 40, 42, 43]
  Total Offload Data: 0.0000
  Sample Device Computation F: [np.float64(83.44041985502597), np.float64(49.4264073788433), np.float64(32.83272166251919), np.float64(193.02718230040637), np.float64(140.85744917900885)]
  Sample Final Data Amounts: [np.float64(0.0), np.float64(0.0), np.float64(0.0), np.float64(0.0), np.float64(0.0)]

Time Slot 60 Results:
  Selected Devices: [14, 19, 40, 42, 43]
  Total Offload Data: 0.0000
  Sample Device Computation F: [np.float64(198.22039509769417), np.float64(17.696030737663527), np.float64(60.68008366280356), np.float64(108.96160060337782), np.float64(96.66708351848828)]
  Sample Final Data Amounts: [np.float64(0.0), np.float64(0.0), np.float64(0.0), np.float64(0.0), np.float64(0.0)]

Time Slot 65 Results:
  Selected Devices: [18, 20, 23, 46, 47]
  Total Offload Data: 0.0000
  Sample Device Computation F: [np.float64(126.27832315257444), np.float64(35.00597408393769), np.float64(54.221204590319985), np.float64(269.5593015832771), np.float64(106.45985845670715)]
  Sample Final Data Amounts: [np.float64(0.0), np.float64(0.0), np.float64(0.0), np.float64(0.0), np.float64(0.0)]

Time Slot 70 Results:
  Selected Devices: [18, 20, 23, 46, 47]
  Total Offload Data: 19.7485
  Sample Device Computation F: [np.float64(188.17735077080866), np.float64(36.851761468737536), np.float64(32.933984027330126), np.float64(159.00769350205454), np.float64(67.28432327362249)]
  Sample Final Data Amounts: [np.float64(0.0), np.float64(0.0), np.float64(0.0), np.float64(0.0), np.float64(0.0)]

Time Slot 75 Results:
  Selected Devices: [3, 4, 19, 20, 40]
  Total Offload Data: 0.0000
  Sample Device Computation F: [np.float64(106.5095635929296), np.float64(48.919631903604625), np.float64(53.33646862155487), np.float64(227.2545325708839), np.float64(153.6703843712483)]
  Sample Final Data Amounts: [np.float64(0.0), np.float64(0.0), np.float64(0.0), np.float64(48.39615325265209), np.float64(103.15915099540696)]

Time Slot 80 Results:
  Selected Devices: [3, 4, 19, 20, 40]
  Total Offload Data: 0.0000
  Sample Device Computation F: [np.float64(118.12357444026802), np.float64(45.928693766776966), np.float64(67.89407180493102), np.float64(116.31847475378822), np.float64(138.9807418195671)]
  Sample Final Data Amounts: [np.float64(0.0), np.float64(0.0), np.float64(0.0), np.float64(56.299765848182155), np.float64(74.86679544382484)]

Time Slot 85 Results:
  Selected Devices: [7, 18, 19, 21, 26]
  Total Offload Data: 0.0000
  Sample Device Computation F: [np.float64(136.21916441452373), np.float64(17.582699914660783), np.float64(31.707333592640058), np.float64(226.87000615067123), np.float64(118.3858815689685)]
  Sample Final Data Amounts: [np.float64(0.0), np.float64(0.0), np.float64(0.0), np.float64(0.0), np.float64(0.0)]

Time Slot 90 Results:
  Selected Devices: [7, 18, 19, 21, 26]
  Total Offload Data: 0.0000
  Sample Device Computation F: [np.float64(116.33349809117763), np.float64(41.65099557699248), np.float64(65.93832452259366), np.float64(132.66738089618485), np.float64(143.2935922440669)]
  Sample Final Data Amounts: [np.float64(0.0), np.float64(0.0), np.float64(0.0), np.float64(0.0), np.float64(0.0)]

Time Slot 95 Results:
  Selected Devices: [4, 12, 17, 33, 40]
  Total Offload Data: 0.0000
  Sample Device Computation F: [np.float64(114.98098827661902), np.float64(47.470194863065956), np.float64(44.91210223967515), np.float64(229.49460653617885), np.float64(98.52378333126306)]
  Sample Final Data Amounts: [np.float64(0.0), np.float64(0.0), np.float64(0.0), np.float64(0.0), np.float64(98.52378333126306)]

Time Slot 100 Results:
  Selected Devices: [4, 12, 17, 33, 40]
  Total Offload Data: 0.0000
  Sample Device Computation F: [np.float64(88.3332751327795), np.float64(48.18630236154838), np.float64(38.81063438793997), np.float64(159.78221362035345), np.float64(72.65249654119928)]
  Sample Final Data Amounts: [np.float64(0.0), np.float64(0.0), np.float64(0.0), np.float64(0.0), np.float64(51.952432676317834)]

=== 仿真结果 (N=50) ===
平均吞吐量:
  提出的方法 (T=10): 357.1605WARNING:root:[WARNING] 可供补充的样本不足，仅剩 2280，将启用重复采样

  本地执行: 218.6793
  静态编排: 167.1393
  提出的方法 (T1=20): 317.9881
step1 获取到100个时隙的工作节点以及实际训练量
目标准确率：55.0，目标epoch：100
non-iid
[WARNING] 请求样本数超过数据集，按比例缩放: 0.6767
[INFO] Non-IID 总分配样本数: 49923
  w_locals: 2456.80 MB
  gradient: 2456.80 MB
Round 1, Test Accuracy: 10.0, Loss: 2.300675545120239, Global training time: 0.03322631024954575

[INFO] Non-IID 总分配样本数: 26297
  w_locals: 2456.80 MB
  gradient: 2456.80 MB
Round 2, Test Accuracy: 12.779999732971191, Loss: 2.299107134628296, Global training time: 0.03631115026388892

[INFO] Non-IID 总分配样本数: 22862
  w_locals: 2456.80 MB
  gradient: 2456.80 MB
Round 3, Test Accuracy: 10.020000457763672, Loss: 2.2969743137359617, Global training time: 0.044721195309374163

[INFO] Non-IID 总分配样本数: 24660
  w_locals: 2456.80 MB
  gradient: 2456.80 MB
Round 4, Test Accuracy: 10.0, Loss: 2.2953593063354494, Global training time: 0.029862178148782212

[INFO] Non-IID 总分配样本数: 29933
  w_locals: 2456.80 MB
  gradient: 2456.80 MB
Round 5, Test Accuracy: 15.800000190734863, Loss: 2.292457231903076, Global training time: 0.04050564494522907

[INFO] Non-IID 总分配样本数: 28601
  w_locals: 2456.80 MB
  gradient: 2456.80 MB
Round 6, Test Accuracy: 12.729999542236328, Loss: 2.2890713832855223, Global training time: 0.042869245397338454

[INFO] Non-IID 总分配样本数: 27923
  w_locals: 2456.80 MB
  gradient: 2456.80 MB
Round 7, Test Accuracy: 10.0, Loss: 2.2841866905212402, Global training time: 0.05582441283880249

[INFO] Non-IID 总分配样本数: 32266
  w_locals: 2456.80 MB
  gradient: 2456.80 MB
Round 8, Test Accuracy: 11.859999656677246, Loss: 2.275021890258789, Global training time: 0.052347309684313635

[INFO] Non-IID 总分配样本数: 26864
  w_locals: 2456.80 MB
  gradient: 2456.80 MB
Round 9, Test Accuracy: 13.729999542236328, Loss: 2.261584451675415, Global training time: 0.039867293451449966

[INFO] Non-IID 总分配样本数: 24213
WARNING:root:[WARNING] 可供补充的样本不足，仅剩 2256，将启用重复采样
  w_locals: 2456.80 MB
  gradient: 2456.80 MB
Round 10, Test Accuracy: 14.119999885559082, Loss: 2.2382199939727783, Global training time: 0.030702851854801816

[WARNING] 请求样本数超过数据集，按比例缩放: 0.5965
[INFO] Non-IID 总分配样本数: 49925
  w_locals: 2456.80 MB
  gradient: 2456.80 MB
Round 11, Test Accuracy: 22.600000381469727, Loss: 2.199004993057251, Global training time: 0.02026968945044347

[INFO] Non-IID 总分配样本数: 25117
  w_locals: 2456.80 MB
  gradient: 2456.80 MB
Round 12, Test Accuracy: 22.219999313354492, Loss: 2.130685825920105, Global training time: 0.0613509203248843

[INFO] Non-IID 总分配样本数: 27204
  w_locals: 2456.80 MB
  gradient: 2456.80 MB
Round 13, Test Accuracy: 24.700000762939453, Loss: 2.0579225894927977, Global training time: 0.05380987683620024

[INFO] Non-IID 总分配样本数: 23478
  w_locals: 2456.80 MB
  gradient: 2456.80 MB
Round 14, Test Accuracy: 26.649999618530273, Loss: 1.9918422834396363, Global training time: 0.02527441059156125

[INFO] Non-IID 总分配样本数: 29184
  w_locals: 2456.80 MB
  gradient: 2456.80 MB
Round 15, Test Accuracy: 25.719999313354492, Loss: 1.979812004852295, Global training time: 0.03597225901189894

[INFO] Non-IID 总分配样本数: 30701
  w_locals: 2456.80 MB
  gradient: 2456.80 MB
Round 16, Test Accuracy: 29.329999923706055, Loss: 1.8910935356140137, Global training time: 0.05348700611313469

[INFO] Non-IID 总分配样本数: 21509
  w_locals: 2456.80 MB
  gradient: 2456.80 MB
Round 17, Test Accuracy: 29.75, Loss: 1.862579296875, Global training time: 0.05473706340415674

[INFO] Non-IID 总分配样本数: 28410
  w_locals: 2456.80 MB
  gradient: 2456.80 MB
Round 18, Test Accuracy: 31.479999542236328, Loss: 1.8170792444229127, Global training time: 0.03547670105577514

[INFO] Non-IID 总分配样本数: 28982
  w_locals: 2456.80 MB
  gradient: 2456.80 MB
Round 19, Test Accuracy: 33.849998474121094, Loss: 1.7728556060791016, Global training time: 0.06230095288777775

[INFO] Non-IID 总分配样本数: 26911
WARNING:root:[WARNING] 可供补充的样本不足，仅剩 315，将启用重复采样
  w_locals: 2456.80 MB
  gradient: 2456.80 MB
Round 20, Test Accuracy: 35.5, Loss: 1.7359217853546143, Global training time: 0.05299319329056991

[WARNING] 请求样本数超过数据集，按比例缩放: 0.6960
[INFO] Non-IID 总分配样本数: 50004
  w_locals: 2456.80 MB
  gradient: 2456.80 MB
Round 21, Test Accuracy: 27.100000381469727, Loss: 2.0919730710983275, Global training time: 0.02527149163659901

[INFO] Non-IID 总分配样本数: 20102
  w_locals: 2456.80 MB
  gradient: 2456.80 MB
Round 22, Test Accuracy: 36.79999923706055, Loss: 1.6949209405899048, Global training time: 0.032781950383775606

[INFO] Non-IID 总分配样本数: 22794
  w_locals: 2456.80 MB
  gradient: 2456.80 MB
Round 23, Test Accuracy: 37.4900016784668, Loss: 1.664878332901001, Global training time: 0.0298876373167847

[INFO] Non-IID 总分配样本数: 26424
  w_locals: 2456.80 MB
  gradient: 2456.80 MB
Round 24, Test Accuracy: 37.58000183105469, Loss: 1.6618092874526977, Global training time: 0.033734054410767496

[INFO] Non-IID 总分配样本数: 21847
  w_locals: 2456.80 MB
  gradient: 2456.80 MB
Round 25, Test Accuracy: 39.06999969482422, Loss: 1.6260592208862306, Global training time: 0.043375920444591105

[INFO] Non-IID 总分配样本数: 29942
  w_locals: 2456.80 MB
  gradient: 2456.80 MB
Round 26, Test Accuracy: 38.970001220703125, Loss: 1.6278975894927978, Global training time: 0.0486329972812468

[INFO] Non-IID 总分配样本数: 25897
  w_locals: 2456.80 MB
  gradient: 2456.80 MB
Round 27, Test Accuracy: 39.900001525878906, Loss: 1.6044187788009643, Global training time: 0.04103744307073512

[INFO] Non-IID 总分配样本数: 24672
  w_locals: 2456.80 MB
  gradient: 2456.80 MB
Round 28, Test Accuracy: 39.63999938964844, Loss: 1.6210311391830445, Global training time: 0.0476561978043598

[INFO] Non-IID 总分配样本数: 24921
  w_locals: 2456.80 MB
  gradient: 2456.80 MB
Round 29, Test Accuracy: 40.06999969482422, Loss: 1.6079868478775023, Global training time: 0.0519098373281193

[INFO] Non-IID 总分配样本数: 23887
WARNING:root:[WARNING] 可供补充的样本不足，仅剩 1548，将启用重复采样
  w_locals: 2456.80 MB
  gradient: 2456.80 MB
Round 30, Test Accuracy: 36.939998626708984, Loss: 1.6681130977630616, Global training time: 0.04235360839361565

[WARNING] 请求样本数超过数据集，按比例缩放: 0.6379
[INFO] Non-IID 总分配样本数: 49953
  w_locals: 2456.80 MB
  gradient: 2456.80 MB
Round 31, Test Accuracy: 42.58000183105469, Loss: 1.533838646507263, Global training time: 0.019620802268464403

[INFO] Non-IID 总分配样本数: 30492
  w_locals: 2456.80 MB
  gradient: 2456.80 MB
Round 32, Test Accuracy: 42.529998779296875, Loss: 1.5586981334686278, Global training time: 0.057183321346713355

[INFO] Non-IID 总分配样本数: 21062
  w_locals: 2456.80 MB
  gradient: 2456.80 MB
Round 33, Test Accuracy: 43.0, Loss: 1.532726334953308, Global training time: 0.032907248171947935

[INFO] Non-IID 总分配样本数: 24971
  w_locals: 2456.80 MB
  gradient: 2456.80 MB
Round 34, Test Accuracy: 44.5, Loss: 1.490269946861267, Global training time: 0.04958147181990447

[INFO] Non-IID 总分配样本数: 24786
  w_locals: 2456.80 MB
  gradient: 2456.80 MB
Round 35, Test Accuracy: 44.119998931884766, Loss: 1.4949926189422607, Global training time: 0.05698308679413103

[INFO] Non-IID 总分配样本数: 17092
  w_locals: 2456.80 MB
  gradient: 2456.80 MB
Round 36, Test Accuracy: 44.91999816894531, Loss: 1.4794797645568847, Global training time: 0.023067453694889894

[INFO] Non-IID 总分配样本数: 19841
  w_locals: 2456.80 MB
  gradient: 2456.80 MB
Round 37, Test Accuracy: 44.93000030517578, Loss: 1.482739965248108, Global training time: 0.041407459925993456

[INFO] Non-IID 总分配样本数: 30543
  w_locals: 2456.80 MB
  gradient: 2456.80 MB
Round 38, Test Accuracy: 46.0099983215332, Loss: 1.465978525352478, Global training time: 0.040914311557884754

[INFO] Non-IID 总分配样本数: 21430
  w_locals: 2456.80 MB
  gradient: 2456.80 MB
Round 39, Test Accuracy: 46.310001373291016, Loss: 1.4512025693893433, Global training time: 0.023818281575519643

[INFO] Non-IID 总分配样本数: 18442
WARNING:root:[WARNING] 可供补充的样本不足，仅剩 1313，将启用重复采样
  w_locals: 2456.80 MB
  gradient: 2456.80 MB
Round 40, Test Accuracy: 46.849998474121094, Loss: 1.4282097742080688, Global training time: 0.032003250833430176

[WARNING] 请求样本数超过数据集，按比例缩放: 0.6301
[INFO] Non-IID 总分配样本数: 49986
  w_locals: 2456.80 MB
  gradient: 2456.80 MB
Round 41, Test Accuracy: 47.619998931884766, Loss: 1.4251917985916138, Global training time: 0.016735133963273485

[INFO] Non-IID 总分配样本数: 26970
  w_locals: 2456.80 MB
  gradient: 2456.80 MB
Round 42, Test Accuracy: 48.2599983215332, Loss: 1.4053912378311157, Global training time: 0.03843946352047695

[INFO] Non-IID 总分配样本数: 16402
  w_locals: 2456.80 MB
  gradient: 2456.80 MB
Round 43, Test Accuracy: 47.08000183105469, Loss: 1.413934673309326, Global training time: 0.023514552360583106

[INFO] Non-IID 总分配样本数: 26440
  w_locals: 2456.80 MB
  gradient: 2456.80 MB
Round 44, Test Accuracy: 49.15999984741211, Loss: 1.3952348339080811, Global training time: 0.032154954381364904

[INFO] Non-IID 总分配样本数: 19531
  w_locals: 2456.80 MB
  gradient: 2456.80 MB
Round 45, Test Accuracy: 49.310001373291016, Loss: 1.3830467298507692, Global training time: 0.042678138931360715

[INFO] Non-IID 总分配样本数: 17944
  w_locals: 2456.80 MB
  gradient: 2456.80 MB
Round 46, Test Accuracy: 49.59000015258789, Loss: 1.377218632698059, Global training time: 0.026082974751208434

[INFO] Non-IID 总分配样本数: 28788
  w_locals: 2456.80 MB
  gradient: 2456.80 MB
Round 47, Test Accuracy: 49.619998931884766, Loss: 1.3785422412872315, Global training time: 0.04144613728042541

[INFO] Non-IID 总分配样本数: 25227
  w_locals: 2456.80 MB
  gradient: 2456.80 MB
Round 48, Test Accuracy: 49.470001220703125, Loss: 1.3719003225326538, Global training time: 0.027195241292696425

[INFO] Non-IID 总分配样本数: 24704
  w_locals: 2456.80 MB
  gradient: 2456.80 MB
Round 49, Test Accuracy: 50.189998626708984, Loss: 1.3645382360458373, Global training time: 0.04590622871551953

[INFO] Non-IID 总分配样本数: 22965
WARNING:root:[WARNING] 可供补充的样本不足，仅剩 1440，将启用重复采样
  w_locals: 2456.80 MB
  gradient: 2456.80 MB
Round 50, Test Accuracy: 49.7400016784668, Loss: 1.3912654891967773, Global training time: 0.03131821349774023

[WARNING] 请求样本数超过数据集，按比例缩放: 0.6740
[INFO] Non-IID 总分配样本数: 49974
  w_locals: 2456.80 MB
  gradient: 2456.80 MB
Round 51, Test Accuracy: 49.08000183105469, Loss: 1.3842842123031616, Global training time: 0.02427132601792635

[INFO] Non-IID 总分配样本数: 29125
  w_locals: 2456.80 MB
  gradient: 2456.80 MB
Round 52, Test Accuracy: 49.79999923706055, Loss: 1.3547567909240723, Global training time: 0.04808831794342873

[INFO] Non-IID 总分配样本数: 26363
  w_locals: 2456.80 MB
  gradient: 2456.80 MB
Round 53, Test Accuracy: 52.52000045776367, Loss: 1.3135426734924316, Global training time: 0.06013997262356564

[INFO] Non-IID 总分配样本数: 23374
  w_locals: 2456.80 MB
  gradient: 2456.80 MB
Round 54, Test Accuracy: 53.040000915527344, Loss: 1.2895692226409912, Global training time: 0.05006294378641983

[INFO] Non-IID 总分配样本数: 20367
  w_locals: 2456.80 MB
  gradient: 2456.80 MB
Round 55, Test Accuracy: 52.7599983215332, Loss: 1.3079000383377075, Global training time: 0.02910608724290416

[INFO] Non-IID 总分配样本数: 22718
  w_locals: 2456.80 MB
  gradient: 2456.80 MB
Round 56, Test Accuracy: 53.59000015258789, Loss: 1.2784756902694703, Global training time: 0.02307147990049214

[INFO] Non-IID 总分配样本数: 26862
  w_locals: 2456.80 MB
  gradient: 2456.80 MB
Round 57, Test Accuracy: 54.540000915527344, Loss: 1.2535873655319214, Global training time: 0.034622219365265196

[INFO] Non-IID 总分配样本数: 30153
  w_locals: 2456.80 MB
  gradient: 2456.80 MB
Round 58, Test Accuracy: 54.90999984741211, Loss: 1.2524925945281982, Global training time: 0.043435513915357264

[INFO] Non-IID 总分配样本数: 29939
  w_locals: 2456.80 MB
  gradient: 2456.80 MB
Round 59, Test Accuracy: 54.15999984741211, Loss: 1.2714230165481568, Global training time: 0.06509647438713935

[INFO] Non-IID 总分配样本数: 22848
WARNING:root:[WARNING] 可供补充的样本不足，仅剩 2362，将启用重复采样
  w_locals: 2456.80 MB
  gradient: 2456.80 MB
Round 60, Test Accuracy: 54.63999938964844, Loss: 1.2589338718414307, Global training time: 0.03477620308359852

[WARNING] 请求样本数超过数据集，按比例缩放: 0.7025
[INFO] Non-IID 总分配样本数: 49938
  w_locals: 2456.80 MB
  gradient: 2456.80 MB
Round 61, Test Accuracy: 54.869998931884766, Loss: 1.2351380685806275, Global training time: 0.022672529243345285

[INFO] Non-IID 总分配样本数: 16883
  w_locals: 2456.80 MB
  gradient: 2456.80 MB
Round 62, Test Accuracy: 55.81999969482422, Loss: 1.2172434406280517, Global training time: 0.026618131232982442

[INFO] Non-IID 总分配样本数: 24835
  w_locals: 2456.80 MB
  gradient: 2456.80 MB
Round 63, Test Accuracy: 55.720001220703125, Loss: 1.2253955408096313, Global training time: 0.053999797215755034

[INFO] Non-IID 总分配样本数: 23607
  w_locals: 2456.80 MB
  gradient: 2456.80 MB
Round 64, Test Accuracy: 56.20000076293945, Loss: 1.200091548538208, Global training time: 0.03392490810862069

[INFO] Non-IID 总分配样本数: 23057
  w_locals: 2456.80 MB
  gradient: 2456.80 MB
Round 65, Test Accuracy: 56.599998474121094, Loss: 1.2063628469467162, Global training time: 0.030557986170180657

[INFO] Non-IID 总分配样本数: 14337
  w_locals: 2456.80 MB
  gradient: 2456.80 MB
Round 66, Test Accuracy: 55.369998931884766, Loss: 1.2299450315475464, Global training time: 0.027529669283384

[INFO] Non-IID 总分配样本数: 19317
  w_locals: 2456.80 MB
  gradient: 2456.80 MB
Round 67, Test Accuracy: 57.560001373291016, Loss: 1.1825856075286865, Global training time: 0.049753165268111174

[INFO] Non-IID 总分配样本数: 24881
  w_locals: 2456.80 MB
  gradient: 2456.80 MB
Round 68, Test Accuracy: 56.75, Loss: 1.1865468599319458, Global training time: 0.057381525676574015

[INFO] Non-IID 总分配样本数: 25498
  w_locals: 2456.80 MB
  gradient: 2456.80 MB
Round 69, Test Accuracy: 57.52000045776367, Loss: 1.170546332359314, Global training time: 0.04719729663170679

[INFO] Non-IID 总分配样本数: 21189
WARNING:root:[WARNING] 可供补充的样本不足，仅剩 3673，将启用重复采样
  w_locals: 2456.80 MB
  gradient: 2456.80 MB
Round 70, Test Accuracy: 57.7400016784668, Loss: 1.1713195205688476, Global training time: 0.037143720794486634

[WARNING] 请求样本数超过数据集，按比例缩放: 0.6714
[INFO] Non-IID 总分配样本数: 49869
  w_locals: 2456.80 MB
  gradient: 2456.80 MB
Round 71, Test Accuracy: 58.65999984741211, Loss: 1.148094729232788, Global training time: 0.024911664156802082

[INFO] Non-IID 总分配样本数: 26377
  w_locals: 2456.80 MB
  gradient: 2456.80 MB
Round 72, Test Accuracy: 58.02000045776367, Loss: 1.1568363483428956, Global training time: 0.028166841143074373

[INFO] Non-IID 总分配样本数: 20219
  w_locals: 2456.80 MB
  gradient: 2456.80 MB
Round 73, Test Accuracy: 57.93000030517578, Loss: 1.1580298175811767, Global training time: 0.03274173047290115

[INFO] Non-IID 总分配样本数: 30548
  w_locals: 2456.80 MB
  gradient: 2456.80 MB
Round 74, Test Accuracy: 59.16999816894531, Loss: 1.124927413368225, Global training time: 0.035178687550215325

[INFO] Non-IID 总分配样本数: 27159
  w_locals: 2456.80 MB
  gradient: 2456.80 MB
Round 75, Test Accuracy: 58.2400016784668, Loss: 1.1600581996917725, Global training time: 0.03305959390494731

[INFO] Non-IID 总分配样本数: 29132
  w_locals: 2456.80 MB
  gradient: 2456.80 MB
Round 76, Test Accuracy: 59.650001525878906, Loss: 1.127631060218811, Global training time: 0.043869599919540564

[INFO] Non-IID 总分配样本数: 23227
  w_locals: 2456.80 MB
  gradient: 2456.80 MB
Round 77, Test Accuracy: 60.150001525878906, Loss: 1.1226606502532959, Global training time: 0.03335230120715059

[INFO] Non-IID 总分配样本数: 29917
  w_locals: 2456.80 MB
  gradient: 2456.80 MB
Round 78, Test Accuracy: 60.4900016784668, Loss: 1.1033415852546693, Global training time: 0.05003291965038545

[INFO] Non-IID 总分配样本数: 28953
  w_locals: 2456.80 MB
  gradient: 2456.80 MB
Round 79, Test Accuracy: 60.16999816894531, Loss: 1.1137460684776306, Global training time: 0.026138252933047428

[INFO] Non-IID 总分配样本数: 26935
WARNING:root:[WARNING] 可供补充的样本不足，仅剩 1891，将启用重复采样
  w_locals: 2456.80 MB
  gradient: 2456.80 MB
Round 80, Test Accuracy: 60.75, Loss: 1.1009974396705628, Global training time: 0.03177026192693705

[WARNING] 请求样本数超过数据集，按比例缩放: 0.6466
[INFO] Non-IID 总分配样本数: 49959
  w_locals: 2456.80 MB
  gradient: 2456.80 MB
Round 81, Test Accuracy: 60.08000183105469, Loss: 1.1093487060546876, Global training time: 0.01874090590329488

[INFO] Non-IID 总分配样本数: 31722
  w_locals: 2456.80 MB
  gradient: 2456.80 MB
Round 82, Test Accuracy: 61.709999084472656, Loss: 1.0715957964897156, Global training time: 0.06288557532782063

[INFO] Non-IID 总分配样本数: 27655
  w_locals: 2456.80 MB
  gradient: 2456.80 MB
Round 83, Test Accuracy: 62.20000076293945, Loss: 1.0613162831306457, Global training time: 0.027436065179945637

[INFO] Non-IID 总分配样本数: 31202
  w_locals: 2456.80 MB
  gradient: 2456.80 MB
Round 84, Test Accuracy: 61.36000061035156, Loss: 1.0792528047561645, Global training time: 0.033392569803191975

[INFO] Non-IID 总分配样本数: 27106
  w_locals: 2456.80 MB
  gradient: 2456.80 MB
Round 85, Test Accuracy: 61.400001525878906, Loss: 1.072044162273407, Global training time: 0.036498532111106194

[INFO] Non-IID 总分配样本数: 36050
  w_locals: 2456.80 MB
  gradient: 2456.80 MB
Round 86, Test Accuracy: 62.349998474121094, Loss: 1.0638660957336425, Global training time: 0.04993495976829241

[INFO] Non-IID 总分配样本数: 30844
  w_locals: 2456.80 MB
  gradient: 2456.80 MB
Round 87, Test Accuracy: 62.88999938964844, Loss: 1.0395812020301818, Global training time: 0.04564339296502559

[INFO] Non-IID 总分配样本数: 30981
  w_locals: 2456.80 MB
  gradient: 2456.80 MB
Round 88, Test Accuracy: 63.290000915527344, Loss: 1.0285464232444763, Global training time: 0.0337329975127913

[INFO] Non-IID 总分配样本数: 32618
  w_locals: 2456.80 MB
  gradient: 2456.80 MB
Round 89, Test Accuracy: 53.43000030517578, Loss: 1.3633687238693237, Global training time: 0.03542697180948564

[INFO] Non-IID 总分配样本数: 28435
WARNING:root:[WARNING] 可供补充的样本不足，仅剩 923，将启用重复采样
  w_locals: 2456.80 MB
  gradient: 2456.80 MB
Round 90, Test Accuracy: 63.310001373291016, Loss: 1.03877106590271, Global training time: 0.032926087164863796

[WARNING] 请求样本数超过数据集，按比例缩放: 0.7405
[INFO] Non-IID 总分配样本数: 49994
  w_locals: 2456.80 MB
  gradient: 2456.80 MB
Round 91, Test Accuracy: 63.599998474121094, Loss: 1.0193913500785827, Global training time: 0.01616609927727278

[INFO] Non-IID 总分配样本数: 20225
  w_locals: 2456.80 MB
  gradient: 2456.80 MB
Round 92, Test Accuracy: 64.30000305175781, Loss: 1.0008690999984742, Global training time: 0.02942169312571173

[INFO] Non-IID 总分配样本数: 29653
  w_locals: 2456.80 MB
  gradient: 2456.80 MB
Round 93, Test Accuracy: 64.44000244140625, Loss: 1.0000527302742004, Global training time: 0.058925327673472624

[INFO] Non-IID 总分配样本数: 28577
  w_locals: 2456.80 MB
  gradient: 2456.80 MB
Round 94, Test Accuracy: 64.72000122070312, Loss: 0.996416352558136, Global training time: 0.02937151682925742

[INFO] Non-IID 总分配样本数: 27234
  w_locals: 2456.80 MB
  gradient: 2456.80 MB
Round 95, Test Accuracy: 64.95999908447266, Loss: 0.993212743473053, Global training time: 0.06605193726213612

[INFO] Non-IID 总分配样本数: 23351
  w_locals: 2456.80 MB
  gradient: 2456.80 MB
Round 96, Test Accuracy: 64.30999755859375, Loss: 1.0167879196166991, Global training time: 0.031588742613012886

[INFO] Non-IID 总分配样本数: 21552
  w_locals: 2456.80 MB
  gradient: 2456.80 MB
Round 97, Test Accuracy: 65.69999694824219, Loss: 0.9765245154380798, Global training time: 0.04883019748715439

[INFO] Non-IID 总分配样本数: 27728
  w_locals: 2456.80 MB
  gradient: 2456.80 MB
Round 98, Test Accuracy: 64.3499984741211, Loss: 1.0036186052322387, Global training time: 0.03639715848504685

[INFO] Non-IID 总分配样本数: 24089
  w_locals: 2456.80 MB
  gradient: 2456.80 MB
Round 99, Test Accuracy: 65.48999786376953, Loss: 0.9837200199127197, Global training time: 0.04426818622514474

[INFO] Non-IID 总分配样本数: 25089
  w_locals: 2456.80 MB
  gradient: 2456.80 MB
Round 100, Test Accuracy: 65.0199966430664, Loss: 0.9971564347267151, Global training time: 0.04238048130924197

成功保存数据pkl文件
OnlineFL已训练完成，最终结果： {'ais': 2, 'test_accuracies': [tensor(65.0200)], 'global_round_accuracies': [[tensor(10.), tensor(12.7800), tensor(10.0200), tensor(10.), tensor(15.8000), tensor(12.7300), tensor(10.), tensor(11.8600), tensor(13.7300), tensor(14.1200), tensor(22.6000), tensor(22.2200), tensor(24.7000), tensor(26.6500), tensor(25.7200), tensor(29.3300), tensor(29.7500), tensor(31.4800), tensor(33.8500), tensor(35.5000), tensor(27.1000), tensor(36.8000), tensor(37.4900), tensor(37.5800), tensor(39.0700), tensor(38.9700), tensor(39.9000), tensor(39.6400), tensor(40.0700), tensor(36.9400), tensor(42.5800), tensor(42.5300), tensor(43.), tensor(44.5000), tensor(44.1200), tensor(44.9200), tensor(44.9300), tensor(46.0100), tensor(46.3100), tensor(46.8500), tensor(47.6200), tensor(48.2600), tensor(47.0800), tensor(49.1600), tensor(49.3100), tensor(49.5900), tensor(49.6200), tensor(49.4700), tensor(50.1900), tensor(49.7400), tensor(49.0800), tensor(49.8000), tensor(52.5200), tensor(53.0400), tensor(52.7600), tensor(53.5900), tensor(54.5400), tensor(54.9100), tensor(54.1600), tensor(54.6400), tensor(54.8700), tensor(55.8200), tensor(55.7200), tensor(56.2000), tensor(56.6000), tensor(55.3700), tensor(57.5600), tensor(56.7500), tensor(57.5200), tensor(57.7400), tensor(58.6600), tensor(58.0200), tensor(57.9300), tensor(59.1700), tensor(58.2400), tensor(59.6500), tensor(60.1500), tensor(60.4900), tensor(60.1700), tensor(60.7500), tensor(60.0800), tensor(61.7100), tensor(62.2000), tensor(61.3600), tensor(61.4000), tensor(62.3500), tensor(62.8900), tensor(63.2900), tensor(53.4300), tensor(63.3100), tensor(63.6000), tensor(64.3000), tensor(64.4400), tensor(64.7200), tensor(64.9600), tensor(64.3100), tensor(65.7000), tensor(64.3500), tensor(65.4900), tensor(65.0200)]], 'global_round_times': [[np.float64(0.03322631024954575), np.float64(0.03631115026388892), np.float64(0.044721195309374163), np.float64(0.029862178148782212), np.float64(0.04050564494522907), np.float64(0.042869245397338454), np.float64(0.05582441283880249), np.float64(0.052347309684313635), np.float64(0.039867293451449966), np.float64(0.030702851854801816), np.float64(0.02026968945044347), np.float64(0.0613509203248843), np.float64(0.05380987683620024), np.float64(0.02527441059156125), np.float64(0.03597225901189894), np.float64(0.05348700611313469), np.float64(0.05473706340415674), np.float64(0.03547670105577514), np.float64(0.06230095288777775), np.float64(0.05299319329056991), np.float64(0.02527149163659901), np.float64(0.032781950383775606), np.float64(0.0298876373167847), np.float64(0.033734054410767496), np.float64(0.043375920444591105), np.float64(0.0486329972812468), np.float64(0.04103744307073512), np.float64(0.0476561978043598), np.float64(0.0519098373281193), np.float64(0.04235360839361565), np.float64(0.019620802268464403), np.float64(0.057183321346713355), np.float64(0.032907248171947935), np.float64(0.04958147181990447), np.float64(0.05698308679413103), np.float64(0.023067453694889894), np.float64(0.041407459925993456), np.float64(0.040914311557884754), np.float64(0.023818281575519643), np.float64(0.032003250833430176), np.float64(0.016735133963273485), np.float64(0.03843946352047695), np.float64(0.023514552360583106), np.float64(0.032154954381364904), np.float64(0.042678138931360715), np.float64(0.026082974751208434), np.float64(0.04144613728042541), np.float64(0.027195241292696425), np.float64(0.04590622871551953), np.float64(0.03131821349774023), np.float64(0.02427132601792635), np.float64(0.04808831794342873), np.float64(0.06013997262356564), np.float64(0.05006294378641983), np.float64(0.02910608724290416), np.float64(0.02307147990049214), np.float64(0.034622219365265196), np.float64(0.043435513915357264), np.float64(0.06509647438713935), np.float64(0.03477620308359852), np.float64(0.022672529243345285), np.float64(0.026618131232982442), np.float64(0.053999797215755034), np.float64(0.03392490810862069), np.float64(0.030557986170180657), np.float64(0.027529669283384), np.float64(0.049753165268111174), np.float64(0.057381525676574015), np.float64(0.04719729663170679), np.float64(0.037143720794486634), np.float64(0.024911664156802082), np.float64(0.028166841143074373), np.float64(0.03274173047290115), np.float64(0.035178687550215325), np.float64(0.03305959390494731), np.float64(0.043869599919540564), np.float64(0.03335230120715059), np.float64(0.05003291965038545), np.float64(0.026138252933047428), np.float64(0.03177026192693705), np.float64(0.01874090590329488), np.float64(0.06288557532782063), np.float64(0.027436065179945637), np.float64(0.033392569803191975), np.float64(0.036498532111106194), np.float64(0.04993495976829241), np.float64(0.04564339296502559), np.float64(0.0337329975127913), np.float64(0.03542697180948564), np.float64(0.032926087164863796), np.float64(0.01616609927727278), np.float64(0.02942169312571173), np.float64(0.058925327673472624), np.float64(0.02937151682925742), np.float64(0.06605193726213612), np.float64(0.031588742613012886), np.float64(0.04883019748715439), np.float64(0.03639715848504685), np.float64(0.04426818622514474), np.float64(0.04238048130924197)]]}

Time Slot 5 Results:
  Selected Devices: [4, 14, 29, 40, 47]
  Total Offload Data: 0.0000
  Sample Device Computation F: [np.float64(72.43092839636374), np.float64(43.124255555488794), np.float64(70.85833758123958), np.float64(120.28530369882444), np.float64(147.7395913108063)]
  Sample Final Data Amounts: [np.float64(0.0), np.float64(0.0), np.float64(0.0), np.float64(0.0), np.float64(84.95141983590874)]

Time Slot 10 Results:
  Selected Devices: [4, 14, 29, 40, 47]
  Total Offload Data: 0.0000
  Sample Device Computation F: [np.float64(163.1699510520597), np.float64(36.36667942735024), np.float64(67.1761541609422), np.float64(260.4664018175096), np.float64(157.2757060813715)]
  Sample Final Data Amounts: [np.float64(0.0), np.float64(0.0), np.float64(0.0), np.float64(0.0), np.float64(53.67827630653243)]

Time Slot 15 Results:
  Selected Devices: [14, 20, 21, 26, 29]
  Total Offload Data: 0.0000
  Sample Device Computation F: [np.float64(181.0397563383447), np.float64(51.98316822495741), np.float64(33.40256729422279), np.float64(101.9767226484743), np.float64(90.01512970822141)]
  Sample Final Data Amounts: [np.float64(0.0), np.float64(0.0), np.float64(0.0), np.float64(0.0), np.float64(0.0)]

Time Slot 20 Results:
  Selected Devices: [14, 20, 21, 26, 29]
  Total Offload Data: 0.0000
  Sample Device Computation F: [np.float64(71.01199933340008), np.float64(35.777044062655186), np.float64(72.0486287154061), np.float64(210.11550790971077), np.float64(153.49221237801416)]
  Sample Final Data Amounts: [np.float64(0.0), np.float64(0.0), np.float64(0.0), np.float64(0.0), np.float64(0.0)]

Time Slot 25 Results:
  Selected Devices: [12, 18, 26, 38, 42]
  Total Offload Data: 0.0000
  Sample Device Computation F: [np.float64(134.50814538716918), np.float64(42.25733086514728), np.float64(49.184202785138055), np.float64(114.91122929326198), np.float64(124.16784402960184)]
  Sample Final Data Amounts: [np.float64(0.0), np.float64(0.0), np.float64(0.0), np.float64(0.0), np.float64(0.0)]

Time Slot 30 Results:
  Selected Devices: [12, 18, 26, 38, 42]
  Total Offload Data: 0.0000
  Sample Device Computation F: [np.float64(193.16678335603666), np.float64(44.11961415875542), np.float64(45.00560404581462), np.float64(173.636591014116), np.float64(78.43053497051638)]
  Sample Final Data Amounts: [np.float64(0.0), np.float64(0.0), np.float64(0.0), np.float64(0.0), np.float64(0.0)]

Time Slot 35 Results:
  Selected Devices: [3, 4, 19, 31, 42]
  Total Offload Data: 0.0000
  Sample Device Computation F: [np.float64(156.6368475980026), np.float64(46.19282170672403), np.float64(30.33331678269476), np.float64(115.16473765601712), np.float64(96.67633634950009)]
  Sample Final Data Amounts: [np.float64(0.0), np.float64(0.0), np.float64(0.0), np.float64(43.32838405414089), np.float64(94.17936417632724)]

Time Slot 40 Results:
  Selected Devices: [3, 4, 19, 31, 42]
  Total Offload Data: 0.0000
  Sample Device Computation F: [np.float64(117.18192276084595), np.float64(28.09458983908196), np.float64(61.516534582642834), np.float64(186.75184368112627), np.float64(66.78514049940657)]
  Sample Final Data Amounts: [np.float64(0.0), np.float64(0.0), np.float64(0.0), np.float64(45.563709035123104), np.float64(47.97444844801266)]

Time Slot 45 Results:
  Selected Devices: [3, 18, 26, 35, 46]
  Total Offload Data: 0.0000
  Sample Device Computation F: [np.float64(135.49540385793208), np.float64(27.652374711807227), np.float64(72.08304411191543), np.float64(262.5569013248089), np.float64(138.44437082267223)]
  Sample Final Data Amounts: [np.float64(0.0), np.float64(0.0), np.float64(0.0), np.float64(41.04910044155302), np.float64(0.0)]

Time Slot 50 Results:
  Selected Devices: [3, 18, 26, 35, 46]
  Total Offload Data: 0.0000
  Sample Device Computation F: [np.float64(163.40441234032107), np.float64(30.422039622890217), np.float64(46.97678728538321), np.float64(119.72014773692955), np.float64(156.42917621370313)]
  Sample Final Data Amounts: [np.float64(0.0), np.float64(0.0), np.float64(0.0), np.float64(58.568737505991784), np.float64(0.0)]

Time Slot 55 Results:
  Selected Devices: [14, 19, 40, 42, 43]
  Total Offload Data: 0.0000
  Sample Device Computation F: [np.float64(83.44041985502597), np.float64(49.4264073788433), np.float64(32.83272166251919), np.float64(193.02718230040637), np.float64(140.85744917900885)]
  Sample Final Data Amounts: [np.float64(0.0), np.float64(0.0), np.float64(0.0), np.float64(0.0), np.float64(0.0)]

Time Slot 60 Results:
  Selected Devices: [14, 19, 40, 42, 43]
  Total Offload Data: 0.0000
  Sample Device Computation F: [np.float64(198.22039509769417), np.float64(17.696030737663527), np.float64(60.68008366280356), np.float64(108.96160060337782), np.float64(96.66708351848828)]
  Sample Final Data Amounts: [np.float64(0.0), np.float64(0.0), np.float64(0.0), np.float64(0.0), np.float64(0.0)]

Time Slot 65 Results:
  Selected Devices: [18, 20, 23, 46, 47]
  Total Offload Data: 0.0000
  Sample Device Computation F: [np.float64(126.27832315257444), np.float64(35.00597408393769), np.float64(54.221204590319985), np.float64(269.5593015832771), np.float64(106.45985845670715)]
  Sample Final Data Amounts: [np.float64(0.0), np.float64(0.0), np.float64(0.0), np.float64(0.0), np.float64(0.0)]

Time Slot 70 Results:
  Selected Devices: [18, 20, 23, 46, 47]
  Total Offload Data: 19.7485
  Sample Device Computation F: [np.float64(188.17735077080866), np.float64(36.851761468737536), np.float64(32.933984027330126), np.float64(159.00769350205454), np.float64(67.28432327362249)]
  Sample Final Data Amounts: [np.float64(0.0), np.float64(0.0), np.float64(0.0), np.float64(0.0), np.float64(0.0)]

Time Slot 75 Results:
  Selected Devices: [3, 4, 19, 20, 40]
  Total Offload Data: 0.0000
  Sample Device Computation F: [np.float64(106.5095635929296), np.float64(48.919631903604625), np.float64(53.33646862155487), np.float64(227.2545325708839), np.float64(153.6703843712483)]
  Sample Final Data Amounts: [np.float64(0.0), np.float64(0.0), np.float64(0.0), np.float64(48.39615325265209), np.float64(103.15915099540696)]

Time Slot 80 Results:
  Selected Devices: [3, 4, 19, 20, 40]
  Total Offload Data: 0.0000
  Sample Device Computation F: [np.float64(118.12357444026802), np.float64(45.928693766776966), np.float64(67.89407180493102), np.float64(116.31847475378822), np.float64(138.9807418195671)]
  Sample Final Data Amounts: [np.float64(0.0), np.float64(0.0), np.float64(0.0), np.float64(56.299765848182155), np.float64(74.86679544382484)]

Time Slot 85 Results:
  Selected Devices: [7, 18, 19, 21, 26]
  Total Offload Data: 0.0000
  Sample Device Computation F: [np.float64(136.21916441452373), np.float64(17.582699914660783), np.float64(31.707333592640058), np.float64(226.87000615067123), np.float64(118.3858815689685)]
  Sample Final Data Amounts: [np.float64(0.0), np.float64(0.0), np.float64(0.0), np.float64(0.0), np.float64(0.0)]

Time Slot 90 Results:
  Selected Devices: [7, 18, 19, 21, 26]
  Total Offload Data: 0.0000
  Sample Device Computation F: [np.float64(116.33349809117763), np.float64(41.65099557699248), np.float64(65.93832452259366), np.float64(132.66738089618485), np.float64(143.2935922440669)]
  Sample Final Data Amounts: [np.float64(0.0), np.float64(0.0), np.float64(0.0), np.float64(0.0), np.float64(0.0)]

Time Slot 95 Results:
  Selected Devices: [4, 12, 17, 33, 40]
  Total Offload Data: 0.0000
  Sample Device Computation F: [np.float64(114.98098827661902), np.float64(47.470194863065956), np.float64(44.91210223967515), np.float64(229.49460653617885), np.float64(98.52378333126306)]
  Sample Final Data Amounts: [np.float64(0.0), np.float64(0.0), np.float64(0.0), np.float64(0.0), np.float64(98.52378333126306)]

Time Slot 100 Results:
  Selected Devices: [4, 12, 17, 33, 40]
  Total Offload Data: 0.0000
  Sample Device Computation F: [np.float64(88.3332751327795), np.float64(48.18630236154838), np.float64(38.81063438793997), np.float64(159.78221362035345), np.float64(72.65249654119928)]
  Sample Final Data Amounts: [np.float64(0.0), np.float64(0.0), np.float64(0.0), np.float64(0.0), np.float64(51.952432676317834)]

=== 仿真结果 (N=50) ===
平均吞吐量:
  提出的方法 (T=10): 357.1605WARNING:root:[WARNING] 可供补充的样本不足，仅剩 2251，将启用重复采样

  本地执行: 218.6793
  静态编排: 167.1393
  提出的方法 (T1=20): 317.9881
step1 获取到100个时隙的工作节点以及实际训练量
目标准确率：55.0，目标epoch：100
non-iid
[WARNING] 请求样本数超过数据集，按比例缩放: 0.6767
[INFO] Non-IID 总分配样本数: 49928
  w_locals: 2456.80 MB
  gradient: 2456.80 MB
Round 1, Test Accuracy: 10.390000343322754, Loss: 2.3015947078704833, Global training time: 0.03499493707735524

[INFO] Non-IID 总分配样本数: 26297
  w_locals: 2456.80 MB
  gradient: 2456.80 MB
Round 2, Test Accuracy: 12.1899995803833, Loss: 2.3001398834228515, Global training time: 0.039392699085355455

[INFO] Non-IID 总分配样本数: 22862
  w_locals: 2456.80 MB
  gradient: 2456.80 MB
Round 3, Test Accuracy: 11.140000343322754, Loss: 2.298781406021118, Global training time: 0.048584391211520486

[INFO] Non-IID 总分配样本数: 24660
  w_locals: 2456.80 MB
  gradient: 2456.80 MB
Round 4, Test Accuracy: 12.15999984741211, Loss: 2.297159245300293, Global training time: 0.03037837442501729

[INFO] Non-IID 总分配样本数: 29933
  w_locals: 2456.80 MB
  gradient: 2456.80 MB
Round 5, Test Accuracy: 10.460000038146973, Loss: 2.295271445465088, Global training time: 0.04428538026401193

[INFO] Non-IID 总分配样本数: 28601
  w_locals: 2456.80 MB
  gradient: 2456.80 MB
Round 6, Test Accuracy: 10.279999732971191, Loss: 2.293294458770752, Global training time: 0.03866478674152516

[INFO] Non-IID 总分配样本数: 27923
  w_locals: 2456.80 MB
  gradient: 2456.80 MB
Round 7, Test Accuracy: 10.0, Loss: 2.2910386154174804, Global training time: 0.058830855714510126

[INFO] Non-IID 总分配样本数: 32266
  w_locals: 2456.80 MB
  gradient: 2456.80 MB
Round 8, Test Accuracy: 10.0, Loss: 2.28745758972168, Global training time: 0.056305111813981804

[INFO] Non-IID 总分配样本数: 26864
  w_locals: 2456.80 MB
  gradient: 2456.80 MB
Round 9, Test Accuracy: 10.0, Loss: 2.2830171772003176, Global training time: 0.042961614058765

[INFO] Non-IID 总分配样本数: 24213
WARNING:root:[WARNING] 可供补充的样本不足，仅剩 1941，将启用重复采样
  w_locals: 2456.80 MB
  gradient: 2456.80 MB
Round 10, Test Accuracy: 15.680000305175781, Loss: 2.2778664520263674, Global training time: 0.03521328709543686

[WARNING] 请求样本数超过数据集，按比例缩放: 0.5965
[INFO] Non-IID 总分配样本数: 49927
  w_locals: 2456.80 MB
  gradient: 2456.80 MB
Round 11, Test Accuracy: 13.449999809265137, Loss: 2.2700140377044677, Global training time: 0.02311400575021489

[INFO] Non-IID 总分配样本数: 25117
  w_locals: 2456.80 MB
  gradient: 2456.80 MB
Round 12, Test Accuracy: 17.649999618530273, Loss: 2.254464555358887, Global training time: 0.06549556215666545

[INFO] Non-IID 总分配样本数: 27204
  w_locals: 2456.80 MB
  gradient: 2456.80 MB
Round 13, Test Accuracy: 22.690000534057617, Loss: 2.2236178031921385, Global training time: 0.05820481200628896

[INFO] Non-IID 总分配样本数: 23478
  w_locals: 2456.80 MB
  gradient: 2456.80 MB
Round 14, Test Accuracy: 24.299999237060547, Loss: 2.1725275882720947, Global training time: 0.025486139989997707

[INFO] Non-IID 总分配样本数: 29184
  w_locals: 2456.80 MB
  gradient: 2456.80 MB
Round 15, Test Accuracy: 26.049999237060547, Loss: 2.0869348754882813, Global training time: 0.0373096205925523

[INFO] Non-IID 总分配样本数: 30701
  w_locals: 2456.80 MB
  gradient: 2456.80 MB
Round 16, Test Accuracy: 28.25, Loss: 2.008487021446228, Global training time: 0.05445490296215642

[INFO] Non-IID 总分配样本数: 21509
  w_locals: 2456.80 MB
  gradient: 2456.80 MB
Round 17, Test Accuracy: 27.6200008392334, Loss: 1.9741749044418335, Global training time: 0.05790684354083075

[INFO] Non-IID 总分配样本数: 28410
  w_locals: 2456.80 MB
  gradient: 2456.80 MB
Round 18, Test Accuracy: 29.34000015258789, Loss: 1.9293735536575318, Global training time: 0.03310581677039962

[INFO] Non-IID 总分配样本数: 28982
  w_locals: 2456.80 MB
  gradient: 2456.80 MB
Round 19, Test Accuracy: 31.0, Loss: 1.880583424758911, Global training time: 0.06965916210533116

[INFO] Non-IID 总分配样本数: 26911
WARNING:root:[WARNING] 可供补充的样本不足，仅剩 172，将启用重复采样
  w_locals: 2456.80 MB
  gradient: 2456.80 MB
Round 20, Test Accuracy: 32.720001220703125, Loss: 1.8289414096832275, Global training time: 0.06308953068501615

[WARNING] 请求样本数超过数据集，按比例缩放: 0.6960
[INFO] Non-IID 总分配样本数: 50018
  w_locals: 2456.80 MB
  gradient: 2456.80 MB
Round 21, Test Accuracy: 30.65999984741211, Loss: 1.87509766292572, Global training time: 0.02989459981724058

[INFO] Non-IID 总分配样本数: 20102
  w_locals: 2456.80 MB
  gradient: 2456.80 MB
Round 22, Test Accuracy: 32.150001525878906, Loss: 1.778920920753479, Global training time: 0.03629647885573533

[INFO] Non-IID 总分配样本数: 22794
  w_locals: 2456.80 MB
  gradient: 2456.80 MB
Round 23, Test Accuracy: 34.56999969482422, Loss: 1.7253689266204835, Global training time: 0.03308016920967881

[INFO] Non-IID 总分配样本数: 26424
  w_locals: 2456.80 MB
  gradient: 2456.80 MB
Round 24, Test Accuracy: 35.95000076293945, Loss: 1.6918704963684081, Global training time: 0.037596917982632816

[INFO] Non-IID 总分配样本数: 21847
  w_locals: 2456.80 MB
  gradient: 2456.80 MB
Round 25, Test Accuracy: 37.54999923706055, Loss: 1.6744845531463624, Global training time: 0.044831351567850425

[INFO] Non-IID 总分配样本数: 29942
  w_locals: 2456.80 MB
  gradient: 2456.80 MB
Round 26, Test Accuracy: 36.56999969482422, Loss: 1.6856783514022826, Global training time: 0.04869863102534626

[INFO] Non-IID 总分配样本数: 25897
  w_locals: 2456.80 MB
  gradient: 2456.80 MB
Round 27, Test Accuracy: 39.209999084472656, Loss: 1.619230104446411, Global training time: 0.04053280130771033

[INFO] Non-IID 总分配样本数: 24672
  w_locals: 2456.80 MB
  gradient: 2456.80 MB
Round 28, Test Accuracy: 39.63999938964844, Loss: 1.6288776943206786, Global training time: 0.05128881306844111

[INFO] Non-IID 总分配样本数: 24921
  w_locals: 2456.80 MB
  gradient: 2456.80 MB
Round 29, Test Accuracy: 39.83000183105469, Loss: 1.6397837713241576, Global training time: 0.056028763703202124

[INFO] Non-IID 总分配样本数: 23887
WARNING:root:[WARNING] 可供补充的样本不足，仅剩 1111，将启用重复采样
  w_locals: 2456.80 MB
  gradient: 2456.80 MB
Round 30, Test Accuracy: 39.630001068115234, Loss: 1.6556150625228883, Global training time: 0.044357338312555145

[WARNING] 请求样本数超过数据集，按比例缩放: 0.6379
[INFO] Non-IID 总分配样本数: 49985
  w_locals: 2456.80 MB
  gradient: 2456.80 MB
Round 31, Test Accuracy: 42.2400016784668, Loss: 1.5483181510925292, Global training time: 0.021141561685796808

[INFO] Non-IID 总分配样本数: 30492
  w_locals: 2456.80 MB
  gradient: 2456.80 MB
Round 32, Test Accuracy: 41.29999923706055, Loss: 1.5802650630950927, Global training time: 0.06020497936139148

[INFO] Non-IID 总分配样本数: 21062
  w_locals: 2456.80 MB
  gradient: 2456.80 MB
Round 33, Test Accuracy: 42.810001373291016, Loss: 1.5291603927612305, Global training time: 0.029292092627340918

[INFO] Non-IID 总分配样本数: 24971
  w_locals: 2456.80 MB
  gradient: 2456.80 MB
Round 34, Test Accuracy: 43.779998779296875, Loss: 1.508947060585022, Global training time: 0.04809479266502137

[INFO] Non-IID 总分配样本数: 24786
  w_locals: 2456.80 MB
  gradient: 2456.80 MB
Round 35, Test Accuracy: 44.279998779296875, Loss: 1.4906879468917846, Global training time: 0.052692816027268795

[INFO] Non-IID 总分配样本数: 17092
  w_locals: 2456.80 MB
  gradient: 2456.80 MB
Round 36, Test Accuracy: 45.09000015258789, Loss: 1.4716477573394775, Global training time: 0.02393822496151129

[INFO] Non-IID 总分配样本数: 19841
  w_locals: 2456.80 MB
  gradient: 2456.80 MB
Round 37, Test Accuracy: 45.689998626708984, Loss: 1.4601802652359008, Global training time: 0.04778603608039368

[INFO] Non-IID 总分配样本数: 30543
  w_locals: 2456.80 MB
  gradient: 2456.80 MB
Round 38, Test Accuracy: 45.34000015258789, Loss: 1.4785986032485963, Global training time: 0.042022679076389825

[INFO] Non-IID 总分配样本数: 21430
  w_locals: 2456.80 MB
  gradient: 2456.80 MB
Round 39, Test Accuracy: 46.0099983215332, Loss: 1.4553350551605224, Global training time: 0.02596686900057574

[INFO] Non-IID 总分配样本数: 18442
WARNING:root:[WARNING] 可供补充的样本不足，仅剩 813，将启用重复采样
  w_locals: 2456.80 MB
  gradient: 2456.80 MB
Round 40, Test Accuracy: 44.970001220703125, Loss: 1.4816988882064819, Global training time: 0.04315869968283693

[WARNING] 请求样本数超过数据集，按比例缩放: 0.6301
[INFO] Non-IID 总分配样本数: 49984
  w_locals: 2456.80 MB
  gradient: 2456.80 MB
Round 41, Test Accuracy: 47.36000061035156, Loss: 1.4268496059417726, Global training time: 0.020580167468952075

[INFO] Non-IID 总分配样本数: 26970
  w_locals: 2456.80 MB
  gradient: 2456.80 MB
Round 42, Test Accuracy: 48.099998474121094, Loss: 1.3941728351593017, Global training time: 0.04413701970505438

[INFO] Non-IID 总分配样本数: 16402
  w_locals: 2456.80 MB
  gradient: 2456.80 MB
Round 43, Test Accuracy: 48.0099983215332, Loss: 1.40457202835083, Global training time: 0.028720005461632475

[INFO] Non-IID 总分配样本数: 26440
  w_locals: 2456.80 MB
  gradient: 2456.80 MB
Round 44, Test Accuracy: 48.720001220703125, Loss: 1.3859898307800294, Global training time: 0.03748191444113018

[INFO] Non-IID 总分配样本数: 19531
  w_locals: 2456.80 MB
  gradient: 2456.80 MB
Round 45, Test Accuracy: 48.959999084472656, Loss: 1.3742149286270142, Global training time: 0.052873920645900144

[INFO] Non-IID 总分配样本数: 17944
  w_locals: 2456.80 MB
  gradient: 2456.80 MB
Round 46, Test Accuracy: 49.25, Loss: 1.3715449337005616, Global training time: 0.031001254889810377

[INFO] Non-IID 总分配样本数: 28788
  w_locals: 2456.80 MB
  gradient: 2456.80 MB
Round 47, Test Accuracy: 49.08000183105469, Loss: 1.401032218170166, Global training time: 0.04150764177543995

[INFO] Non-IID 总分配样本数: 25227
  w_locals: 2456.80 MB
  gradient: 2456.80 MB
Round 48, Test Accuracy: 48.349998474121094, Loss: 1.3980613542556763, Global training time: 0.02795953147058423

[INFO] Non-IID 总分配样本数: 24704
  w_locals: 2456.80 MB
  gradient: 2456.80 MB
Round 49, Test Accuracy: 50.599998474121094, Loss: 1.335806566619873, Global training time: 0.05519257673747054

[INFO] Non-IID 总分配样本数: 22965
WARNING:root:[WARNING] 可供补充的样本不足，仅剩 1473，将启用重复采样
  w_locals: 2456.80 MB
  gradient: 2456.80 MB
Round 50, Test Accuracy: 50.709999084472656, Loss: 1.344689010810852, Global training time: 0.03279178593533044

[WARNING] 请求样本数超过数据集，按比例缩放: 0.6740
[INFO] Non-IID 总分配样本数: 49952
  w_locals: 2456.80 MB
  gradient: 2456.80 MB
Round 51, Test Accuracy: 51.58000183105469, Loss: 1.3178017845153809, Global training time: 0.02522750344943201

[INFO] Non-IID 总分配样本数: 29125
  w_locals: 2456.80 MB
  gradient: 2456.80 MB
Round 52, Test Accuracy: 52.41999816894531, Loss: 1.3040796449661254, Global training time: 0.04567249178317691

[INFO] Non-IID 总分配样本数: 26363
  w_locals: 2456.80 MB
  gradient: 2456.80 MB
Round 53, Test Accuracy: 52.63999938964844, Loss: 1.3074435335159302, Global training time: 0.060510504823311696

[INFO] Non-IID 总分配样本数: 23374
  w_locals: 2456.80 MB
  gradient: 2456.80 MB
Round 54, Test Accuracy: 51.869998931884766, Loss: 1.3216668033599854, Global training time: 0.05326269969469767

[INFO] Non-IID 总分配样本数: 20367
  w_locals: 2456.80 MB
  gradient: 2456.80 MB
Round 55, Test Accuracy: 53.529998779296875, Loss: 1.280951393890381, Global training time: 0.030132041914428264

[INFO] Non-IID 总分配样本数: 22718
  w_locals: 2456.80 MB
  gradient: 2456.80 MB
Round 56, Test Accuracy: 53.2599983215332, Loss: 1.2802423866271972, Global training time: 0.023939413109993746

[INFO] Non-IID 总分配样本数: 26862
  w_locals: 2456.80 MB
  gradient: 2456.80 MB
Round 57, Test Accuracy: 53.47999954223633, Loss: 1.2723423513412475, Global training time: 0.03517527696633787

[INFO] Non-IID 总分配样本数: 30153
  w_locals: 2456.80 MB
  gradient: 2456.80 MB
Round 58, Test Accuracy: 54.33000183105469, Loss: 1.2512168510437012, Global training time: 0.042683371326724444

[INFO] Non-IID 总分配样本数: 29939
  w_locals: 2456.80 MB
  gradient: 2456.80 MB
Round 59, Test Accuracy: 53.400001525878906, Loss: 1.2956331132888794, Global training time: 0.06549135197685253

[INFO] Non-IID 总分配样本数: 22848
WARNING:root:[WARNING] 可供补充的样本不足，仅剩 2307，将启用重复采样
  w_locals: 2456.80 MB
  gradient: 2456.80 MB
Round 60, Test Accuracy: 54.880001068115234, Loss: 1.2401796072006226, Global training time: 0.03131359999892566

[WARNING] 请求样本数超过数据集，按比例缩放: 0.7025
[INFO] Non-IID 总分配样本数: 49928
  w_locals: 2456.80 MB
  gradient: 2456.80 MB
Round 61, Test Accuracy: 55.75, Loss: 1.2188620449066163, Global training time: 0.024224329789695364

[INFO] Non-IID 总分配样本数: 16883
  w_locals: 2456.80 MB
  gradient: 2456.80 MB
Round 62, Test Accuracy: 55.97999954223633, Loss: 1.2220643701553344, Global training time: 0.030087149685141038

[INFO] Non-IID 总分配样本数: 24835
  w_locals: 2456.80 MB
  gradient: 2456.80 MB
Round 63, Test Accuracy: 54.5099983215332, Loss: 1.243673696899414, Global training time: 0.053983553940797104

[INFO] Non-IID 总分配样本数: 23607
  w_locals: 2456.80 MB
  gradient: 2456.80 MB
Round 64, Test Accuracy: 55.720001220703125, Loss: 1.2296953523635865, Global training time: 0.0327291146445766

[INFO] Non-IID 总分配样本数: 23057
  w_locals: 2456.80 MB
  gradient: 2456.80 MB
Round 65, Test Accuracy: 56.599998474121094, Loss: 1.1971051076889039, Global training time: 0.032250760824990586

[INFO] Non-IID 总分配样本数: 14337
  w_locals: 2456.80 MB
  gradient: 2456.80 MB
Round 66, Test Accuracy: 57.27000045776367, Loss: 1.1862371791839599, Global training time: 0.031096187819333366

[INFO] Non-IID 总分配样本数: 19317
  w_locals: 2456.80 MB
  gradient: 2456.80 MB
Round 67, Test Accuracy: 57.369998931884766, Loss: 1.1873730154037476, Global training time: 0.049336109910566

[INFO] Non-IID 总分配样本数: 24881
  w_locals: 2456.80 MB
  gradient: 2456.80 MB
Round 68, Test Accuracy: 57.880001068115234, Loss: 1.1772393852233887, Global training time: 0.04778454491371831

[INFO] Non-IID 总分配样本数: 25498
  w_locals: 2456.80 MB
  gradient: 2456.80 MB
Round 69, Test Accuracy: 56.869998931884766, Loss: 1.187039561843872, Global training time: 0.05562381994772197

[INFO] Non-IID 总分配样本数: 21189
WARNING:root:[WARNING] 可供补充的样本不足，仅剩 3097，将启用重复采样
  w_locals: 2456.80 MB
  gradient: 2456.80 MB
Round 70, Test Accuracy: 57.65999984741211, Loss: 1.174050697517395, Global training time: 0.04352860596541231

[WARNING] 请求样本数超过数据集，按比例缩放: 0.6714
[INFO] Non-IID 总分配样本数: 49862
  w_locals: 2456.80 MB
  gradient: 2456.80 MB
Round 71, Test Accuracy: 58.06999969482422, Loss: 1.1762030923843383, Global training time: 0.025739996757048095

[INFO] Non-IID 总分配样本数: 26377
  w_locals: 2456.80 MB
  gradient: 2456.80 MB
Round 72, Test Accuracy: 58.349998474121094, Loss: 1.151563437461853, Global training time: 0.03346763697635316

[INFO] Non-IID 总分配样本数: 20219
  w_locals: 2456.80 MB
  gradient: 2456.80 MB
Round 73, Test Accuracy: 57.720001220703125, Loss: 1.1756818214416505, Global training time: 0.037280204117704455

[INFO] Non-IID 总分配样本数: 30548
  w_locals: 2456.80 MB
  gradient: 2456.80 MB
Round 74, Test Accuracy: 59.0, Loss: 1.1333514949798584, Global training time: 0.03382476139478538

[INFO] Non-IID 总分配样本数: 27159
  w_locals: 2456.80 MB
  gradient: 2456.80 MB
Round 75, Test Accuracy: 58.290000915527344, Loss: 1.1523447698593139, Global training time: 0.03392414641863879

[INFO] Non-IID 总分配样本数: 29132
  w_locals: 2456.80 MB
  gradient: 2456.80 MB
Round 76, Test Accuracy: 59.529998779296875, Loss: 1.1206976055145264, Global training time: 0.04598368795887222

[INFO] Non-IID 总分配样本数: 23227
  w_locals: 2456.80 MB
  gradient: 2456.80 MB
Round 77, Test Accuracy: 59.02000045776367, Loss: 1.13265712184906, Global training time: 0.03425178650387247

[INFO] Non-IID 总分配样本数: 29917
  w_locals: 2456.80 MB
  gradient: 2456.80 MB
Round 78, Test Accuracy: 60.15999984741211, Loss: 1.1102023082733155, Global training time: 0.05660960437443063

[INFO] Non-IID 总分配样本数: 28953
  w_locals: 2456.80 MB
  gradient: 2456.80 MB
Round 79, Test Accuracy: 59.560001373291016, Loss: 1.119130509185791, Global training time: 0.023386958047365486

[INFO] Non-IID 总分配样本数: 26935
WARNING:root:[WARNING] 可供补充的样本不足，仅剩 1867，将启用重复采样
  w_locals: 2456.80 MB
  gradient: 2456.80 MB
Round 80, Test Accuracy: 61.34000015258789, Loss: 1.074934310722351, Global training time: 0.03390460013305563

[WARNING] 请求样本数超过数据集，按比例缩放: 0.6466
[INFO] Non-IID 总分配样本数: 49948
  w_locals: 2456.80 MB
  gradient: 2456.80 MB
Round 81, Test Accuracy: 60.20000076293945, Loss: 1.1075636611938477, Global training time: 0.017953517396803204

[INFO] Non-IID 总分配样本数: 31722
  w_locals: 2456.80 MB
  gradient: 2456.80 MB
Round 82, Test Accuracy: 60.81999969482422, Loss: 1.0875640035629273, Global training time: 0.06610866985342402

[INFO] Non-IID 总分配样本数: 27655
  w_locals: 2456.80 MB
  gradient: 2456.80 MB
Round 83, Test Accuracy: 61.06999969482422, Loss: 1.0805496019363403, Global training time: 0.030688362881993714

[INFO] Non-IID 总分配样本数: 31202
  w_locals: 2456.80 MB
  gradient: 2456.80 MB
Round 84, Test Accuracy: 62.290000915527344, Loss: 1.05248901720047, Global training time: 0.033663961522808455

[INFO] Non-IID 总分配样本数: 27106
  w_locals: 2456.80 MB
  gradient: 2456.80 MB
Round 85, Test Accuracy: 61.58000183105469, Loss: 1.064382406425476, Global training time: 0.036350290980873175

[INFO] Non-IID 总分配样本数: 36050
  w_locals: 2456.80 MB
  gradient: 2456.80 MB
Round 86, Test Accuracy: 61.869998931884766, Loss: 1.0739678096771241, Global training time: 0.048732900362697194

[INFO] Non-IID 总分配样本数: 30844
  w_locals: 2456.80 MB
  gradient: 2456.80 MB
Round 87, Test Accuracy: 62.290000915527344, Loss: 1.0576323455810548, Global training time: 0.04781817018563086

[INFO] Non-IID 总分配样本数: 30981
  w_locals: 2456.80 MB
  gradient: 2456.80 MB
Round 88, Test Accuracy: 62.290000915527344, Loss: 1.0498100248336792, Global training time: 0.036620597989429356

[INFO] Non-IID 总分配样本数: 32618
  w_locals: 2456.80 MB
  gradient: 2456.80 MB
Round 89, Test Accuracy: 57.459999084472656, Loss: 1.215035101699829, Global training time: 0.037518986638619266

[INFO] Non-IID 总分配样本数: 28435
WARNING:root:[WARNING] 可供补充的样本不足，仅剩 313，将启用重复采样
  w_locals: 2456.80 MB
  gradient: 2456.80 MB
Round 90, Test Accuracy: 63.689998626708984, Loss: 1.0107948455810547, Global training time: 0.038522485566954624

[WARNING] 请求样本数超过数据集，按比例缩放: 0.7405
[INFO] Non-IID 总分配样本数: 50007
  w_locals: 2456.80 MB
  gradient: 2456.80 MB
Round 91, Test Accuracy: 63.68000030517578, Loss: 1.0192053640365601, Global training time: 0.0190883180211292

[INFO] Non-IID 总分配样本数: 20225
  w_locals: 2456.80 MB
  gradient: 2456.80 MB
Round 92, Test Accuracy: 60.25, Loss: 1.130512329864502, Global training time: 0.03174352244067258

[INFO] Non-IID 总分配样本数: 29653
  w_locals: 2456.80 MB
  gradient: 2456.80 MB
Round 93, Test Accuracy: 63.84000015258789, Loss: 1.0017816845893859, Global training time: 0.06200040899949567

[INFO] Non-IID 总分配样本数: 28577
  w_locals: 2456.80 MB
  gradient: 2456.80 MB
Round 94, Test Accuracy: 64.8499984741211, Loss: 0.9913263582229614, Global training time: 0.028706257464679984

[INFO] Non-IID 总分配样本数: 27234
  w_locals: 2456.80 MB
  gradient: 2456.80 MB
Round 95, Test Accuracy: 64.51000213623047, Loss: 0.9954836285591125, Global training time: 0.07151844880213218

[INFO] Non-IID 总分配样本数: 23351
  w_locals: 2456.80 MB
  gradient: 2456.80 MB
Round 96, Test Accuracy: 64.72000122070312, Loss: 0.9873472240447998, Global training time: 0.0295972597010653

[INFO] Non-IID 总分配样本数: 21552
  w_locals: 2456.80 MB
  gradient: 2456.80 MB
Round 97, Test Accuracy: 64.12000274658203, Loss: 1.0072021430969238, Global training time: 0.03747563966277231

[INFO] Non-IID 总分配样本数: 27728
  w_locals: 2456.80 MB
  gradient: 2456.80 MB
Round 98, Test Accuracy: 65.06999969482422, Loss: 0.9834187646865845, Global training time: 0.030790797368943253

[INFO] Non-IID 总分配样本数: 24089
  w_locals: 2456.80 MB
  gradient: 2456.80 MB
Round 99, Test Accuracy: 65.58000183105469, Loss: 0.9681862091064453, Global training time: 0.04605454070613464

[INFO] Non-IID 总分配样本数: 25089
  w_locals: 2456.80 MB
  gradient: 2456.80 MB
Round 100, Test Accuracy: 65.7699966430664, Loss: 0.9660499290466309, Global training time: 0.03232288777362635

成功保存数据pkl文件
OnlineFL已训练完成，最终结果： {'ais': 2, 'test_accuracies': [tensor(65.7700)], 'global_round_accuracies': [[tensor(10.3900), tensor(12.1900), tensor(11.1400), tensor(12.1600), tensor(10.4600), tensor(10.2800), tensor(10.), tensor(10.), tensor(10.), tensor(15.6800), tensor(13.4500), tensor(17.6500), tensor(22.6900), tensor(24.3000), tensor(26.0500), tensor(28.2500), tensor(27.6200), tensor(29.3400), tensor(31.), tensor(32.7200), tensor(30.6600), tensor(32.1500), tensor(34.5700), tensor(35.9500), tensor(37.5500), tensor(36.5700), tensor(39.2100), tensor(39.6400), tensor(39.8300), tensor(39.6300), tensor(42.2400), tensor(41.3000), tensor(42.8100), tensor(43.7800), tensor(44.2800), tensor(45.0900), tensor(45.6900), tensor(45.3400), tensor(46.0100), tensor(44.9700), tensor(47.3600), tensor(48.1000), tensor(48.0100), tensor(48.7200), tensor(48.9600), tensor(49.2500), tensor(49.0800), tensor(48.3500), tensor(50.6000), tensor(50.7100), tensor(51.5800), tensor(52.4200), tensor(52.6400), tensor(51.8700), tensor(53.5300), tensor(53.2600), tensor(53.4800), tensor(54.3300), tensor(53.4000), tensor(54.8800), tensor(55.7500), tensor(55.9800), tensor(54.5100), tensor(55.7200), tensor(56.6000), tensor(57.2700), tensor(57.3700), tensor(57.8800), tensor(56.8700), tensor(57.6600), tensor(58.0700), tensor(58.3500), tensor(57.7200), tensor(59.), tensor(58.2900), tensor(59.5300), tensor(59.0200), tensor(60.1600), tensor(59.5600), tensor(61.3400), tensor(60.2000), tensor(60.8200), tensor(61.0700), tensor(62.2900), tensor(61.5800), tensor(61.8700), tensor(62.2900), tensor(62.2900), tensor(57.4600), tensor(63.6900), tensor(63.6800), tensor(60.2500), tensor(63.8400), tensor(64.8500), tensor(64.5100), tensor(64.7200), tensor(64.1200), tensor(65.0700), tensor(65.5800), tensor(65.7700)]], 'global_round_times': [[np.float64(0.03499493707735524), np.float64(0.039392699085355455), np.float64(0.048584391211520486), np.float64(0.03037837442501729), np.float64(0.04428538026401193), np.float64(0.03866478674152516), np.float64(0.058830855714510126), np.float64(0.056305111813981804), np.float64(0.042961614058765), np.float64(0.03521328709543686), np.float64(0.02311400575021489), np.float64(0.06549556215666545), np.float64(0.05820481200628896), np.float64(0.025486139989997707), np.float64(0.0373096205925523), np.float64(0.05445490296215642), np.float64(0.05790684354083075), np.float64(0.03310581677039962), np.float64(0.06965916210533116), np.float64(0.06308953068501615), np.float64(0.02989459981724058), np.float64(0.03629647885573533), np.float64(0.03308016920967881), np.float64(0.037596917982632816), np.float64(0.044831351567850425), np.float64(0.04869863102534626), np.float64(0.04053280130771033), np.float64(0.05128881306844111), np.float64(0.056028763703202124), np.float64(0.044357338312555145), np.float64(0.021141561685796808), np.float64(0.06020497936139148), np.float64(0.029292092627340918), np.float64(0.04809479266502137), np.float64(0.052692816027268795), np.float64(0.02393822496151129), np.float64(0.04778603608039368), np.float64(0.042022679076389825), np.float64(0.02596686900057574), np.float64(0.04315869968283693), np.float64(0.020580167468952075), np.float64(0.04413701970505438), np.float64(0.028720005461632475), np.float64(0.03748191444113018), np.float64(0.052873920645900144), np.float64(0.031001254889810377), np.float64(0.04150764177543995), np.float64(0.02795953147058423), np.float64(0.05519257673747054), np.float64(0.03279178593533044), np.float64(0.02522750344943201), np.float64(0.04567249178317691), np.float64(0.060510504823311696), np.float64(0.05326269969469767), np.float64(0.030132041914428264), np.float64(0.023939413109993746), np.float64(0.03517527696633787), np.float64(0.042683371326724444), np.float64(0.06549135197685253), np.float64(0.03131359999892566), np.float64(0.024224329789695364), np.float64(0.030087149685141038), np.float64(0.053983553940797104), np.float64(0.0327291146445766), np.float64(0.032250760824990586), np.float64(0.031096187819333366), np.float64(0.049336109910566), np.float64(0.04778454491371831), np.float64(0.05562381994772197), np.float64(0.04352860596541231), np.float64(0.025739996757048095), np.float64(0.03346763697635316), np.float64(0.037280204117704455), np.float64(0.03382476139478538), np.float64(0.03392414641863879), np.float64(0.04598368795887222), np.float64(0.03425178650387247), np.float64(0.05660960437443063), np.float64(0.023386958047365486), np.float64(0.03390460013305563), np.float64(0.017953517396803204), np.float64(0.06610866985342402), np.float64(0.030688362881993714), np.float64(0.033663961522808455), np.float64(0.036350290980873175), np.float64(0.048732900362697194), np.float64(0.04781817018563086), np.float64(0.036620597989429356), np.float64(0.037518986638619266), np.float64(0.038522485566954624), np.float64(0.0190883180211292), np.float64(0.03174352244067258), np.float64(0.06200040899949567), np.float64(0.028706257464679984), np.float64(0.07151844880213218), np.float64(0.0295972597010653), np.float64(0.03747563966277231), np.float64(0.030790797368943253), np.float64(0.04605454070613464), np.float64(0.03232288777362635)]]}

Time Slot 5 Results:
  Selected Devices: [12, 19, 38, 40, 49]
  Total Offload Data: 0.0000
  Sample Device Computation F: [np.float64(38.12804097178537), np.float64(32.800017812083276), np.float64(47.529751695610486), np.float64(60.81407568364755), np.float64(78.37175110498431)]
  Sample Final Data Amounts: [np.float64(0.0), np.float64(0.0), np.float64(0.0), np.float64(0.0), np.float64(0.0)]

Time Slot 10 Results:
  Selected Devices: [12, 19, 38, 40, 49]
  Total Offload Data: 0.0000
  Sample Device Computation F: [np.float64(85.8935639348988), np.float64(27.66025100302489), np.float64(45.059848087389724), np.float64(131.6871054575239), np.float64(83.43039521436891)]
  Sample Final Data Amounts: [np.float64(0.0), np.float64(0.0), np.float64(0.0), np.float64(0.0), np.float64(0.0)]

Time Slot 15 Results:
  Selected Devices: [3, 12, 14, 26, 29]
  Total Offload Data: 0.0000
  Sample Device Computation F: [np.float64(95.3003281887656), np.float64(39.538047016561386), np.float64(22.405489370536195), np.float64(51.55758798799342), np.float64(47.75052698185988)]
  Sample Final Data Amounts: [np.float64(0.0), np.float64(0.0), np.float64(0.0), np.float64(31.200907888295074), np.float64(0.0)]

Time Slot 20 Results:
  Selected Devices: [3, 12, 14, 26, 29]
  Total Offload Data: 0.0000
  Sample Device Computation F: [np.float64(37.381108871831074), np.float64(27.21177832296327), np.float64(48.328165036701904), np.float64(106.2306034685938), np.float64(81.42335685588993)]
  Sample Final Data Amounts: [np.float64(0.0), np.float64(0.0), np.float64(0.0), np.float64(42.523870688596304), np.float64(0.0)]

Time Slot 25 Results:
  Selected Devices: [7, 12, 19, 30, 40]
  Total Offload Data: 0.0000
  Sample Device Computation F: [np.float64(70.80583104355622), np.float64(32.140640741832215), np.float64(32.99136030455077), np.float64(58.09704078761626), np.float64(65.86759365712881)]
  Sample Final Data Amounts: [np.float64(0.0), np.float64(0.0), np.float64(0.0), np.float64(0.0), np.float64(0.0)]

Time Slot 30 Results:
  Selected Devices: [7, 12, 19, 30, 40]
  Total Offload Data: 19.2431
  Sample Device Computation F: [np.float64(101.68406222660957), np.float64(33.55708084994945), np.float64(30.188475460012487), np.float64(87.78752235453854), np.float64(41.605221127280046)]
  Sample Final Data Amounts: [np.float64(0.0), np.float64(0.0), np.float64(0.0), np.float64(0.0), np.float64(0.0)]

Time Slot 35 Results:
  Selected Devices: [26, 35, 40, 42, 49]
  Total Offload Data: 0.0000
  Sample Device Computation F: [np.float64(82.45450217379471), np.float64(35.13394852280742), np.float64(20.346723674300385), np.float64(58.22521003427361), np.float64(51.2841121523434)]
  Sample Final Data Amounts: [np.float64(0.0), np.float64(0.0), np.float64(0.0), np.float64(0.0), np.float64(0.0)]

Time Slot 40 Results:
  Selected Devices: [26, 35, 40, 42, 49]
  Total Offload Data: 157.1288
  Sample Device Computation F: [np.float64(61.68521170581083), np.float64(21.36855547475705), np.float64(41.26353670850966), np.float64(94.41835707644911), np.float64(35.42766270227294)]
  Sample Final Data Amounts: [np.float64(0.0), np.float64(0.0), np.float64(0.0), np.float64(0.0), np.float64(0.0)]

Time Slot 45 Results:
  Selected Devices: [3, 4, 17, 47, 49]
  Total Offload Data: 0.0000
  Sample Device Computation F: [np.float64(71.32552935830098), np.float64(21.03220963261908), np.float64(48.351249903020125), np.float64(132.74402422768262), np.float64(73.4408947238437)]
  Sample Final Data Amounts: [np.float64(0.0), np.float64(0.0), np.float64(0.0), np.float64(41.04910044155302), np.float64(73.4408947238437)]

Time Slot 50 Results:
  Selected Devices: [3, 4, 17, 47, 49]
  Total Offload Data: 0.0000
  Sample Device Computation F: [np.float64(86.01698565270706), np.float64(23.138798076798295), np.float64(31.510688951344086), np.float64(60.52834304314314), np.float64(82.98133462402066)]
  Sample Final Data Amounts: [np.float64(0.0), np.float64(0.0), np.float64(0.0), np.float64(58.568737505991784), np.float64(74.14586655449884)]

Time Slot 55 Results:
  Selected Devices: [0, 40, 41, 42, 43]
  Total Offload Data: 0.0000
  Sample Device Computation F: [np.float64(43.9234981156906), np.float64(37.593391967713686), np.float64(22.02325317499114), np.float64(97.59105487076116), np.float64(74.72096579119751)]
  Sample Final Data Amounts: [np.float64(17.94639636381517), np.float64(0.0), np.float64(0.0), np.float64(0.0), np.float64(0.0)]

Time Slot 60 Results:
  Selected Devices: [0, 40, 41, 42, 43]
  Total Offload Data: 0.0000
  Sample Device Computation F: [np.float64(104.3443113744182), np.float64(13.459481582277668), np.float64(40.70246929029731), np.float64(55.08901604718612), np.float64(51.279203782402476)]
  Sample Final Data Amounts: [np.float64(11.260880525490734), np.float64(0.0), np.float64(0.0), np.float64(0.0), np.float64(0.0)]

Time Slot 65 Results:
  Selected Devices: [4, 18, 35, 38, 49]
  Total Offload Data: 0.0000
  Sample Device Computation F: [np.float64(66.47360714006015), np.float64(26.62530769963265), np.float64(36.37003744069098), np.float64(136.28431124688427), np.float64(56.47399898439165)]
  Sample Final Data Amounts: [np.float64(0.0), np.float64(0.0), np.float64(0.0), np.float64(0.0), np.float64(56.47399898439165)]

Time Slot 70 Results:
  Selected Devices: [4, 18, 35, 38, 49]
  Total Offload Data: 0.0000
  Sample Device Computation F: [np.float64(99.0575973414089), np.float64(28.029201130809753), np.float64(22.091177080911965), np.float64(80.39141615444649), np.float64(35.69246530386159)]
  Sample Final Data Amounts: [np.float64(0.0), np.float64(0.0), np.float64(0.0), np.float64(0.0), np.float64(35.69246530386159)]

Time Slot 75 Results:
  Selected Devices: [3, 19, 26, 47, 48]
  Total Offload Data: 0.0000
  Sample Device Computation F: [np.float64(56.06722286279673), np.float64(37.207941960509096), np.float64(35.776581788935545), np.float64(114.89578459078828), np.float64(81.51787215123991)]
  Sample Final Data Amounts: [np.float64(0.0), np.float64(0.0), np.float64(0.0), np.float64(48.39615325265209), np.float64(0.0)]

Time Slot 80 Results:
  Selected Devices: [3, 19, 26, 47, 48]
  Total Offload Data: 0.0000
  Sample Device Computation F: [np.float64(62.180902353563965), np.float64(34.933054593779815), np.float64(45.54140676518914), np.float64(58.80851865989392), np.float64(73.72542464500846)]
  Sample Final Data Amounts: [np.float64(0.0), np.float64(0.0), np.float64(0.0), np.float64(56.299765848182155), np.float64(0.0)]

Time Slot 85 Results:
  Selected Devices: [7, 18, 31, 35, 49]
  Total Offload Data: 0.0000
  Sample Device Computation F: [np.float64(71.7065209148979), np.float64(13.373282922955537), np.float64(21.268374958137244), np.float64(114.70137498211551), np.float64(62.800423111693746)]
  Sample Final Data Amounts: [np.float64(0.0), np.float64(0.0), np.float64(0.0), np.float64(0.0), np.float64(0.0)]

Time Slot 90 Results:
  Selected Devices: [7, 18, 31, 35, 49]
  Total Offload Data: 0.0000
  Sample Device Computation F: [np.float64(61.23859627117819), np.float64(31.679466212663073), np.float64(44.22954727367504), np.float64(67.07423013847978), np.float64(76.01327204612147)]
  Sample Final Data Amounts: [np.float64(0.0), np.float64(0.0), np.float64(0.0), np.float64(0.0), np.float64(0.0)]

Time Slot 95 Results:
  Selected Devices: [11, 12, 19, 38, 42]
  Total Offload Data: 53.3736
  Sample Device Computation F: [np.float64(60.52662763062683), np.float64(36.10550992696387), np.float64(30.12575711548733), np.float64(116.02832550371235), np.float64(52.264131480607176)]
  Sample Final Data Amounts: [np.float64(0.0), np.float64(0.0), np.float64(0.0), np.float64(0.0), np.float64(0.0)]

Time Slot 100 Results:
  Selected Devices: [11, 12, 19, 38, 42]
  Total Offload Data: 0.0000
  Sample Device Computation F: [np.float64(46.49912417253634), np.float64(36.65017645866473), np.float64(26.033066518008457), np.float64(80.7829995286771), np.float64(38.54013217150498)]
  Sample Final Data Amounts: [np.float64(0.0), np.float64(0.0), np.float64(0.0), np.float64(0.0), np.float64(0.0)]

=== 仿真结果 (N=50) ===
平均吞吐量:
  提出的方法 (T=10): 280.1702
  本地执行: 191.5672
  静态编排: 144.8185
  提出的方法 (T1=20): 256.4052
step1 获取到100个时隙的工作节点以及实际训练量
目标准确率：55.0，目标epoch：100
non-iid
[INFO] Non-IID 总分配样本数: 45679
  w_locals: 2456.80 MB
  gradient: 2456.80 MB
Round 1, Test Accuracy: 10.420000076293945, Loss: 2.300800608444214, Global training time: 0.03569820146233704

[INFO] Non-IID 总分配样本数: 20844
  w_locals: 2456.80 MB
  gradient: 2456.80 MB
Round 2, Test Accuracy: 11.619999885559082, Loss: 2.2990884716033935, Global training time: 0.05611853944257683

[INFO] Non-IID 总分配样本数: 16755
  w_locals: 2456.80 MB
  gradient: 2456.80 MB
Round 3, Test Accuracy: 10.479999542236328, Loss: 2.299004312133789, Global training time: 0.04404655895832971

[INFO] Non-IID 总分配样本数: 22059
  w_locals: 2456.80 MB
  gradient: 2456.80 MB
Round 4, Test Accuracy: 17.010000228881836, Loss: 2.294311386489868, Global training time: 0.05282492465266402

[INFO] Non-IID 总分配样本数: 25184
  w_locals: 2456.80 MB
  gradient: 2456.80 MB
Round 5, Test Accuracy: 10.0, Loss: 2.28759694480896, Global training time: 0.05518188037667139

[INFO] Non-IID 总分配样本数: 19597
  w_locals: 2456.80 MB
  gradient: 2456.80 MB
Round 6, Test Accuracy: 14.6899995803833, Loss: 2.282862042236328, Global training time: 0.038573068581143434

[INFO] Non-IID 总分配样本数: 20799
  w_locals: 2456.80 MB
  gradient: 2456.80 MB
Round 7, Test Accuracy: 12.680000305175781, Loss: 2.2719130615234375, Global training time: 0.0496008661114325

[INFO] Non-IID 总分配样本数: 19713
  w_locals: 2456.80 MB
  gradient: 2456.80 MB
Round 8, Test Accuracy: 12.170000076293945, Loss: 2.255496893692017, Global training time: 0.05004237065221576

[INFO] Non-IID 总分配样本数: 20360
  w_locals: 2456.80 MB
  gradient: 2456.80 MB
Round 9, Test Accuracy: 13.930000305175781, Loss: 2.2275688602447508, Global training time: 0.04166816199553175

[INFO] Non-IID 总分配样本数: 21782
  w_locals: 2456.80 MB
  gradient: 2456.80 MB
Round 10, Test Accuracy: 24.110000610351562, Loss: 2.176242239379883, Global training time: 0.058323612990383425

[INFO] Non-IID 总分配样本数: 49535
  w_locals: 2456.80 MB
  gradient: 2456.80 MB
Round 11, Test Accuracy: 20.81999969482422, Loss: 2.1028120649337767, Global training time: 0.044887374083466366

[INFO] Non-IID 总分配样本数: 19435
  w_locals: 2456.80 MB
  gradient: 2456.80 MB
Round 12, Test Accuracy: 22.31999969482422, Loss: 2.0614230407714844, Global training time: 0.03655579961887475

[INFO] Non-IID 总分配样本数: 27311
  w_locals: 2456.80 MB
  gradient: 2456.80 MB
Round 13, Test Accuracy: 27.260000228881836, Loss: 2.0129638469696043, Global training time: 0.060646407851563965

[INFO] Non-IID 总分配样本数: 25089
  w_locals: 2456.80 MB
  gradient: 2456.80 MB
Round 14, Test Accuracy: 28.260000228881836, Loss: 1.967301335144043, Global training time: 0.04188619301066614

[INFO] Non-IID 总分配样本数: 26059
  w_locals: 2456.80 MB
  gradient: 2456.80 MB
Round 15, Test Accuracy: 29.0, Loss: 1.9304046033859252, Global training time: 0.051638688323011404

[INFO] Non-IID 总分配样本数: 21240
  w_locals: 2456.80 MB
  gradient: 2456.80 MB
Round 16, Test Accuracy: 28.959999084472656, Loss: 1.9325233032226563, Global training time: 0.04445225478154344

[INFO] Non-IID 总分配样本数: 19900
  w_locals: 2456.80 MB
  gradient: 2456.80 MB
Round 17, Test Accuracy: 32.189998626708984, Loss: 1.863686071395874, Global training time: 0.05674049828119569

[INFO] Non-IID 总分配样本数: 24731
  w_locals: 2456.80 MB
  gradient: 2456.80 MB
Round 18, Test Accuracy: 32.29999923706055, Loss: 1.8374043447494506, Global training time: 0.053823153604757416

[INFO] Non-IID 总分配样本数: 29673
  w_locals: 2456.80 MB
  gradient: 2456.80 MB
Round 19, Test Accuracy: 33.20000076293945, Loss: 1.7887316305160523, Global training time: 0.06817373961809976

[INFO] Non-IID 总分配样本数: 24550
  w_locals: 2456.80 MB
  gradient: 2456.80 MB
Round 20, Test Accuracy: 33.939998626708984, Loss: 1.7557303384780885, Global training time: 0.04824600889522003

[INFO] Non-IID 总分配样本数: 41884
  w_locals: 2456.80 MB
  gradient: 2456.80 MB
Round 21, Test Accuracy: 33.279998779296875, Loss: 1.7775724880218506, Global training time: 0.029164016935672627

[INFO] Non-IID 总分配样本数: 25098
  w_locals: 2456.80 MB
  gradient: 2456.80 MB
Round 22, Test Accuracy: 35.900001525878906, Loss: 1.7018018346786499, Global training time: 0.055186526050345554

[INFO] Non-IID 总分配样本数: 25216
  w_locals: 2456.80 MB
  gradient: 2456.80 MB
Round 23, Test Accuracy: 36.5, Loss: 1.6831532426834106, Global training time: 0.06526563798836733

[INFO] Non-IID 总分配样本数: 26876
  w_locals: 2456.80 MB
  gradient: 2456.80 MB
Round 24, Test Accuracy: 37.13999938964844, Loss: 1.6690090072631836, Global training time: 0.06416227694218751

[INFO] Non-IID 总分配样本数: 25449
  w_locals: 2456.80 MB
  gradient: 2456.80 MB
Round 25, Test Accuracy: 37.529998779296875, Loss: 1.6436156106948852, Global training time: 0.047909718966360065

[INFO] Non-IID 总分配样本数: 24539
  w_locals: 2456.80 MB
  gradient: 2456.80 MB
Round 26, Test Accuracy: 38.400001525878906, Loss: 1.6290249240875243, Global training time: 0.04291058138761933

[INFO] Non-IID 总分配样本数: 24325
  w_locals: 2456.80 MB
  gradient: 2456.80 MB
Round 27, Test Accuracy: 38.09000015258789, Loss: 1.6138524724960328, Global training time: 0.04370929897083549

[INFO] Non-IID 总分配样本数: 18400
  w_locals: 2456.80 MB
  gradient: 2456.80 MB
Round 28, Test Accuracy: 39.56999969482422, Loss: 1.594501763343811, Global training time: 0.04862172183400755

[INFO] Non-IID 总分配样本数: 22499
  w_locals: 2456.80 MB
  gradient: 2456.80 MB
Round 29, Test Accuracy: 41.630001068115234, Loss: 1.5728143131256103, Global training time: 0.05287676300997097

[INFO] Non-IID 总分配样本数: 34364
  w_locals: 2456.80 MB
  gradient: 2456.80 MB
Round 30, Test Accuracy: 40.75, Loss: 1.5763326738357544, Global training time: 0.07070246959756318

[INFO] Non-IID 总分配样本数: 46563
  w_locals: 2456.80 MB
  gradient: 2456.80 MB
Round 31, Test Accuracy: 42.779998779296875, Loss: 1.5367168264389037, Global training time: 0.03463869253063763

[INFO] Non-IID 总分配样本数: 22516
  w_locals: 2456.80 MB
  gradient: 2456.80 MB
Round 32, Test Accuracy: 42.70000076293945, Loss: 1.5207016477584838, Global training time: 0.04795128608446259

[INFO] Non-IID 总分配样本数: 25232
  w_locals: 2456.80 MB
  gradient: 2456.80 MB
Round 33, Test Accuracy: 43.40999984741211, Loss: 1.507877607345581, Global training time: 0.0492290382530804

[INFO] Non-IID 总分配样本数: 24319
  w_locals: 2456.80 MB
  gradient: 2456.80 MB
Round 34, Test Accuracy: 43.61000061035156, Loss: 1.5015968706130982, Global training time: 0.047617125340993764

[INFO] Non-IID 总分配样本数: 24866
  w_locals: 2456.80 MB
  gradient: 2456.80 MB
Round 35, Test Accuracy: 44.790000915527344, Loss: 1.468466435623169, Global training time: 0.044179444691781006

[INFO] Non-IID 总分配样本数: 18678
  w_locals: 2456.80 MB
  gradient: 2456.80 MB
Round 36, Test Accuracy: 43.72999954223633, Loss: 1.5224115022659301, Global training time: 0.044675687320318576

[INFO] Non-IID 总分配样本数: 25462
  w_locals: 2456.80 MB
  gradient: 2456.80 MB
Round 37, Test Accuracy: 45.68000030517578, Loss: 1.4556896989822388, Global training time: 0.064358099400897

[INFO] Non-IID 总分配样本数: 23913
  w_locals: 2456.80 MB
  gradient: 2456.80 MB
Round 38, Test Accuracy: 45.630001068115234, Loss: 1.4535856687545776, Global training time: 0.05359004108499258

[INFO] Non-IID 总分配样本数: 19863
  w_locals: 2456.80 MB
  gradient: 2456.80 MB
Round 39, Test Accuracy: 45.2599983215332, Loss: 1.4643785806655885, Global training time: 0.057181442424841744

[INFO] Non-IID 总分配样本数: 23691
  w_locals: 2456.80 MB
  gradient: 2456.80 MB
Round 40, Test Accuracy: 45.63999938964844, Loss: 1.4652012399673462, Global training time: 0.05227350865242676

[INFO] Non-IID 总分配样本数: 45324
  w_locals: 2456.80 MB
  gradient: 2456.80 MB
Round 41, Test Accuracy: 46.540000915527344, Loss: 1.424469780921936, Global training time: 0.05057835615658645

[INFO] Non-IID 总分配样本数: 19483
  w_locals: 2456.80 MB
  gradient: 2456.80 MB
Round 42, Test Accuracy: 47.2400016784668, Loss: 1.4121841444015504, Global training time: 0.03487861468014723

[INFO] Non-IID 总分配样本数: 19432
  w_locals: 2456.80 MB
  gradient: 2456.80 MB
Round 43, Test Accuracy: 48.060001373291016, Loss: 1.3989816133499144, Global training time: 0.05551135371208024

[INFO] Non-IID 总分配样本数: 23587
  w_locals: 2456.80 MB
  gradient: 2456.80 MB
Round 44, Test Accuracy: 48.06999969482422, Loss: 1.3902060041427613, Global training time: 0.054404171707147196

[INFO] Non-IID 总分配样本数: 19611
  w_locals: 2456.80 MB
  gradient: 2456.80 MB
Round 45, Test Accuracy: 48.75, Loss: 1.3788645700454711, Global training time: 0.03995602936993877

[INFO] Non-IID 总分配样本数: 17001
  w_locals: 2456.80 MB
  gradient: 2456.80 MB
Round 46, Test Accuracy: 47.4900016784668, Loss: 1.409475496673584, Global training time: 0.05703194505626899

[INFO] Non-IID 总分配样本数: 26335
  w_locals: 2456.80 MB
  gradient: 2456.80 MB
Round 47, Test Accuracy: 47.790000915527344, Loss: 1.4114241748809815, Global training time: 0.057304044854418895

[INFO] Non-IID 总分配样本数: 24974
  w_locals: 2456.80 MB
  gradient: 2456.80 MB
Round 48, Test Accuracy: 49.900001525878906, Loss: 1.3514573287963867, Global training time: 0.05469418178632636

[INFO] Non-IID 总分配样本数: 22970
  w_locals: 2456.80 MB
  gradient: 2456.80 MB
Round 49, Test Accuracy: 50.45000076293945, Loss: 1.342982926940918, Global training time: 0.046800472612658815

[INFO] Non-IID 总分配样本数: 22635
  w_locals: 2456.80 MB
  gradient: 2456.80 MB
Round 50, Test Accuracy: 50.619998931884766, Loss: 1.3451169384002686, Global training time: 0.04834574080354179

[INFO] Non-IID 总分配样本数: 39374
  w_locals: 2456.80 MB
  gradient: 2456.80 MB
Round 51, Test Accuracy: 50.33000183105469, Loss: 1.3541852184295655, Global training time: 0.03074458238039699

[INFO] Non-IID 总分配样本数: 23963
  w_locals: 2456.80 MB
  gradient: 2456.80 MB
Round 52, Test Accuracy: 50.31999969482422, Loss: 1.3521390270233153, Global training time: 0.08036092598672905

[INFO] Non-IID 总分配样本数: 17908
  w_locals: 2456.80 MB
  gradient: 2456.80 MB
Round 53, Test Accuracy: 50.970001220703125, Loss: 1.3200000741958617, Global training time: 0.06989975742533122

[INFO] Non-IID 总分配样本数: 19333
  w_locals: 2456.80 MB
  gradient: 2456.80 MB
Round 54, Test Accuracy: 52.27000045776367, Loss: 1.297840227508545, Global training time: 0.07556775556511007

[INFO] Non-IID 总分配样本数: 17694
  w_locals: 2456.80 MB
  gradient: 2456.80 MB
Round 55, Test Accuracy: 49.650001525878906, Loss: 1.3530465644836427, Global training time: 0.0563017652254718

[INFO] Non-IID 总分配样本数: 16237
  w_locals: 2456.80 MB
  gradient: 2456.80 MB
Round 56, Test Accuracy: 51.47999954223633, Loss: 1.3200035400390624, Global training time: 0.042636135384482306

[INFO] Non-IID 总分配样本数: 17461
  w_locals: 2456.80 MB
  gradient: 2456.80 MB
Round 57, Test Accuracy: 50.720001220703125, Loss: 1.3232703214645385, Global training time: 0.060915053855563554

[INFO] Non-IID 总分配样本数: 18737
  w_locals: 2456.80 MB
  gradient: 2456.80 MB
Round 58, Test Accuracy: 52.31999969482422, Loss: 1.3259277812957764, Global training time: 0.05712965863829212

[INFO] Non-IID 总分配样本数: 21980
  w_locals: 2456.80 MB
  gradient: 2456.80 MB
Round 59, Test Accuracy: 50.630001068115234, Loss: 1.3321387561798095, Global training time: 0.0764267508306989

[INFO] Non-IID 总分配样本数: 19677
  w_locals: 2456.80 MB
  gradient: 2456.80 MB
Round 60, Test Accuracy: 52.599998474121094, Loss: 1.2832041301727295, Global training time: 0.05634340145864765

[INFO] Non-IID 总分配样本数: 41357
  w_locals: 2456.80 MB
  gradient: 2456.80 MB
Round 61, Test Accuracy: 53.59000015258789, Loss: 1.2608112281799317, Global training time: 0.05836625267468821

[INFO] Non-IID 总分配样本数: 23147
  w_locals: 2456.80 MB
  gradient: 2456.80 MB
Round 62, Test Accuracy: 53.2400016784668, Loss: 1.275101577568054, Global training time: 0.05996262995764784

[INFO] Non-IID 总分配样本数: 22693
  w_locals: 2456.80 MB
  gradient: 2456.80 MB
Round 63, Test Accuracy: 55.16999816894531, Loss: 1.2305066602706909, Global training time: 0.0597166953896435

[INFO] Non-IID 总分配样本数: 21979
  w_locals: 2456.80 MB
  gradient: 2456.80 MB
Round 64, Test Accuracy: 55.61000061035156, Loss: 1.2220787134170532, Global training time: 0.052167458935393714

[INFO] Non-IID 总分配样本数: 21212
  w_locals: 2456.80 MB
  gradient: 2456.80 MB
Round 65, Test Accuracy: 55.81999969482422, Loss: 1.21319156665802, Global training time: 0.06337325829692801

[INFO] Non-IID 总分配样本数: 22982
  w_locals: 2456.80 MB
  gradient: 2456.80 MB
Round 66, Test Accuracy: 54.779998779296875, Loss: 1.2388878309249878, Global training time: 0.07136899151618892

[INFO] Non-IID 总分配样本数: 15525
  w_locals: 2456.80 MB
  gradient: 2456.80 MB
Round 67, Test Accuracy: 55.52000045776367, Loss: 1.233368479347229, Global training time: 0.05801624070818381

[INFO] Non-IID 总分配样本数: 20356
  w_locals: 2456.80 MB
  gradient: 2456.80 MB
Round 68, Test Accuracy: 56.310001373291016, Loss: 1.1940989734649659, Global training time: 0.057756355422858015

[INFO] Non-IID 总分配样本数: 18217
  w_locals: 2456.80 MB
  gradient: 2456.80 MB
Round 69, Test Accuracy: 54.279998779296875, Loss: 1.2603043355941772, Global training time: 0.052784711853121224

[INFO] Non-IID 总分配样本数: 21141
  w_locals: 2456.80 MB
  gradient: 2456.80 MB
Round 70, Test Accuracy: 55.31999969482422, Loss: 1.2389691856384277, Global training time: 0.056506168477431874

[INFO] Non-IID 总分配样本数: 47483
  w_locals: 2456.80 MB
  gradient: 2456.80 MB
Round 71, Test Accuracy: 56.47999954223633, Loss: 1.2010704708099365, Global training time: 0.037693509868547026

[INFO] Non-IID 总分配样本数: 18279
  w_locals: 2456.80 MB
  gradient: 2456.80 MB
Round 72, Test Accuracy: 56.61000061035156, Loss: 1.1894849103927612, Global training time: 0.04215426327602166

[INFO] Non-IID 总分配样本数: 20879
  w_locals: 2456.80 MB
  gradient: 2456.80 MB
Round 73, Test Accuracy: 57.63999938964844, Loss: 1.1710718654632568, Global training time: 0.05564537334791266

[INFO] Non-IID 总分配样本数: 21333
  w_locals: 2456.80 MB
  gradient: 2456.80 MB
Round 74, Test Accuracy: 58.099998474121094, Loss: 1.1606631757736205, Global training time: 0.0436909149759875

[INFO] Non-IID 总分配样本数: 21061
  w_locals: 2456.80 MB
  gradient: 2456.80 MB
Round 75, Test Accuracy: 58.02000045776367, Loss: 1.164093546295166, Global training time: 0.04942730859721452

[INFO] Non-IID 总分配样本数: 24933
  w_locals: 2456.80 MB
  gradient: 2456.80 MB
Round 76, Test Accuracy: 58.29999923706055, Loss: 1.15331496219635, Global training time: 0.0618427539923184

[INFO] Non-IID 总分配样本数: 19832
  w_locals: 2456.80 MB
  gradient: 2456.80 MB
Round 77, Test Accuracy: 57.2599983215332, Loss: 1.1598224309921266, Global training time: 0.055989569404847714

[INFO] Non-IID 总分配样本数: 18024
  w_locals: 2456.80 MB
  gradient: 2456.80 MB
Round 78, Test Accuracy: 58.93000030517578, Loss: 1.1355888202667237, Global training time: 0.06856686400070912

[INFO] Non-IID 总分配样本数: 22477
  w_locals: 2456.80 MB
  gradient: 2456.80 MB
Round 79, Test Accuracy: 59.029998779296875, Loss: 1.1305976860046387, Global training time: 0.06081645769255132

[INFO] Non-IID 总分配样本数: 17203
  w_locals: 2456.80 MB
  gradient: 2456.80 MB
Round 80, Test Accuracy: 58.02000045776367, Loss: 1.161878338432312, Global training time: 0.05963855339666105

[INFO] Non-IID 总分配样本数: 44597
  w_locals: 2456.80 MB
  gradient: 2456.80 MB
Round 81, Test Accuracy: 59.5099983215332, Loss: 1.1256525299072266, Global training time: 0.05630903301805531

[INFO] Non-IID 总分配样本数: 27261
  w_locals: 2456.80 MB
  gradient: 2456.80 MB
Round 82, Test Accuracy: 58.75, Loss: 1.155775899887085, Global training time: 0.06385971538867265

[INFO] Non-IID 总分配样本数: 18124
  w_locals: 2456.80 MB
  gradient: 2456.80 MB
Round 83, Test Accuracy: 60.16999816894531, Loss: 1.1034456184387207, Global training time: 0.04910799672555484

[INFO] Non-IID 总分配样本数: 24468
  w_locals: 2456.80 MB
  gradient: 2456.80 MB
Round 84, Test Accuracy: 60.95000076293945, Loss: 1.086847845840454, Global training time: 0.06421875356472823

[INFO] Non-IID 总分配样本数: 16900
  w_locals: 2456.80 MB
  gradient: 2456.80 MB
Round 85, Test Accuracy: 59.630001068115234, Loss: 1.1142087219238281, Global training time: 0.055296180164569345

[INFO] Non-IID 总分配样本数: 17674
  w_locals: 2456.80 MB
  gradient: 2456.80 MB
Round 86, Test Accuracy: 60.0, Loss: 1.1021232189178467, Global training time: 0.05591022185194376

[INFO] Non-IID 总分配样本数: 15722
  w_locals: 2456.80 MB
  gradient: 2456.80 MB
Round 87, Test Accuracy: 57.97999954223633, Loss: 1.1679481616973877, Global training time: 0.056857433226121676

[INFO] Non-IID 总分配样本数: 26086
  w_locals: 2456.80 MB
  gradient: 2456.80 MB
Round 88, Test Accuracy: 60.400001525878906, Loss: 1.098257517147064, Global training time: 0.06896233218113604

[INFO] Non-IID 总分配样本数: 22702
  w_locals: 2456.80 MB
  gradient: 2456.80 MB
Round 89, Test Accuracy: 61.599998474121094, Loss: 1.0698482717514037, Global training time: 0.05070409977041158

[INFO] Non-IID 总分配样本数: 18297
  w_locals: 2456.80 MB
  gradient: 2456.80 MB
Round 90, Test Accuracy: 60.130001068115234, Loss: 1.1017970880508423, Global training time: 0.05870759815196502

[INFO] Non-IID 总分配样本数: 44299
  w_locals: 2456.80 MB
  gradient: 2456.80 MB
Round 91, Test Accuracy: 61.81999969482422, Loss: 1.05999995136261, Global training time: 0.05243258606829112

[INFO] Non-IID 总分配样本数: 17090
  w_locals: 2456.80 MB
  gradient: 2456.80 MB
Round 92, Test Accuracy: 62.22999954223633, Loss: 1.0552939010620117, Global training time: 0.06109141494857257

[INFO] Non-IID 总分配样本数: 16617
  w_locals: 2456.80 MB
  gradient: 2456.80 MB
Round 93, Test Accuracy: 61.86000061035156, Loss: 1.0590605211257935, Global training time: 0.060798859842332055

[INFO] Non-IID 总分配样本数: 23768
  w_locals: 2456.80 MB
  gradient: 2456.80 MB
Round 94, Test Accuracy: 62.689998626708984, Loss: 1.0426590799331665, Global training time: 0.05906906969718551

[INFO] Non-IID 总分配样本数: 23581
  w_locals: 2456.80 MB
  gradient: 2456.80 MB
Round 95, Test Accuracy: 62.54999923706055, Loss: 1.0436073043823242, Global training time: 0.05639132851455503

[INFO] Non-IID 总分配样本数: 18449
  w_locals: 2456.80 MB
  gradient: 2456.80 MB
Round 96, Test Accuracy: 62.43000030517578, Loss: 1.0438978538513184, Global training time: 0.05694398862365963

[INFO] Non-IID 总分配样本数: 16982
  w_locals: 2456.80 MB
  gradient: 2456.80 MB
Round 97, Test Accuracy: 60.59000015258789, Loss: 1.1001064929962159, Global training time: 0.06010969195518294

[INFO] Non-IID 总分配样本数: 18012
  w_locals: 2456.80 MB
  gradient: 2456.80 MB
Round 98, Test Accuracy: 62.93000030517578, Loss: 1.0307279127120972, Global training time: 0.036228361009458455

[INFO] Non-IID 总分配样本数: 21107
  w_locals: 2456.80 MB
  gradient: 2456.80 MB
Round 99, Test Accuracy: 63.63999938964844, Loss: 1.0248881517410278, Global training time: 0.06361456372373683

[INFO] Non-IID 总分配样本数: 20631
  w_locals: 2456.80 MB
  gradient: 2456.80 MB
Round 100, Test Accuracy: 63.58000183105469, Loss: 1.0177622396469117, Global training time: 0.07442010901432146

成功保存数据pkl文件
OnlineFL已训练完成，最终结果： {'ais': 2, 'test_accuracies': [tensor(63.5800)], 'global_round_accuracies': [[tensor(10.4200), tensor(11.6200), tensor(10.4800), tensor(17.0100), tensor(10.), tensor(14.6900), tensor(12.6800), tensor(12.1700), tensor(13.9300), tensor(24.1100), tensor(20.8200), tensor(22.3200), tensor(27.2600), tensor(28.2600), tensor(29.), tensor(28.9600), tensor(32.1900), tensor(32.3000), tensor(33.2000), tensor(33.9400), tensor(33.2800), tensor(35.9000), tensor(36.5000), tensor(37.1400), tensor(37.5300), tensor(38.4000), tensor(38.0900), tensor(39.5700), tensor(41.6300), tensor(40.7500), tensor(42.7800), tensor(42.7000), tensor(43.4100), tensor(43.6100), tensor(44.7900), tensor(43.7300), tensor(45.6800), tensor(45.6300), tensor(45.2600), tensor(45.6400), tensor(46.5400), tensor(47.2400), tensor(48.0600), tensor(48.0700), tensor(48.7500), tensor(47.4900), tensor(47.7900), tensor(49.9000), tensor(50.4500), tensor(50.6200), tensor(50.3300), tensor(50.3200), tensor(50.9700), tensor(52.2700), tensor(49.6500), tensor(51.4800), tensor(50.7200), tensor(52.3200), tensor(50.6300), tensor(52.6000), tensor(53.5900), tensor(53.2400), tensor(55.1700), tensor(55.6100), tensor(55.8200), tensor(54.7800), tensor(55.5200), tensor(56.3100), tensor(54.2800), tensor(55.3200), tensor(56.4800), tensor(56.6100), tensor(57.6400), tensor(58.1000), tensor(58.0200), tensor(58.3000), tensor(57.2600), tensor(58.9300), tensor(59.0300), tensor(58.0200), tensor(59.5100), tensor(58.7500), tensor(60.1700), tensor(60.9500), tensor(59.6300), tensor(60.), tensor(57.9800), tensor(60.4000), tensor(61.6000), tensor(60.1300), tensor(61.8200), tensor(62.2300), tensor(61.8600), tensor(62.6900), tensor(62.5500), tensor(62.4300), tensor(60.5900), tensor(62.9300), tensor(63.6400), tensor(63.5800)]], 'global_round_times': [[np.float64(0.03569820146233704), np.float64(0.05611853944257683), np.float64(0.04404655895832971), np.float64(0.05282492465266402), np.float64(0.05518188037667139), np.float64(0.038573068581143434), np.float64(0.0496008661114325), np.float64(0.05004237065221576), np.float64(0.04166816199553175), np.float64(0.058323612990383425), np.float64(0.044887374083466366), np.float64(0.03655579961887475), np.float64(0.060646407851563965), np.float64(0.04188619301066614), np.float64(0.051638688323011404), np.float64(0.04445225478154344), np.float64(0.05674049828119569), np.float64(0.053823153604757416), np.float64(0.06817373961809976), np.float64(0.04824600889522003), np.float64(0.029164016935672627), np.float64(0.055186526050345554), np.float64(0.06526563798836733), np.float64(0.06416227694218751), np.float64(0.047909718966360065), np.float64(0.04291058138761933), np.float64(0.04370929897083549), np.float64(0.04862172183400755), np.float64(0.05287676300997097), np.float64(0.07070246959756318), np.float64(0.03463869253063763), np.float64(0.04795128608446259), np.float64(0.0492290382530804), np.float64(0.047617125340993764), np.float64(0.044179444691781006), np.float64(0.044675687320318576), np.float64(0.064358099400897), np.float64(0.05359004108499258), np.float64(0.057181442424841744), np.float64(0.05227350865242676), np.float64(0.05057835615658645), np.float64(0.03487861468014723), np.float64(0.05551135371208024), np.float64(0.054404171707147196), np.float64(0.03995602936993877), np.float64(0.05703194505626899), np.float64(0.057304044854418895), np.float64(0.05469418178632636), np.float64(0.046800472612658815), np.float64(0.04834574080354179), np.float64(0.03074458238039699), np.float64(0.08036092598672905), np.float64(0.06989975742533122), np.float64(0.07556775556511007), np.float64(0.0563017652254718), np.float64(0.042636135384482306), np.float64(0.060915053855563554), np.float64(0.05712965863829212), np.float64(0.0764267508306989), np.float64(0.05634340145864765), np.float64(0.05836625267468821), np.float64(0.05996262995764784), np.float64(0.0597166953896435), np.float64(0.052167458935393714), np.float64(0.06337325829692801), np.float64(0.07136899151618892), np.float64(0.05801624070818381), np.float64(0.057756355422858015), np.float64(0.052784711853121224), np.float64(0.056506168477431874), np.float64(0.037693509868547026), np.float64(0.04215426327602166), np.float64(0.05564537334791266), np.float64(0.0436909149759875), np.float64(0.04942730859721452), np.float64(0.0618427539923184), np.float64(0.055989569404847714), np.float64(0.06856686400070912), np.float64(0.06081645769255132), np.float64(0.05963855339666105), np.float64(0.05630903301805531), np.float64(0.06385971538867265), np.float64(0.04910799672555484), np.float64(0.06421875356472823), np.float64(0.055296180164569345), np.float64(0.05591022185194376), np.float64(0.056857433226121676), np.float64(0.06896233218113604), np.float64(0.05070409977041158), np.float64(0.05870759815196502), np.float64(0.05243258606829112), np.float64(0.06109141494857257), np.float64(0.060798859842332055), np.float64(0.05906906969718551), np.float64(0.05639132851455503), np.float64(0.05694398862365963), np.float64(0.06010969195518294), np.float64(0.036228361009458455), np.float64(0.06361456372373683), np.float64(0.07442010901432146)]]}

Time Slot 5 Results:
  Selected Devices: [12, 19, 38, 40, 49]
  Total Offload Data: 0.0000
  Sample Device Computation F: [np.float64(38.12804097178537), np.float64(32.800017812083276), np.float64(47.529751695610486), np.float64(60.81407568364755), np.float64(78.37175110498431)]
  Sample Final Data Amounts: [np.float64(0.0), np.float64(0.0), np.float64(0.0), np.float64(0.0), np.float64(0.0)]

Time Slot 10 Results:
  Selected Devices: [12, 19, 38, 40, 49]
  Total Offload Data: 0.0000
  Sample Device Computation F: [np.float64(85.8935639348988), np.float64(27.66025100302489), np.float64(45.059848087389724), np.float64(131.6871054575239), np.float64(83.43039521436891)]
  Sample Final Data Amounts: [np.float64(0.0), np.float64(0.0), np.float64(0.0), np.float64(0.0), np.float64(0.0)]

Time Slot 15 Results:
  Selected Devices: [3, 12, 14, 26, 29]
  Total Offload Data: 0.0000
  Sample Device Computation F: [np.float64(95.3003281887656), np.float64(39.538047016561386), np.float64(22.405489370536195), np.float64(51.55758798799342), np.float64(47.75052698185988)]
  Sample Final Data Amounts: [np.float64(0.0), np.float64(0.0), np.float64(0.0), np.float64(31.200907888295074), np.float64(0.0)]

Time Slot 20 Results:
  Selected Devices: [3, 12, 14, 26, 29]
  Total Offload Data: 0.0000
  Sample Device Computation F: [np.float64(37.381108871831074), np.float64(27.21177832296327), np.float64(48.328165036701904), np.float64(106.2306034685938), np.float64(81.42335685588993)]
  Sample Final Data Amounts: [np.float64(0.0), np.float64(0.0), np.float64(0.0), np.float64(42.523870688596304), np.float64(0.0)]

Time Slot 25 Results:
  Selected Devices: [7, 12, 19, 30, 40]
  Total Offload Data: 0.0000
  Sample Device Computation F: [np.float64(70.80583104355622), np.float64(32.140640741832215), np.float64(32.99136030455077), np.float64(58.09704078761626), np.float64(65.86759365712881)]
  Sample Final Data Amounts: [np.float64(0.0), np.float64(0.0), np.float64(0.0), np.float64(0.0), np.float64(0.0)]

Time Slot 30 Results:
  Selected Devices: [7, 12, 19, 30, 40]
  Total Offload Data: 19.2431
  Sample Device Computation F: [np.float64(101.68406222660957), np.float64(33.55708084994945), np.float64(30.188475460012487), np.float64(87.78752235453854), np.float64(41.605221127280046)]
  Sample Final Data Amounts: [np.float64(0.0), np.float64(0.0), np.float64(0.0), np.float64(0.0), np.float64(0.0)]

Time Slot 35 Results:
  Selected Devices: [26, 35, 40, 42, 49]
  Total Offload Data: 0.0000
  Sample Device Computation F: [np.float64(82.45450217379471), np.float64(35.13394852280742), np.float64(20.346723674300385), np.float64(58.22521003427361), np.float64(51.2841121523434)]
  Sample Final Data Amounts: [np.float64(0.0), np.float64(0.0), np.float64(0.0), np.float64(0.0), np.float64(0.0)]

Time Slot 40 Results:
  Selected Devices: [26, 35, 40, 42, 49]
  Total Offload Data: 157.1288
  Sample Device Computation F: [np.float64(61.68521170581083), np.float64(21.36855547475705), np.float64(41.26353670850966), np.float64(94.41835707644911), np.float64(35.42766270227294)]
  Sample Final Data Amounts: [np.float64(0.0), np.float64(0.0), np.float64(0.0), np.float64(0.0), np.float64(0.0)]

Time Slot 45 Results:
  Selected Devices: [3, 4, 17, 47, 49]
  Total Offload Data: 0.0000
  Sample Device Computation F: [np.float64(71.32552935830098), np.float64(21.03220963261908), np.float64(48.351249903020125), np.float64(132.74402422768262), np.float64(73.4408947238437)]
  Sample Final Data Amounts: [np.float64(0.0), np.float64(0.0), np.float64(0.0), np.float64(41.04910044155302), np.float64(73.4408947238437)]

Time Slot 50 Results:
  Selected Devices: [3, 4, 17, 47, 49]
  Total Offload Data: 0.0000
  Sample Device Computation F: [np.float64(86.01698565270706), np.float64(23.138798076798295), np.float64(31.510688951344086), np.float64(60.52834304314314), np.float64(82.98133462402066)]
  Sample Final Data Amounts: [np.float64(0.0), np.float64(0.0), np.float64(0.0), np.float64(58.568737505991784), np.float64(74.14586655449884)]

Time Slot 55 Results:
  Selected Devices: [0, 40, 41, 42, 43]
  Total Offload Data: 0.0000
  Sample Device Computation F: [np.float64(43.9234981156906), np.float64(37.593391967713686), np.float64(22.02325317499114), np.float64(97.59105487076116), np.float64(74.72096579119751)]
  Sample Final Data Amounts: [np.float64(17.94639636381517), np.float64(0.0), np.float64(0.0), np.float64(0.0), np.float64(0.0)]

Time Slot 60 Results:
  Selected Devices: [0, 40, 41, 42, 43]
  Total Offload Data: 0.0000
  Sample Device Computation F: [np.float64(104.3443113744182), np.float64(13.459481582277668), np.float64(40.70246929029731), np.float64(55.08901604718612), np.float64(51.279203782402476)]
  Sample Final Data Amounts: [np.float64(11.260880525490734), np.float64(0.0), np.float64(0.0), np.float64(0.0), np.float64(0.0)]

Time Slot 65 Results:
  Selected Devices: [4, 18, 35, 38, 49]
  Total Offload Data: 0.0000
  Sample Device Computation F: [np.float64(66.47360714006015), np.float64(26.62530769963265), np.float64(36.37003744069098), np.float64(136.28431124688427), np.float64(56.47399898439165)]
  Sample Final Data Amounts: [np.float64(0.0), np.float64(0.0), np.float64(0.0), np.float64(0.0), np.float64(56.47399898439165)]

Time Slot 70 Results:
  Selected Devices: [4, 18, 35, 38, 49]
  Total Offload Data: 0.0000
  Sample Device Computation F: [np.float64(99.0575973414089), np.float64(28.029201130809753), np.float64(22.091177080911965), np.float64(80.39141615444649), np.float64(35.69246530386159)]
  Sample Final Data Amounts: [np.float64(0.0), np.float64(0.0), np.float64(0.0), np.float64(0.0), np.float64(35.69246530386159)]

Time Slot 75 Results:
  Selected Devices: [3, 19, 26, 47, 48]
  Total Offload Data: 0.0000
  Sample Device Computation F: [np.float64(56.06722286279673), np.float64(37.207941960509096), np.float64(35.776581788935545), np.float64(114.89578459078828), np.float64(81.51787215123991)]
  Sample Final Data Amounts: [np.float64(0.0), np.float64(0.0), np.float64(0.0), np.float64(48.39615325265209), np.float64(0.0)]

Time Slot 80 Results:
  Selected Devices: [3, 19, 26, 47, 48]
  Total Offload Data: 0.0000
  Sample Device Computation F: [np.float64(62.180902353563965), np.float64(34.933054593779815), np.float64(45.54140676518914), np.float64(58.80851865989392), np.float64(73.72542464500846)]
  Sample Final Data Amounts: [np.float64(0.0), np.float64(0.0), np.float64(0.0), np.float64(56.299765848182155), np.float64(0.0)]

Time Slot 85 Results:
  Selected Devices: [7, 18, 31, 35, 49]
  Total Offload Data: 0.0000
  Sample Device Computation F: [np.float64(71.7065209148979), np.float64(13.373282922955537), np.float64(21.268374958137244), np.float64(114.70137498211551), np.float64(62.800423111693746)]
  Sample Final Data Amounts: [np.float64(0.0), np.float64(0.0), np.float64(0.0), np.float64(0.0), np.float64(0.0)]

Time Slot 90 Results:
  Selected Devices: [7, 18, 31, 35, 49]
  Total Offload Data: 0.0000
  Sample Device Computation F: [np.float64(61.23859627117819), np.float64(31.679466212663073), np.float64(44.22954727367504), np.float64(67.07423013847978), np.float64(76.01327204612147)]
  Sample Final Data Amounts: [np.float64(0.0), np.float64(0.0), np.float64(0.0), np.float64(0.0), np.float64(0.0)]

Time Slot 95 Results:
  Selected Devices: [11, 12, 19, 38, 42]
  Total Offload Data: 53.3736
  Sample Device Computation F: [np.float64(60.52662763062683), np.float64(36.10550992696387), np.float64(30.12575711548733), np.float64(116.02832550371235), np.float64(52.264131480607176)]
  Sample Final Data Amounts: [np.float64(0.0), np.float64(0.0), np.float64(0.0), np.float64(0.0), np.float64(0.0)]

Time Slot 100 Results:
  Selected Devices: [11, 12, 19, 38, 42]
  Total Offload Data: 0.0000
  Sample Device Computation F: [np.float64(46.49912417253634), np.float64(36.65017645866473), np.float64(26.033066518008457), np.float64(80.7829995286771), np.float64(38.54013217150498)]
  Sample Final Data Amounts: [np.float64(0.0), np.float64(0.0), np.float64(0.0), np.float64(0.0), np.float64(0.0)]

=== 仿真结果 (N=50) ===
平均吞吐量:
  提出的方法 (T=10): 280.1702
  本地执行: 191.5672
  静态编排: 144.8185
  提出的方法 (T1=20): 256.4052
step1 获取到100个时隙的工作节点以及实际训练量
目标准确率：55.0，目标epoch：100
non-iid
[INFO] Non-IID 总分配样本数: 45679
  w_locals: 2456.80 MB
  gradient: 2456.80 MB
Round 1, Test Accuracy: 10.0, Loss: 2.297756383895874, Global training time: 0.041479418240097814

[INFO] Non-IID 总分配样本数: 20844
  w_locals: 2456.80 MB
  gradient: 2456.80 MB
Round 2, Test Accuracy: 10.0, Loss: 2.2956611248016356, Global training time: 0.06256725933720582

[INFO] Non-IID 总分配样本数: 16755
  w_locals: 2456.80 MB
  gradient: 2456.80 MB
Round 3, Test Accuracy: 10.0, Loss: 2.293111703109741, Global training time: 0.05200486924628514

[INFO] Non-IID 总分配样本数: 22059
  w_locals: 2456.80 MB
  gradient: 2456.80 MB
Round 4, Test Accuracy: 10.0, Loss: 2.2895663124084473, Global training time: 0.05745459628733829

[INFO] Non-IID 总分配样本数: 25184
  w_locals: 2456.80 MB
  gradient: 2456.80 MB
Round 5, Test Accuracy: 10.069999694824219, Loss: 2.284694594192505, Global training time: 0.061507066964895295

[INFO] Non-IID 总分配样本数: 19597
  w_locals: 2456.80 MB
  gradient: 2456.80 MB
Round 6, Test Accuracy: 10.0, Loss: 2.2815107078552246, Global training time: 0.045137248976322854

[INFO] Non-IID 总分配样本数: 20799
  w_locals: 2456.80 MB
  gradient: 2456.80 MB
Round 7, Test Accuracy: 16.479999542236328, Loss: 2.268408260345459, Global training time: 0.0590499261585772

[INFO] Non-IID 总分配样本数: 19713
  w_locals: 2456.80 MB
  gradient: 2456.80 MB
Round 8, Test Accuracy: 17.239999771118164, Loss: 2.2546009468078614, Global training time: 0.06010537685016696

[INFO] Non-IID 总分配样本数: 20360
  w_locals: 2456.80 MB
  gradient: 2456.80 MB
Round 9, Test Accuracy: 18.8799991607666, Loss: 2.234053273010254, Global training time: 0.053495904629593354

[INFO] Non-IID 总分配样本数: 21782
  w_locals: 2456.80 MB
  gradient: 2456.80 MB
Round 10, Test Accuracy: 22.739999771118164, Loss: 2.198693417739868, Global training time: 0.06247766732982017

[INFO] Non-IID 总分配样本数: 49535
  w_locals: 2456.80 MB
  gradient: 2456.80 MB
Round 11, Test Accuracy: 24.530000686645508, Loss: 2.119243229484558, Global training time: 0.04638186992601158

[INFO] Non-IID 总分配样本数: 19435
  w_locals: 2456.80 MB
  gradient: 2456.80 MB
Round 12, Test Accuracy: 25.93000030517578, Loss: 2.060835297012329, Global training time: 0.03593554766608176

[INFO] Non-IID 总分配样本数: 27311
  w_locals: 2456.80 MB
  gradient: 2456.80 MB
Round 13, Test Accuracy: 26.43000030517578, Loss: 1.9967207832336427, Global training time: 0.06517972188781931

[INFO] Non-IID 总分配样本数: 25089
  w_locals: 2456.80 MB
  gradient: 2456.80 MB
Round 14, Test Accuracy: 27.3700008392334, Loss: 1.9639906547546386, Global training time: 0.04269331794233077

[INFO] Non-IID 总分配样本数: 26059
  w_locals: 2456.80 MB
  gradient: 2456.80 MB
Round 15, Test Accuracy: 27.649999618530273, Loss: 1.9381552986145019, Global training time: 0.051176342884227545

[INFO] Non-IID 总分配样本数: 21240
  w_locals: 2456.80 MB
  gradient: 2456.80 MB
Round 16, Test Accuracy: 29.010000228881836, Loss: 1.9119370691299438, Global training time: 0.0564440749787169

[INFO] Non-IID 总分配样本数: 19900
  w_locals: 2456.80 MB
  gradient: 2456.80 MB
Round 17, Test Accuracy: 29.770000457763672, Loss: 1.8913601993560791, Global training time: 0.044878110365916976

[INFO] Non-IID 总分配样本数: 24731
  w_locals: 2456.80 MB
  gradient: 2456.80 MB
Round 18, Test Accuracy: 30.170000076293945, Loss: 1.8573497873306275, Global training time: 0.05511132739837677

[INFO] Non-IID 总分配样本数: 29673
  w_locals: 2456.80 MB
  gradient: 2456.80 MB
Round 19, Test Accuracy: 31.579999923706055, Loss: 1.8215476009368896, Global training time: 0.0681969079036628

[INFO] Non-IID 总分配样本数: 24550
  w_locals: 2456.80 MB
  gradient: 2456.80 MB
Round 20, Test Accuracy: 33.4900016784668, Loss: 1.7909407995223998, Global training time: 0.051327830561233675

[INFO] Non-IID 总分配样本数: 41884
  w_locals: 2456.80 MB
  gradient: 2456.80 MB
Round 21, Test Accuracy: 33.130001068115234, Loss: 1.7662593460083007, Global training time: 0.027694306560850934

[INFO] Non-IID 总分配样本数: 25098
  w_locals: 2456.80 MB
  gradient: 2456.80 MB
Round 22, Test Accuracy: 34.790000915527344, Loss: 1.7386932579040528, Global training time: 0.05651933839944401

[INFO] Non-IID 总分配样本数: 25216
  w_locals: 2456.80 MB
  gradient: 2456.80 MB
Round 23, Test Accuracy: 34.849998474121094, Loss: 1.7285135568618775, Global training time: 0.06640748712542624

[INFO] Non-IID 总分配样本数: 26876
  w_locals: 2456.80 MB
  gradient: 2456.80 MB
Round 24, Test Accuracy: 36.7400016784668, Loss: 1.6824255945205688, Global training time: 0.0699172535994786

[INFO] Non-IID 总分配样本数: 25449
  w_locals: 2456.80 MB
  gradient: 2456.80 MB
Round 25, Test Accuracy: 37.43000030517578, Loss: 1.6620835306167603, Global training time: 0.05465393426275271

[INFO] Non-IID 总分配样本数: 24539
  w_locals: 2456.80 MB
  gradient: 2456.80 MB
Round 26, Test Accuracy: 37.119998931884766, Loss: 1.6856520198822023, Global training time: 0.04566803486950807

[INFO] Non-IID 总分配样本数: 24325
  w_locals: 2456.80 MB
  gradient: 2456.80 MB
Round 27, Test Accuracy: 39.41999816894531, Loss: 1.6218150260925293, Global training time: 0.039452731366197834

[INFO] Non-IID 总分配样本数: 18400
  w_locals: 2456.80 MB
  gradient: 2456.80 MB
Round 28, Test Accuracy: 39.70000076293945, Loss: 1.6075498779296875, Global training time: 0.05290986027773258

[INFO] Non-IID 总分配样本数: 22499
  w_locals: 2456.80 MB
  gradient: 2456.80 MB
Round 29, Test Accuracy: 40.0099983215332, Loss: 1.5914046352386475, Global training time: 0.05234991270082199

[INFO] Non-IID 总分配样本数: 34364
  w_locals: 2456.80 MB
  gradient: 2456.80 MB
Round 30, Test Accuracy: 40.970001220703125, Loss: 1.570593720626831, Global training time: 0.07265283704777378

[INFO] Non-IID 总分配样本数: 46563
  w_locals: 2456.80 MB
  gradient: 2456.80 MB
Round 31, Test Accuracy: 42.65999984741211, Loss: 1.5324202613830566, Global training time: 0.0441263502630432

[INFO] Non-IID 总分配样本数: 22516
  w_locals: 2456.80 MB
  gradient: 2456.80 MB
Round 32, Test Accuracy: 40.900001525878906, Loss: 1.565238250541687, Global training time: 0.050288854338472286

[INFO] Non-IID 总分配样本数: 25232
  w_locals: 2456.80 MB
  gradient: 2456.80 MB
Round 33, Test Accuracy: 42.72999954223633, Loss: 1.5439949321746826, Global training time: 0.054637650451620313

[INFO] Non-IID 总分配样本数: 24319
  w_locals: 2456.80 MB
  gradient: 2456.80 MB
Round 34, Test Accuracy: 43.099998474121094, Loss: 1.5279049098968507, Global training time: 0.06528560617101624

[INFO] Non-IID 总分配样本数: 24866
  w_locals: 2456.80 MB
  gradient: 2456.80 MB
Round 35, Test Accuracy: 43.79999923706055, Loss: 1.5098070785522462, Global training time: 0.04534575917160893

[INFO] Non-IID 总分配样本数: 18678
  w_locals: 2456.80 MB
  gradient: 2456.80 MB
Round 36, Test Accuracy: 44.81999969482422, Loss: 1.4761819456100465, Global training time: 0.05546887356902788

[INFO] Non-IID 总分配样本数: 25462
  w_locals: 2456.80 MB
  gradient: 2456.80 MB
Round 37, Test Accuracy: 46.189998626708984, Loss: 1.448852984237671, Global training time: 0.06484539075673078

[INFO] Non-IID 总分配样本数: 23913
  w_locals: 2456.80 MB
  gradient: 2456.80 MB
Round 38, Test Accuracy: 45.47999954223633, Loss: 1.4545387781143189, Global training time: 0.05524764632978281

[INFO] Non-IID 总分配样本数: 19863
  w_locals: 2456.80 MB
  gradient: 2456.80 MB
Round 39, Test Accuracy: 46.72999954223633, Loss: 1.4268936876296998, Global training time: 0.05836237835955721

[INFO] Non-IID 总分配样本数: 23691
  w_locals: 2456.80 MB
  gradient: 2456.80 MB
Round 40, Test Accuracy: 46.709999084472656, Loss: 1.4506711902618408, Global training time: 0.04756062445085713

[INFO] Non-IID 总分配样本数: 45324
  w_locals: 2456.80 MB
  gradient: 2456.80 MB
Round 41, Test Accuracy: 47.79999923706055, Loss: 1.405446117591858, Global training time: 0.051260360531822646

[INFO] Non-IID 总分配样本数: 19483
  w_locals: 2456.80 MB
  gradient: 2456.80 MB
Round 42, Test Accuracy: 48.290000915527344, Loss: 1.4130622188568116, Global training time: 0.03706936659150471

[INFO] Non-IID 总分配样本数: 19432
  w_locals: 2456.80 MB
  gradient: 2456.80 MB
Round 43, Test Accuracy: 48.81999969482422, Loss: 1.3816223999023438, Global training time: 0.05351246552939432

[INFO] Non-IID 总分配样本数: 23587
  w_locals: 2456.80 MB
  gradient: 2456.80 MB
Round 44, Test Accuracy: 49.22999954223633, Loss: 1.3709130321502685, Global training time: 0.057606735941249786

[INFO] Non-IID 总分配样本数: 19611
  w_locals: 2456.80 MB
  gradient: 2456.80 MB
Round 45, Test Accuracy: 48.650001525878906, Loss: 1.396618349647522, Global training time: 0.0425457577661953

[INFO] Non-IID 总分配样本数: 17001
  w_locals: 2456.80 MB
  gradient: 2456.80 MB
Round 46, Test Accuracy: 49.31999969482422, Loss: 1.3769047327041626, Global training time: 0.04616516828304038

[INFO] Non-IID 总分配样本数: 26335
  w_locals: 2456.80 MB
  gradient: 2456.80 MB
Round 47, Test Accuracy: 50.33000183105469, Loss: 1.3390526414871216, Global training time: 0.05628861277010606

[INFO] Non-IID 总分配样本数: 24974
  w_locals: 2456.80 MB
  gradient: 2456.80 MB
Round 48, Test Accuracy: 49.93000030517578, Loss: 1.3572412607192994, Global training time: 0.055090607450978435

[INFO] Non-IID 总分配样本数: 22970
  w_locals: 2456.80 MB
  gradient: 2456.80 MB
Round 49, Test Accuracy: 51.310001373291016, Loss: 1.3187502700805664, Global training time: 0.04382059618089421

[INFO] Non-IID 总分配样本数: 22635
  w_locals: 2456.80 MB
  gradient: 2456.80 MB
Round 50, Test Accuracy: 51.150001525878906, Loss: 1.3314682849884034, Global training time: 0.047304214438427306

[INFO] Non-IID 总分配样本数: 39374
  w_locals: 2456.80 MB
  gradient: 2456.80 MB
Round 51, Test Accuracy: 50.470001220703125, Loss: 1.3409710006713866, Global training time: 0.03208361173930921

[INFO] Non-IID 总分配样本数: 23963
  w_locals: 2456.80 MB
  gradient: 2456.80 MB
Round 52, Test Accuracy: 49.88999938964844, Loss: 1.3673696163177491, Global training time: 0.076676707794542

[INFO] Non-IID 总分配样本数: 17908
  w_locals: 2456.80 MB
  gradient: 2456.80 MB
Round 53, Test Accuracy: 52.13999938964844, Loss: 1.3052350843429565, Global training time: 0.06619910210655965

[INFO] Non-IID 总分配样本数: 19333
  w_locals: 2456.80 MB
  gradient: 2456.80 MB
Round 54, Test Accuracy: 52.91999816894531, Loss: 1.2843748733520508, Global training time: 0.06519200690204456

[INFO] Non-IID 总分配样本数: 17694
  w_locals: 2456.80 MB
  gradient: 2456.80 MB
Round 55, Test Accuracy: 53.22999954223633, Loss: 1.283545418739319, Global training time: 0.04792323763349044

[INFO] Non-IID 总分配样本数: 16237
  w_locals: 2456.80 MB
  gradient: 2456.80 MB
Round 56, Test Accuracy: 53.66999816894531, Loss: 1.267614149284363, Global training time: 0.03663195001458286

[INFO] Non-IID 总分配样本数: 17461
  w_locals: 2456.80 MB
  gradient: 2456.80 MB
Round 57, Test Accuracy: 53.75, Loss: 1.2637879446029663, Global training time: 0.050609522693014844

[INFO] Non-IID 总分配样本数: 18737
  w_locals: 2456.80 MB
  gradient: 2456.80 MB
Round 58, Test Accuracy: 53.33000183105469, Loss: 1.2704039251327515, Global training time: 0.05273853516783751

[INFO] Non-IID 总分配样本数: 21980
  w_locals: 2456.80 MB
  gradient: 2456.80 MB
Round 59, Test Accuracy: 54.83000183105469, Loss: 1.2431862752914429, Global training time: 0.07683878218316892

[INFO] Non-IID 总分配样本数: 19677
  w_locals: 2456.80 MB
  gradient: 2456.80 MB
Round 60, Test Accuracy: 52.72999954223633, Loss: 1.2805121841430664, Global training time: 0.05203821388454191

[INFO] Non-IID 总分配样本数: 41357
  w_locals: 2456.80 MB
  gradient: 2456.80 MB
Round 61, Test Accuracy: 53.04999923706055, Loss: 1.2720294347763061, Global training time: 0.05329803546630739

[INFO] Non-IID 总分配样本数: 23147
  w_locals: 2456.80 MB
  gradient: 2456.80 MB
Round 62, Test Accuracy: 55.36000061035156, Loss: 1.225794626045227, Global training time: 0.058171123256533876

[INFO] Non-IID 总分配样本数: 22693
  w_locals: 2456.80 MB
  gradient: 2456.80 MB
Round 63, Test Accuracy: 54.70000076293945, Loss: 1.2349079551696778, Global training time: 0.06586233257571122

[INFO] Non-IID 总分配样本数: 21979
  w_locals: 2456.80 MB
  gradient: 2456.80 MB
Round 64, Test Accuracy: 56.13999938964844, Loss: 1.2190824470520019, Global training time: 0.0520313259327845

[INFO] Non-IID 总分配样本数: 21212
  w_locals: 2456.80 MB
  gradient: 2456.80 MB
Round 65, Test Accuracy: 56.709999084472656, Loss: 1.1975542673110962, Global training time: 0.056049708339476506

[INFO] Non-IID 总分配样本数: 22982
  w_locals: 2456.80 MB
  gradient: 2456.80 MB
Round 66, Test Accuracy: 56.279998779296875, Loss: 1.2067573350906373, Global training time: 0.06434058727034218

[INFO] Non-IID 总分配样本数: 15525
  w_locals: 2456.80 MB
  gradient: 2456.80 MB
Round 67, Test Accuracy: 56.119998931884766, Loss: 1.2135258857727051, Global training time: 0.04728038619536705

[INFO] Non-IID 总分配样本数: 20356
  w_locals: 2456.80 MB
  gradient: 2456.80 MB
Round 68, Test Accuracy: 57.20000076293945, Loss: 1.1883228115081788, Global training time: 0.04658861398760865

[INFO] Non-IID 总分配样本数: 18217
  w_locals: 2456.80 MB
  gradient: 2456.80 MB
Round 69, Test Accuracy: 57.20000076293945, Loss: 1.1837771240234376, Global training time: 0.05279536032857372

[INFO] Non-IID 总分配样本数: 21141
  w_locals: 2456.80 MB
  gradient: 2456.80 MB
Round 70, Test Accuracy: 58.2400016784668, Loss: 1.1622293090820313, Global training time: 0.04421820483254795

[INFO] Non-IID 总分配样本数: 47483
  w_locals: 2456.80 MB
  gradient: 2456.80 MB
Round 71, Test Accuracy: 57.59000015258789, Loss: 1.175981341934204, Global training time: 0.03778535667349448

[INFO] Non-IID 总分配样本数: 18279
  w_locals: 2456.80 MB
  gradient: 2456.80 MB
Round 72, Test Accuracy: 57.459999084472656, Loss: 1.1830194969177246, Global training time: 0.04058823816357281

[INFO] Non-IID 总分配样本数: 20879
  w_locals: 2456.80 MB
  gradient: 2456.80 MB
Round 73, Test Accuracy: 56.84000015258789, Loss: 1.1786975881576538, Global training time: 0.05305458877966521

[INFO] Non-IID 总分配样本数: 21333
  w_locals: 2456.80 MB
  gradient: 2456.80 MB
Round 74, Test Accuracy: 58.130001068115234, Loss: 1.1558798070907592, Global training time: 0.03535307350702607

[INFO] Non-IID 总分配样本数: 21061
  w_locals: 2456.80 MB
  gradient: 2456.80 MB
Round 75, Test Accuracy: 58.88999938964844, Loss: 1.14768816280365, Global training time: 0.04099449257914718

[INFO] Non-IID 总分配样本数: 24933
  w_locals: 2456.80 MB
  gradient: 2456.80 MB
Round 76, Test Accuracy: 58.2599983215332, Loss: 1.15534374294281, Global training time: 0.049339821347245454

[INFO] Non-IID 总分配样本数: 19832
  w_locals: 2456.80 MB
  gradient: 2456.80 MB
Round 77, Test Accuracy: 59.66999816894531, Loss: 1.1253207130432128, Global training time: 0.04905183671073476

[INFO] Non-IID 总分配样本数: 18024
  w_locals: 2456.80 MB
  gradient: 2456.80 MB
Round 78, Test Accuracy: 59.33000183105469, Loss: 1.1265577182769775, Global training time: 0.06346801895756325

[INFO] Non-IID 总分配样本数: 22477
  w_locals: 2456.80 MB
  gradient: 2456.80 MB
Round 79, Test Accuracy: 59.939998626708984, Loss: 1.124438741493225, Global training time: 0.053437713713955275

[INFO] Non-IID 总分配样本数: 17203
  w_locals: 2456.80 MB
  gradient: 2456.80 MB
Round 80, Test Accuracy: 59.38999938964844, Loss: 1.126831032562256, Global training time: 0.053264948815052955

[INFO] Non-IID 总分配样本数: 44597
  w_locals: 2456.80 MB
  gradient: 2456.80 MB
Round 81, Test Accuracy: 59.380001068115234, Loss: 1.1404637477874755, Global training time: 0.06046991211328023

[INFO] Non-IID 总分配样本数: 27261
  w_locals: 2456.80 MB
  gradient: 2456.80 MB
Round 82, Test Accuracy: 60.70000076293945, Loss: 1.0957606048583985, Global training time: 0.07003870802359352

[INFO] Non-IID 总分配样本数: 18124
  w_locals: 2456.80 MB
  gradient: 2456.80 MB
Round 83, Test Accuracy: 61.099998474121094, Loss: 1.093896835708618, Global training time: 0.04419694813302536

[INFO] Non-IID 总分配样本数: 24468
  w_locals: 2456.80 MB
  gradient: 2456.80 MB
Round 84, Test Accuracy: 59.95000076293945, Loss: 1.1044434350013732, Global training time: 0.061623229782397114

[INFO] Non-IID 总分配样本数: 16900
  w_locals: 2456.80 MB
  gradient: 2456.80 MB
Round 85, Test Accuracy: 61.22999954223633, Loss: 1.0844646022796631, Global training time: 0.047395928298986624

[INFO] Non-IID 总分配样本数: 17674
  w_locals: 2456.80 MB
  gradient: 2456.80 MB
Round 86, Test Accuracy: 60.63999938964844, Loss: 1.108655641937256, Global training time: 0.05024424401401594

[INFO] Non-IID 总分配样本数: 15722
  w_locals: 2456.80 MB
  gradient: 2456.80 MB
Round 87, Test Accuracy: 60.369998931884766, Loss: 1.1093766733169557, Global training time: 0.04493396155973707

[INFO] Non-IID 总分配样本数: 26086
  w_locals: 2456.80 MB
  gradient: 2456.80 MB
Round 88, Test Accuracy: 61.84000015258789, Loss: 1.0670504062652588, Global training time: 0.07070637563739614

[INFO] Non-IID 总分配样本数: 22702
  w_locals: 2456.80 MB
  gradient: 2456.80 MB
Round 89, Test Accuracy: 61.47999954223633, Loss: 1.0771486733436584, Global training time: 0.05214159198964169

[INFO] Non-IID 总分配样本数: 18297
  w_locals: 2456.80 MB
  gradient: 2456.80 MB
Round 90, Test Accuracy: 60.29999923706055, Loss: 1.1135664846420288, Global training time: 0.050109438443426094

[INFO] Non-IID 总分配样本数: 44299
  w_locals: 2456.80 MB
  gradient: 2456.80 MB
Round 91, Test Accuracy: 61.66999816894531, Loss: 1.0681975134849548, Global training time: 0.04596376832998195

[INFO] Non-IID 总分配样本数: 17090
  w_locals: 2456.80 MB
  gradient: 2456.80 MB
Round 92, Test Accuracy: 62.560001373291016, Loss: 1.0609900188446044, Global training time: 0.049286937786511276

[INFO] Non-IID 总分配样本数: 16617
  w_locals: 2456.80 MB
  gradient: 2456.80 MB
Round 93, Test Accuracy: 62.279998779296875, Loss: 1.051632055568695, Global training time: 0.049848971947453066

[INFO] Non-IID 总分配样本数: 23768
  w_locals: 2456.80 MB
  gradient: 2456.80 MB
Round 94, Test Accuracy: 63.31999969482422, Loss: 1.0306073165893554, Global training time: 0.05770468490098261

[INFO] Non-IID 总分配样本数: 23581
  w_locals: 2456.80 MB
  gradient: 2456.80 MB
Round 95, Test Accuracy: 61.38999938964844, Loss: 1.0801061961174012, Global training time: 0.08346924497727647

[INFO] Non-IID 总分配样本数: 18449
  w_locals: 2456.80 MB
  gradient: 2456.80 MB
Round 96, Test Accuracy: 59.13999938964844, Loss: 1.128147525882721, Global training time: 0.04198980596990111

[INFO] Non-IID 总分配样本数: 16982
  w_locals: 2456.80 MB
  gradient: 2456.80 MB
Round 97, Test Accuracy: 62.599998474121094, Loss: 1.0494859664916991, Global training time: 0.05307038171988189

[INFO] Non-IID 总分配样本数: 18012
  w_locals: 2456.80 MB
  gradient: 2456.80 MB
Round 98, Test Accuracy: 62.63999938964844, Loss: 1.0391500464439392, Global training time: 0.03616940429449352

[INFO] Non-IID 总分配样本数: 21107
  w_locals: 2456.80 MB
  gradient: 2456.80 MB
Round 99, Test Accuracy: 62.279998779296875, Loss: 1.065361649608612, Global training time: 0.05060379172602751

[INFO] Non-IID 总分配样本数: 20631
  w_locals: 2456.80 MB
  gradient: 2456.80 MB
Round 100, Test Accuracy: 63.95000076293945, Loss: 1.0086733236312866, Global training time: 0.07037554219649468

成功保存数据pkl文件
OnlineFL已训练完成，最终结果： {'ais': 2, 'test_accuracies': [tensor(63.9500)], 'global_round_accuracies': [[tensor(10.), tensor(10.), tensor(10.), tensor(10.), tensor(10.0700), tensor(10.), tensor(16.4800), tensor(17.2400), tensor(18.8800), tensor(22.7400), tensor(24.5300), tensor(25.9300), tensor(26.4300), tensor(27.3700), tensor(27.6500), tensor(29.0100), tensor(29.7700), tensor(30.1700), tensor(31.5800), tensor(33.4900), tensor(33.1300), tensor(34.7900), tensor(34.8500), tensor(36.7400), tensor(37.4300), tensor(37.1200), tensor(39.4200), tensor(39.7000), tensor(40.0100), tensor(40.9700), tensor(42.6600), tensor(40.9000), tensor(42.7300), tensor(43.1000), tensor(43.8000), tensor(44.8200), tensor(46.1900), tensor(45.4800), tensor(46.7300), tensor(46.7100), tensor(47.8000), tensor(48.2900), tensor(48.8200), tensor(49.2300), tensor(48.6500), tensor(49.3200), tensor(50.3300), tensor(49.9300), tensor(51.3100), tensor(51.1500), tensor(50.4700), tensor(49.8900), tensor(52.1400), tensor(52.9200), tensor(53.2300), tensor(53.6700), tensor(53.7500), tensor(53.3300), tensor(54.8300), tensor(52.7300), tensor(53.0500), tensor(55.3600), tensor(54.7000), tensor(56.1400), tensor(56.7100), tensor(56.2800), tensor(56.1200), tensor(57.2000), tensor(57.2000), tensor(58.2400), tensor(57.5900), tensor(57.4600), tensor(56.8400), tensor(58.1300), tensor(58.8900), tensor(58.2600), tensor(59.6700), tensor(59.3300), tensor(59.9400), tensor(59.3900), tensor(59.3800), tensor(60.7000), tensor(61.1000), tensor(59.9500), tensor(61.2300), tensor(60.6400), tensor(60.3700), tensor(61.8400), tensor(61.4800), tensor(60.3000), tensor(61.6700), tensor(62.5600), tensor(62.2800), tensor(63.3200), tensor(61.3900), tensor(59.1400), tensor(62.6000), tensor(62.6400), tensor(62.2800), tensor(63.9500)]], 'global_round_times': [[np.float64(0.041479418240097814), np.float64(0.06256725933720582), np.float64(0.05200486924628514), np.float64(0.05745459628733829), np.float64(0.061507066964895295), np.float64(0.045137248976322854), np.float64(0.0590499261585772), np.float64(0.06010537685016696), np.float64(0.053495904629593354), np.float64(0.06247766732982017), np.float64(0.04638186992601158), np.float64(0.03593554766608176), np.float64(0.06517972188781931), np.float64(0.04269331794233077), np.float64(0.051176342884227545), np.float64(0.0564440749787169), np.float64(0.044878110365916976), np.float64(0.05511132739837677), np.float64(0.0681969079036628), np.float64(0.051327830561233675), np.float64(0.027694306560850934), np.float64(0.05651933839944401), np.float64(0.06640748712542624), np.float64(0.0699172535994786), np.float64(0.05465393426275271), np.float64(0.04566803486950807), np.float64(0.039452731366197834), np.float64(0.05290986027773258), np.float64(0.05234991270082199), np.float64(0.07265283704777378), np.float64(0.0441263502630432), np.float64(0.050288854338472286), np.float64(0.054637650451620313), np.float64(0.06528560617101624), np.float64(0.04534575917160893), np.float64(0.05546887356902788), np.float64(0.06484539075673078), np.float64(0.05524764632978281), np.float64(0.05836237835955721), np.float64(0.04756062445085713), np.float64(0.051260360531822646), np.float64(0.03706936659150471), np.float64(0.05351246552939432), np.float64(0.057606735941249786), np.float64(0.0425457577661953), np.float64(0.04616516828304038), np.float64(0.05628861277010606), np.float64(0.055090607450978435), np.float64(0.04382059618089421), np.float64(0.047304214438427306), np.float64(0.03208361173930921), np.float64(0.076676707794542), np.float64(0.06619910210655965), np.float64(0.06519200690204456), np.float64(0.04792323763349044), np.float64(0.03663195001458286), np.float64(0.050609522693014844), np.float64(0.05273853516783751), np.float64(0.07683878218316892), np.float64(0.05203821388454191), np.float64(0.05329803546630739), np.float64(0.058171123256533876), np.float64(0.06586233257571122), np.float64(0.0520313259327845), np.float64(0.056049708339476506), np.float64(0.06434058727034218), np.float64(0.04728038619536705), np.float64(0.04658861398760865), np.float64(0.05279536032857372), np.float64(0.04421820483254795), np.float64(0.03778535667349448), np.float64(0.04058823816357281), np.float64(0.05305458877966521), np.float64(0.03535307350702607), np.float64(0.04099449257914718), np.float64(0.049339821347245454), np.float64(0.04905183671073476), np.float64(0.06346801895756325), np.float64(0.053437713713955275), np.float64(0.053264948815052955), np.float64(0.06046991211328023), np.float64(0.07003870802359352), np.float64(0.04419694813302536), np.float64(0.061623229782397114), np.float64(0.047395928298986624), np.float64(0.05024424401401594), np.float64(0.04493396155973707), np.float64(0.07070637563739614), np.float64(0.05214159198964169), np.float64(0.050109438443426094), np.float64(0.04596376832998195), np.float64(0.049286937786511276), np.float64(0.049848971947453066), np.float64(0.05770468490098261), np.float64(0.08346924497727647), np.float64(0.04198980596990111), np.float64(0.05307038171988189), np.float64(0.03616940429449352), np.float64(0.05060379172602751), np.float64(0.07037554219649468)]]}

Time Slot 5 Results:
  Selected Devices: [12, 19, 38, 40, 49]
  Total Offload Data: 0.0000
  Sample Device Computation F: [np.float64(38.12804097178537), np.float64(32.800017812083276), np.float64(47.529751695610486), np.float64(60.81407568364755), np.float64(78.37175110498431)]
  Sample Final Data Amounts: [np.float64(0.0), np.float64(0.0), np.float64(0.0), np.float64(0.0), np.float64(0.0)]

Time Slot 10 Results:
  Selected Devices: [12, 19, 38, 40, 49]
  Total Offload Data: 0.0000
  Sample Device Computation F: [np.float64(85.8935639348988), np.float64(27.66025100302489), np.float64(45.059848087389724), np.float64(131.6871054575239), np.float64(83.43039521436891)]
  Sample Final Data Amounts: [np.float64(0.0), np.float64(0.0), np.float64(0.0), np.float64(0.0), np.float64(0.0)]

Time Slot 15 Results:
  Selected Devices: [3, 12, 14, 26, 29]
  Total Offload Data: 0.0000
  Sample Device Computation F: [np.float64(95.3003281887656), np.float64(39.538047016561386), np.float64(22.405489370536195), np.float64(51.55758798799342), np.float64(47.75052698185988)]
  Sample Final Data Amounts: [np.float64(0.0), np.float64(0.0), np.float64(0.0), np.float64(31.200907888295074), np.float64(0.0)]

Time Slot 20 Results:
  Selected Devices: [3, 12, 14, 26, 29]
  Total Offload Data: 0.0000
  Sample Device Computation F: [np.float64(37.381108871831074), np.float64(27.21177832296327), np.float64(48.328165036701904), np.float64(106.2306034685938), np.float64(81.42335685588993)]
  Sample Final Data Amounts: [np.float64(0.0), np.float64(0.0), np.float64(0.0), np.float64(42.523870688596304), np.float64(0.0)]

Time Slot 25 Results:
  Selected Devices: [7, 12, 19, 30, 40]
  Total Offload Data: 0.0000
  Sample Device Computation F: [np.float64(70.80583104355622), np.float64(32.140640741832215), np.float64(32.99136030455077), np.float64(58.09704078761626), np.float64(65.86759365712881)]
  Sample Final Data Amounts: [np.float64(0.0), np.float64(0.0), np.float64(0.0), np.float64(0.0), np.float64(0.0)]

Time Slot 30 Results:
  Selected Devices: [7, 12, 19, 30, 40]
  Total Offload Data: 19.2431
  Sample Device Computation F: [np.float64(101.68406222660957), np.float64(33.55708084994945), np.float64(30.188475460012487), np.float64(87.78752235453854), np.float64(41.605221127280046)]
  Sample Final Data Amounts: [np.float64(0.0), np.float64(0.0), np.float64(0.0), np.float64(0.0), np.float64(0.0)]

Time Slot 35 Results:
  Selected Devices: [26, 35, 40, 42, 49]
  Total Offload Data: 0.0000
  Sample Device Computation F: [np.float64(82.45450217379471), np.float64(35.13394852280742), np.float64(20.346723674300385), np.float64(58.22521003427361), np.float64(51.2841121523434)]
  Sample Final Data Amounts: [np.float64(0.0), np.float64(0.0), np.float64(0.0), np.float64(0.0), np.float64(0.0)]

Time Slot 40 Results:
  Selected Devices: [26, 35, 40, 42, 49]
  Total Offload Data: 157.1288
  Sample Device Computation F: [np.float64(61.68521170581083), np.float64(21.36855547475705), np.float64(41.26353670850966), np.float64(94.41835707644911), np.float64(35.42766270227294)]
  Sample Final Data Amounts: [np.float64(0.0), np.float64(0.0), np.float64(0.0), np.float64(0.0), np.float64(0.0)]

Time Slot 45 Results:
  Selected Devices: [3, 4, 17, 47, 49]
  Total Offload Data: 0.0000
  Sample Device Computation F: [np.float64(71.32552935830098), np.float64(21.03220963261908), np.float64(48.351249903020125), np.float64(132.74402422768262), np.float64(73.4408947238437)]
  Sample Final Data Amounts: [np.float64(0.0), np.float64(0.0), np.float64(0.0), np.float64(41.04910044155302), np.float64(73.4408947238437)]

Time Slot 50 Results:
  Selected Devices: [3, 4, 17, 47, 49]
  Total Offload Data: 0.0000
  Sample Device Computation F: [np.float64(86.01698565270706), np.float64(23.138798076798295), np.float64(31.510688951344086), np.float64(60.52834304314314), np.float64(82.98133462402066)]
  Sample Final Data Amounts: [np.float64(0.0), np.float64(0.0), np.float64(0.0), np.float64(58.568737505991784), np.float64(74.14586655449884)]

Time Slot 55 Results:
  Selected Devices: [0, 40, 41, 42, 43]
  Total Offload Data: 0.0000
  Sample Device Computation F: [np.float64(43.9234981156906), np.float64(37.593391967713686), np.float64(22.02325317499114), np.float64(97.59105487076116), np.float64(74.72096579119751)]
  Sample Final Data Amounts: [np.float64(17.94639636381517), np.float64(0.0), np.float64(0.0), np.float64(0.0), np.float64(0.0)]

Time Slot 60 Results:
  Selected Devices: [0, 40, 41, 42, 43]
  Total Offload Data: 0.0000
  Sample Device Computation F: [np.float64(104.3443113744182), np.float64(13.459481582277668), np.float64(40.70246929029731), np.float64(55.08901604718612), np.float64(51.279203782402476)]
  Sample Final Data Amounts: [np.float64(11.260880525490734), np.float64(0.0), np.float64(0.0), np.float64(0.0), np.float64(0.0)]

Time Slot 65 Results:
  Selected Devices: [4, 18, 35, 38, 49]
  Total Offload Data: 0.0000
  Sample Device Computation F: [np.float64(66.47360714006015), np.float64(26.62530769963265), np.float64(36.37003744069098), np.float64(136.28431124688427), np.float64(56.47399898439165)]
  Sample Final Data Amounts: [np.float64(0.0), np.float64(0.0), np.float64(0.0), np.float64(0.0), np.float64(56.47399898439165)]

Time Slot 70 Results:
  Selected Devices: [4, 18, 35, 38, 49]
  Total Offload Data: 0.0000
  Sample Device Computation F: [np.float64(99.0575973414089), np.float64(28.029201130809753), np.float64(22.091177080911965), np.float64(80.39141615444649), np.float64(35.69246530386159)]
  Sample Final Data Amounts: [np.float64(0.0), np.float64(0.0), np.float64(0.0), np.float64(0.0), np.float64(35.69246530386159)]

Time Slot 75 Results:
  Selected Devices: [3, 19, 26, 47, 48]
  Total Offload Data: 0.0000
  Sample Device Computation F: [np.float64(56.06722286279673), np.float64(37.207941960509096), np.float64(35.776581788935545), np.float64(114.89578459078828), np.float64(81.51787215123991)]
  Sample Final Data Amounts: [np.float64(0.0), np.float64(0.0), np.float64(0.0), np.float64(48.39615325265209), np.float64(0.0)]

Time Slot 80 Results:
  Selected Devices: [3, 19, 26, 47, 48]
  Total Offload Data: 0.0000
  Sample Device Computation F: [np.float64(62.180902353563965), np.float64(34.933054593779815), np.float64(45.54140676518914), np.float64(58.80851865989392), np.float64(73.72542464500846)]
  Sample Final Data Amounts: [np.float64(0.0), np.float64(0.0), np.float64(0.0), np.float64(56.299765848182155), np.float64(0.0)]

Time Slot 85 Results:
  Selected Devices: [7, 18, 31, 35, 49]
  Total Offload Data: 0.0000
  Sample Device Computation F: [np.float64(71.7065209148979), np.float64(13.373282922955537), np.float64(21.268374958137244), np.float64(114.70137498211551), np.float64(62.800423111693746)]
  Sample Final Data Amounts: [np.float64(0.0), np.float64(0.0), np.float64(0.0), np.float64(0.0), np.float64(0.0)]

Time Slot 90 Results:
  Selected Devices: [7, 18, 31, 35, 49]
  Total Offload Data: 0.0000
  Sample Device Computation F: [np.float64(61.23859627117819), np.float64(31.679466212663073), np.float64(44.22954727367504), np.float64(67.07423013847978), np.float64(76.01327204612147)]
  Sample Final Data Amounts: [np.float64(0.0), np.float64(0.0), np.float64(0.0), np.float64(0.0), np.float64(0.0)]

Time Slot 95 Results:
  Selected Devices: [11, 12, 19, 38, 42]
  Total Offload Data: 53.3736
  Sample Device Computation F: [np.float64(60.52662763062683), np.float64(36.10550992696387), np.float64(30.12575711548733), np.float64(116.02832550371235), np.float64(52.264131480607176)]
  Sample Final Data Amounts: [np.float64(0.0), np.float64(0.0), np.float64(0.0), np.float64(0.0), np.float64(0.0)]

Time Slot 100 Results:
  Selected Devices: [11, 12, 19, 38, 42]
  Total Offload Data: 0.0000
  Sample Device Computation F: [np.float64(46.49912417253634), np.float64(36.65017645866473), np.float64(26.033066518008457), np.float64(80.7829995286771), np.float64(38.54013217150498)]
  Sample Final Data Amounts: [np.float64(0.0), np.float64(0.0), np.float64(0.0), np.float64(0.0), np.float64(0.0)]

=== 仿真结果 (N=50) ===
平均吞吐量:
  提出的方法 (T=10): 280.1702
  本地执行: 191.5672
  静态编排: 144.8185
  提出的方法 (T1=20): 256.4052
step1 获取到100个时隙的工作节点以及实际训练量
目标准确率：55.0，目标epoch：100
non-iid
[INFO] Non-IID 总分配样本数: 45679
  w_locals: 2456.80 MB
  gradient: 2456.80 MB
Round 1, Test Accuracy: 10.0, Loss: 2.3002656787872313, Global training time: 0.03599311994934733

[INFO] Non-IID 总分配样本数: 20844
  w_locals: 2456.80 MB
  gradient: 2456.80 MB
Round 2, Test Accuracy: 10.0, Loss: 2.298821240615845, Global training time: 0.05592361658687237

[INFO] Non-IID 总分配样本数: 16755
  w_locals: 2456.80 MB
  gradient: 2456.80 MB
Round 3, Test Accuracy: 11.399999618530273, Loss: 2.2970337661743163, Global training time: 0.04585981614766773

[INFO] Non-IID 总分配样本数: 22059
  w_locals: 2456.80 MB
  gradient: 2456.80 MB
Round 4, Test Accuracy: 11.460000038146973, Loss: 2.2956577190399168, Global training time: 0.05311375387322056

[INFO] Non-IID 总分配样本数: 25184
  w_locals: 2456.80 MB
  gradient: 2456.80 MB
Round 5, Test Accuracy: 15.449999809265137, Loss: 2.2925979526519775, Global training time: 0.05521196932476815

[INFO] Non-IID 总分配样本数: 19597
  w_locals: 2456.80 MB
  gradient: 2456.80 MB
Round 6, Test Accuracy: 14.729999542236328, Loss: 2.289672501754761, Global training time: 0.038435770603090884

[INFO] Non-IID 总分配样本数: 20799
  w_locals: 2456.80 MB
  gradient: 2456.80 MB
Round 7, Test Accuracy: 14.300000190734863, Loss: 2.2855751934051516, Global training time: 0.0489131184919833

[INFO] Non-IID 总分配样本数: 19713
  w_locals: 2456.80 MB
  gradient: 2456.80 MB
Round 8, Test Accuracy: 15.430000305175781, Loss: 2.280063972091675, Global training time: 0.0478815183551573

[INFO] Non-IID 总分配样本数: 20360
  w_locals: 2456.80 MB
  gradient: 2456.80 MB
Round 9, Test Accuracy: 15.84000015258789, Loss: 2.271366172790527, Global training time: 0.04417401173132711

[INFO] Non-IID 总分配样本数: 21782
  w_locals: 2456.80 MB
  gradient: 2456.80 MB
Round 10, Test Accuracy: 19.059999465942383, Loss: 2.2568277435302733, Global training time: 0.05789515216358836

[INFO] Non-IID 总分配样本数: 49535
  w_locals: 2456.80 MB
  gradient: 2456.80 MB
Round 11, Test Accuracy: 21.420000076293945, Loss: 2.222203940963745, Global training time: 0.044596116257217704

[INFO] Non-IID 总分配样本数: 19435
  w_locals: 2456.80 MB
  gradient: 2456.80 MB
Round 12, Test Accuracy: 20.440000534057617, Loss: 2.1830941104888915, Global training time: 0.04287491773232119

[INFO] Non-IID 总分配样本数: 27311
  w_locals: 2456.80 MB
  gradient: 2456.80 MB
Round 13, Test Accuracy: 23.079999923706055, Loss: 2.1233588621139527, Global training time: 0.05522903043811744

[INFO] Non-IID 总分配样本数: 25089
  w_locals: 2456.80 MB
  gradient: 2456.80 MB
Round 14, Test Accuracy: 26.299999237060547, Loss: 2.0617505001068115, Global training time: 0.04233915387153554

[INFO] Non-IID 总分配样本数: 26059
  w_locals: 2456.80 MB
  gradient: 2456.80 MB
Round 15, Test Accuracy: 26.6299991607666, Loss: 2.0084402549743654, Global training time: 0.0495477320087592

[INFO] Non-IID 总分配样本数: 21240
  w_locals: 2456.80 MB
  gradient: 2456.80 MB
Round 16, Test Accuracy: 27.350000381469727, Loss: 1.9812338264465332, Global training time: 0.053672102014380454

[INFO] Non-IID 总分配样本数: 19900
  w_locals: 2456.80 MB
  gradient: 2456.80 MB
Round 17, Test Accuracy: 27.850000381469727, Loss: 1.9587048433303833, Global training time: 0.05563443695010009

[INFO] Non-IID 总分配样本数: 24731
  w_locals: 2456.80 MB
  gradient: 2456.80 MB
Round 18, Test Accuracy: 28.3700008392334, Loss: 1.9281995855331422, Global training time: 0.0631615420761623

[INFO] Non-IID 总分配样本数: 29673
  w_locals: 2456.80 MB
  gradient: 2456.80 MB
Round 19, Test Accuracy: 28.530000686645508, Loss: 1.9054808834075927, Global training time: 0.07443136411287124

[INFO] Non-IID 总分配样本数: 24550
  w_locals: 2456.80 MB
  gradient: 2456.80 MB
Round 20, Test Accuracy: 30.299999237060547, Loss: 1.8709866552352905, Global training time: 0.051950614875357556

[INFO] Non-IID 总分配样本数: 41884
  w_locals: 2456.80 MB
  gradient: 2456.80 MB
Round 21, Test Accuracy: 31.610000610351562, Loss: 1.828692827606201, Global training time: 0.024865438888899208

[INFO] Non-IID 总分配样本数: 25098
  w_locals: 2456.80 MB
  gradient: 2456.80 MB
Round 22, Test Accuracy: 31.790000915527344, Loss: 1.8054068881988525, Global training time: 0.050518666520966087

[INFO] Non-IID 总分配样本数: 25216
  w_locals: 2456.80 MB
  gradient: 2456.80 MB
Round 23, Test Accuracy: 33.439998626708984, Loss: 1.763804571723938, Global training time: 0.05143278952715763

[INFO] Non-IID 总分配样本数: 26876
  w_locals: 2456.80 MB
  gradient: 2456.80 MB
Round 24, Test Accuracy: 31.65999984741211, Loss: 1.8126795795440673, Global training time: 0.0673598562143358

[INFO] Non-IID 总分配样本数: 25449
  w_locals: 2456.80 MB
  gradient: 2456.80 MB
Round 25, Test Accuracy: 35.88999938964844, Loss: 1.7007625957489014, Global training time: 0.05060526503444275

[INFO] Non-IID 总分配样本数: 24539
  w_locals: 2456.80 MB
  gradient: 2456.80 MB
Round 26, Test Accuracy: 34.54999923706055, Loss: 1.7721280324935913, Global training time: 0.04310892376470863

[INFO] Non-IID 总分配样本数: 24325
  w_locals: 2456.80 MB
  gradient: 2456.80 MB
Round 27, Test Accuracy: 38.099998474121094, Loss: 1.6461271259307861, Global training time: 0.039694673600644104

[INFO] Non-IID 总分配样本数: 18400
  w_locals: 2456.80 MB
  gradient: 2456.80 MB
Round 28, Test Accuracy: 37.290000915527344, Loss: 1.6490561965942383, Global training time: 0.048933587948477686

[INFO] Non-IID 总分配样本数: 22499
  w_locals: 2456.80 MB
  gradient: 2456.80 MB
Round 29, Test Accuracy: 39.119998931884766, Loss: 1.6245733238220215, Global training time: 0.05225754758083603

[INFO] Non-IID 总分配样本数: 34364
  w_locals: 2456.80 MB
  gradient: 2456.80 MB
Round 30, Test Accuracy: 41.040000915527344, Loss: 1.5801189767837525, Global training time: 0.07231129572450701

[INFO] Non-IID 总分配样本数: 46563
  w_locals: 2456.80 MB
  gradient: 2456.80 MB
Round 31, Test Accuracy: 40.52000045776367, Loss: 1.5752719688415526, Global training time: 0.04570035519646893

[INFO] Non-IID 总分配样本数: 22516
  w_locals: 2456.80 MB
  gradient: 2456.80 MB
Round 32, Test Accuracy: 41.56999969482422, Loss: 1.5535039779663087, Global training time: 0.051156609919755

[INFO] Non-IID 总分配样本数: 25232
  w_locals: 2456.80 MB
  gradient: 2456.80 MB
Round 33, Test Accuracy: 42.13999938964844, Loss: 1.5462865118026734, Global training time: 0.052852219588881505

[INFO] Non-IID 总分配样本数: 24319
  w_locals: 2456.80 MB
  gradient: 2456.80 MB
Round 34, Test Accuracy: 42.5099983215332, Loss: 1.5428636173248291, Global training time: 0.06676555008533759

[INFO] Non-IID 总分配样本数: 24866
  w_locals: 2456.80 MB
  gradient: 2456.80 MB
Round 35, Test Accuracy: 43.900001525878906, Loss: 1.50137259349823, Global training time: 0.043410071645565776

[INFO] Non-IID 总分配样本数: 18678
  w_locals: 2456.80 MB
  gradient: 2456.80 MB
Round 36, Test Accuracy: 44.43000030517578, Loss: 1.505834810256958, Global training time: 0.051935116001548404

[INFO] Non-IID 总分配样本数: 25462
  w_locals: 2456.80 MB
  gradient: 2456.80 MB
Round 37, Test Accuracy: 44.25, Loss: 1.4823618131637573, Global training time: 0.06409639002831227

[INFO] Non-IID 总分配样本数: 23913
  w_locals: 2456.80 MB
  gradient: 2456.80 MB
Round 38, Test Accuracy: 45.380001068115234, Loss: 1.4731518198013305, Global training time: 0.05223971985401439

[INFO] Non-IID 总分配样本数: 19863
  w_locals: 2456.80 MB
  gradient: 2456.80 MB
Round 39, Test Accuracy: 45.900001525878906, Loss: 1.450757049179077, Global training time: 0.05561541960818105

[INFO] Non-IID 总分配样本数: 23691
  w_locals: 2456.80 MB
  gradient: 2456.80 MB
Round 40, Test Accuracy: 45.869998931884766, Loss: 1.451790130996704, Global training time: 0.053551539929350404

[INFO] Non-IID 总分配样本数: 45324
  w_locals: 2456.80 MB
  gradient: 2456.80 MB
Round 41, Test Accuracy: 45.029998779296875, Loss: 1.4796342220306395, Global training time: 0.047685836240925164

[INFO] Non-IID 总分配样本数: 19483
  w_locals: 2456.80 MB
  gradient: 2456.80 MB
Round 42, Test Accuracy: 47.810001373291016, Loss: 1.4082905757904052, Global training time: 0.039243609574014904

[INFO] Non-IID 总分配样本数: 19432
  w_locals: 2456.80 MB
  gradient: 2456.80 MB
Round 43, Test Accuracy: 45.97999954223633, Loss: 1.4364965463638306, Global training time: 0.05718184065536758

[INFO] Non-IID 总分配样本数: 23587
  w_locals: 2456.80 MB
  gradient: 2456.80 MB
Round 44, Test Accuracy: 48.81999969482422, Loss: 1.3902253145217895, Global training time: 0.04867141265037758

[INFO] Non-IID 总分配样本数: 19611
  w_locals: 2456.80 MB
  gradient: 2456.80 MB
Round 45, Test Accuracy: 48.83000183105469, Loss: 1.3783382829666138, Global training time: 0.046019867357402704

[INFO] Non-IID 总分配样本数: 17001
  w_locals: 2456.80 MB
  gradient: 2456.80 MB
Round 46, Test Accuracy: 48.0, Loss: 1.41003221282959, Global training time: 0.046194374256146704

[INFO] Non-IID 总分配样本数: 26335
  w_locals: 2456.80 MB
  gradient: 2456.80 MB
Round 47, Test Accuracy: 48.689998626708984, Loss: 1.3903473428726196, Global training time: 0.05372797127864749

[INFO] Non-IID 总分配样本数: 24974
  w_locals: 2456.80 MB
  gradient: 2456.80 MB
Round 48, Test Accuracy: 48.97999954223633, Loss: 1.3858192819595336, Global training time: 0.054551917873612715

[INFO] Non-IID 总分配样本数: 22970
  w_locals: 2456.80 MB
  gradient: 2456.80 MB
Round 49, Test Accuracy: 50.04999923706055, Loss: 1.3790025800704957, Global training time: 0.048036868412909856

[INFO] Non-IID 总分配样本数: 22635
  w_locals: 2456.80 MB
  gradient: 2456.80 MB
Round 50, Test Accuracy: 50.650001525878906, Loss: 1.3492578727722169, Global training time: 0.049893420330947125

[INFO] Non-IID 总分配样本数: 39374
  w_locals: 2456.80 MB
  gradient: 2456.80 MB
Round 51, Test Accuracy: 51.18000030517578, Loss: 1.3342259027481078, Global training time: 0.030731908389583052

[INFO] Non-IID 总分配样本数: 23963
  w_locals: 2456.80 MB
  gradient: 2456.80 MB
Round 52, Test Accuracy: 51.33000183105469, Loss: 1.313443459701538, Global training time: 0.08020003315857863

[INFO] Non-IID 总分配样本数: 17908
  w_locals: 2456.80 MB
  gradient: 2456.80 MB
Round 53, Test Accuracy: 50.56999969482422, Loss: 1.3377738439559936, Global training time: 0.06446638893348587

[INFO] Non-IID 总分配样本数: 19333
  w_locals: 2456.80 MB
  gradient: 2456.80 MB
Round 54, Test Accuracy: 50.400001525878906, Loss: 1.3847563535690308, Global training time: 0.06992880261178074

[INFO] Non-IID 总分配样本数: 17694
  w_locals: 2456.80 MB
  gradient: 2456.80 MB
Round 55, Test Accuracy: 52.369998931884766, Loss: 1.3012740539550782, Global training time: 0.04794726658346497

[INFO] Non-IID 总分配样本数: 16237
  w_locals: 2456.80 MB
  gradient: 2456.80 MB
Round 56, Test Accuracy: 50.7599983215332, Loss: 1.32673035697937, Global training time: 0.03541966475593831

[INFO] Non-IID 总分配样本数: 17461
  w_locals: 2456.80 MB
  gradient: 2456.80 MB
Round 57, Test Accuracy: 53.22999954223633, Loss: 1.2861037815093994, Global training time: 0.04933012085775724

[INFO] Non-IID 总分配样本数: 18737
  w_locals: 2456.80 MB
  gradient: 2456.80 MB
Round 58, Test Accuracy: 53.7400016784668, Loss: 1.2719892791748046, Global training time: 0.05190711568828984

[INFO] Non-IID 总分配样本数: 21980
  w_locals: 2456.80 MB
  gradient: 2456.80 MB
Round 59, Test Accuracy: 53.97999954223633, Loss: 1.276394278717041, Global training time: 0.05960762375321897

[INFO] Non-IID 总分配样本数: 19677
  w_locals: 2456.80 MB
  gradient: 2456.80 MB
Round 60, Test Accuracy: 53.689998626708984, Loss: 1.2898995903015136, Global training time: 0.050872848711741955

[INFO] Non-IID 总分配样本数: 41357
  w_locals: 2456.80 MB
  gradient: 2456.80 MB
Round 61, Test Accuracy: 53.97999954223633, Loss: 1.2694660205841064, Global training time: 0.05539988198121528

[INFO] Non-IID 总分配样本数: 23147
  w_locals: 2456.80 MB
  gradient: 2456.80 MB
Round 62, Test Accuracy: 55.36000061035156, Loss: 1.240494271659851, Global training time: 0.057945738444542344

[INFO] Non-IID 总分配样本数: 22693
  w_locals: 2456.80 MB
  gradient: 2456.80 MB
Round 63, Test Accuracy: 54.72999954223633, Loss: 1.2393389072418213, Global training time: 0.06377354460319232

[INFO] Non-IID 总分配样本数: 21979
  w_locals: 2456.80 MB
  gradient: 2456.80 MB
Round 64, Test Accuracy: 55.970001220703125, Loss: 1.2207879768371581, Global training time: 0.05538307540972491

[INFO] Non-IID 总分配样本数: 21212
  w_locals: 2456.80 MB
  gradient: 2456.80 MB
Round 65, Test Accuracy: 56.11000061035156, Loss: 1.224888118171692, Global training time: 0.05592141237912526

[INFO] Non-IID 总分配样本数: 22982
  w_locals: 2456.80 MB
  gradient: 2456.80 MB
Round 66, Test Accuracy: 56.029998779296875, Loss: 1.2345750858306885, Global training time: 0.06749811262809949

[INFO] Non-IID 总分配样本数: 15525
  w_locals: 2456.80 MB
  gradient: 2456.80 MB
Round 67, Test Accuracy: 55.0, Loss: 1.2449109399795533, Global training time: 0.05705720997715266

[INFO] Non-IID 总分配样本数: 20356
  w_locals: 2456.80 MB
  gradient: 2456.80 MB
Round 68, Test Accuracy: 56.709999084472656, Loss: 1.1994960397720338, Global training time: 0.0551489175897319

[INFO] Non-IID 总分配样本数: 18217
  w_locals: 2456.80 MB
  gradient: 2456.80 MB
Round 69, Test Accuracy: 53.369998931884766, Loss: 1.3079978927612306, Global training time: 0.060505289010089294

[INFO] Non-IID 总分配样本数: 21141
  w_locals: 2456.80 MB
  gradient: 2456.80 MB
Round 70, Test Accuracy: 57.5, Loss: 1.1765864498138427, Global training time: 0.05568321774701757

[INFO] Non-IID 总分配样本数: 47483
  w_locals: 2456.80 MB
  gradient: 2456.80 MB
Round 71, Test Accuracy: 58.189998626708984, Loss: 1.1625259334564209, Global training time: 0.036475088932084954

[INFO] Non-IID 总分配样本数: 18279
  w_locals: 2456.80 MB
  gradient: 2456.80 MB
Round 72, Test Accuracy: 57.47999954223633, Loss: 1.1713598079681395, Global training time: 0.039243293697686345

[INFO] Non-IID 总分配样本数: 20879
  w_locals: 2456.80 MB
  gradient: 2456.80 MB
Round 73, Test Accuracy: 57.47999954223633, Loss: 1.1657410511016846, Global training time: 0.05430895061762657

[INFO] Non-IID 总分配样本数: 21333
  w_locals: 2456.80 MB
  gradient: 2456.80 MB
Round 74, Test Accuracy: 57.54999923706055, Loss: 1.166480806350708, Global training time: 0.04056204195459223

[INFO] Non-IID 总分配样本数: 21061
  w_locals: 2456.80 MB
  gradient: 2456.80 MB
Round 75, Test Accuracy: 57.959999084472656, Loss: 1.1664767181396485, Global training time: 0.04763299572114081

[INFO] Non-IID 总分配样本数: 24933
  w_locals: 2456.80 MB
  gradient: 2456.80 MB
Round 76, Test Accuracy: 56.599998474121094, Loss: 1.1865656757354737, Global training time: 0.05826939645069013

[INFO] Non-IID 总分配样本数: 19832
  w_locals: 2456.80 MB
  gradient: 2456.80 MB
Round 77, Test Accuracy: 59.61000061035156, Loss: 1.123785662460327, Global training time: 0.054098910280808106

[INFO] Non-IID 总分配样本数: 18024
  w_locals: 2456.80 MB
  gradient: 2456.80 MB
Round 78, Test Accuracy: 57.08000183105469, Loss: 1.2017669960021973, Global training time: 0.06322730257866001

[INFO] Non-IID 总分配样本数: 22477
  w_locals: 2456.80 MB
  gradient: 2456.80 MB
Round 79, Test Accuracy: 59.83000183105469, Loss: 1.1203635496139526, Global training time: 0.05645593529422736

[INFO] Non-IID 总分配样本数: 17203
  w_locals: 2456.80 MB
  gradient: 2456.80 MB
Round 80, Test Accuracy: 56.61000061035156, Loss: 1.1997105046272278, Global training time: 0.05387759097118543

[INFO] Non-IID 总分配样本数: 44597
  w_locals: 2456.80 MB
  gradient: 2456.80 MB
Round 81, Test Accuracy: 59.33000183105469, Loss: 1.125866517829895, Global training time: 0.06078566610406642

[INFO] Non-IID 总分配样本数: 27261
  w_locals: 2456.80 MB
  gradient: 2456.80 MB
Round 82, Test Accuracy: 60.119998931884766, Loss: 1.1084701311111451, Global training time: 0.06314415835327758

[INFO] Non-IID 总分配样本数: 18124
  w_locals: 2456.80 MB
  gradient: 2456.80 MB
Round 83, Test Accuracy: 59.7400016784668, Loss: 1.1220008497238159, Global training time: 0.04669052101636704

[INFO] Non-IID 总分配样本数: 24468
  w_locals: 2456.80 MB
  gradient: 2456.80 MB
Round 84, Test Accuracy: 60.61000061035156, Loss: 1.0988892669677734, Global training time: 0.059769125108342376

[INFO] Non-IID 总分配样本数: 16900
  w_locals: 2456.80 MB
  gradient: 2456.80 MB
Round 85, Test Accuracy: 57.459999084472656, Loss: 1.1491470531463623, Global training time: 0.05585295391907226

[INFO] Non-IID 总分配样本数: 17674
  w_locals: 2456.80 MB
  gradient: 2456.80 MB
Round 86, Test Accuracy: 60.7400016784668, Loss: 1.0875136755943298, Global training time: 0.05231396828049114

[INFO] Non-IID 总分配样本数: 15722
  w_locals: 2456.80 MB
  gradient: 2456.80 MB
Round 87, Test Accuracy: 58.470001220703125, Loss: 1.117367470741272, Global training time: 0.05321555437853276

[INFO] Non-IID 总分配样本数: 26086
  w_locals: 2456.80 MB
  gradient: 2456.80 MB
Round 88, Test Accuracy: 60.54999923706055, Loss: 1.0952608388900757, Global training time: 0.06609907870926132

[INFO] Non-IID 总分配样本数: 22702
  w_locals: 2456.80 MB
  gradient: 2456.80 MB
Round 89, Test Accuracy: 61.06999969482422, Loss: 1.0761112379074096, Global training time: 0.054291840130149795

[INFO] Non-IID 总分配样本数: 18297
  w_locals: 2456.80 MB
  gradient: 2456.80 MB
Round 90, Test Accuracy: 61.459999084472656, Loss: 1.065325202178955, Global training time: 0.05580082467099911

[INFO] Non-IID 总分配样本数: 44299
  w_locals: 2456.80 MB
  gradient: 2456.80 MB
Round 91, Test Accuracy: 61.939998626708984, Loss: 1.0634196234703064, Global training time: 0.0489369555279035

[INFO] Non-IID 总分配样本数: 17090
  w_locals: 2456.80 MB
  gradient: 2456.80 MB
Round 92, Test Accuracy: 62.08000183105469, Loss: 1.0643277206420898, Global training time: 0.05514523708605653

[INFO] Non-IID 总分配样本数: 16617
  w_locals: 2456.80 MB
  gradient: 2456.80 MB
Round 93, Test Accuracy: 61.97999954223633, Loss: 1.054061328983307, Global training time: 0.05757206249881655

[INFO] Non-IID 总分配样本数: 23768
  w_locals: 2456.80 MB
  gradient: 2456.80 MB
Round 94, Test Accuracy: 62.58000183105469, Loss: 1.0419743227005005, Global training time: 0.05639905227886663

[INFO] Non-IID 总分配样本数: 23581
  w_locals: 2456.80 MB
  gradient: 2456.80 MB
Round 95, Test Accuracy: 62.880001068115234, Loss: 1.0398738266944885, Global training time: 0.054578594121815455

[INFO] Non-IID 总分配样本数: 18449
  w_locals: 2456.80 MB
  gradient: 2456.80 MB
Round 96, Test Accuracy: 63.22999954223633, Loss: 1.036194890022278, Global training time: 0.052837359843531335

[INFO] Non-IID 总分配样本数: 16982
  w_locals: 2456.80 MB
  gradient: 2456.80 MB
Round 97, Test Accuracy: 62.599998474121094, Loss: 1.0632812217712402, Global training time: 0.054637785936964674

[INFO] Non-IID 总分配样本数: 18012
  w_locals: 2456.80 MB
  gradient: 2456.80 MB
Round 98, Test Accuracy: 62.66999816894531, Loss: 1.0486788721084594, Global training time: 0.040212792818427504

[INFO] Non-IID 总分配样本数: 21107
  w_locals: 2456.80 MB
  gradient: 2456.80 MB
Round 99, Test Accuracy: 63.04999923706055, Loss: 1.0379147630691528, Global training time: 0.056899134747421504

[INFO] Non-IID 总分配样本数: 20631
  w_locals: 2456.80 MB
  gradient: 2456.80 MB
Round 100, Test Accuracy: 63.54999923706055, Loss: 1.0163329943656922, Global training time: 0.06647485364277196

成功保存数据pkl文件
OnlineFL已训练完成，最终结果： {'ais': 2, 'test_accuracies': [tensor(63.5500)], 'global_round_accuracies': [[tensor(10.), tensor(10.), tensor(11.4000), tensor(11.4600), tensor(15.4500), tensor(14.7300), tensor(14.3000), tensor(15.4300), tensor(15.8400), tensor(19.0600), tensor(21.4200), tensor(20.4400), tensor(23.0800), tensor(26.3000), tensor(26.6300), tensor(27.3500), tensor(27.8500), tensor(28.3700), tensor(28.5300), tensor(30.3000), tensor(31.6100), tensor(31.7900), tensor(33.4400), tensor(31.6600), tensor(35.8900), tensor(34.5500), tensor(38.1000), tensor(37.2900), tensor(39.1200), tensor(41.0400), tensor(40.5200), tensor(41.5700), tensor(42.1400), tensor(42.5100), tensor(43.9000), tensor(44.4300), tensor(44.2500), tensor(45.3800), tensor(45.9000), tensor(45.8700), tensor(45.0300), tensor(47.8100), tensor(45.9800), tensor(48.8200), tensor(48.8300), tensor(48.), tensor(48.6900), tensor(48.9800), tensor(50.0500), tensor(50.6500), tensor(51.1800), tensor(51.3300), tensor(50.5700), tensor(50.4000), tensor(52.3700), tensor(50.7600), tensor(53.2300), tensor(53.7400), tensor(53.9800), tensor(53.6900), tensor(53.9800), tensor(55.3600), tensor(54.7300), tensor(55.9700), tensor(56.1100), tensor(56.0300), tensor(55.), tensor(56.7100), tensor(53.3700), tensor(57.5000), tensor(58.1900), tensor(57.4800), tensor(57.4800), tensor(57.5500), tensor(57.9600), tensor(56.6000), tensor(59.6100), tensor(57.0800), tensor(59.8300), tensor(56.6100), tensor(59.3300), tensor(60.1200), tensor(59.7400), tensor(60.6100), tensor(57.4600), tensor(60.7400), tensor(58.4700), tensor(60.5500), tensor(61.0700), tensor(61.4600), tensor(61.9400), tensor(62.0800), tensor(61.9800), tensor(62.5800), tensor(62.8800), tensor(63.2300), tensor(62.6000), tensor(62.6700), tensor(63.0500), tensor(63.5500)]], 'global_round_times': [[np.float64(0.03599311994934733), np.float64(0.05592361658687237), np.float64(0.04585981614766773), np.float64(0.05311375387322056), np.float64(0.05521196932476815), np.float64(0.038435770603090884), np.float64(0.0489131184919833), np.float64(0.0478815183551573), np.float64(0.04417401173132711), np.float64(0.05789515216358836), np.float64(0.044596116257217704), np.float64(0.04287491773232119), np.float64(0.05522903043811744), np.float64(0.04233915387153554), np.float64(0.0495477320087592), np.float64(0.053672102014380454), np.float64(0.05563443695010009), np.float64(0.0631615420761623), np.float64(0.07443136411287124), np.float64(0.051950614875357556), np.float64(0.024865438888899208), np.float64(0.050518666520966087), np.float64(0.05143278952715763), np.float64(0.0673598562143358), np.float64(0.05060526503444275), np.float64(0.04310892376470863), np.float64(0.039694673600644104), np.float64(0.048933587948477686), np.float64(0.05225754758083603), np.float64(0.07231129572450701), np.float64(0.04570035519646893), np.float64(0.051156609919755), np.float64(0.052852219588881505), np.float64(0.06676555008533759), np.float64(0.043410071645565776), np.float64(0.051935116001548404), np.float64(0.06409639002831227), np.float64(0.05223971985401439), np.float64(0.05561541960818105), np.float64(0.053551539929350404), np.float64(0.047685836240925164), np.float64(0.039243609574014904), np.float64(0.05718184065536758), np.float64(0.04867141265037758), np.float64(0.046019867357402704), np.float64(0.046194374256146704), np.float64(0.05372797127864749), np.float64(0.054551917873612715), np.float64(0.048036868412909856), np.float64(0.049893420330947125), np.float64(0.030731908389583052), np.float64(0.08020003315857863), np.float64(0.06446638893348587), np.float64(0.06992880261178074), np.float64(0.04794726658346497), np.float64(0.03541966475593831), np.float64(0.04933012085775724), np.float64(0.05190711568828984), np.float64(0.05960762375321897), np.float64(0.050872848711741955), np.float64(0.05539988198121528), np.float64(0.057945738444542344), np.float64(0.06377354460319232), np.float64(0.05538307540972491), np.float64(0.05592141237912526), np.float64(0.06749811262809949), np.float64(0.05705720997715266), np.float64(0.0551489175897319), np.float64(0.060505289010089294), np.float64(0.05568321774701757), np.float64(0.036475088932084954), np.float64(0.039243293697686345), np.float64(0.05430895061762657), np.float64(0.04056204195459223), np.float64(0.04763299572114081), np.float64(0.05826939645069013), np.float64(0.054098910280808106), np.float64(0.06322730257866001), np.float64(0.05645593529422736), np.float64(0.05387759097118543), np.float64(0.06078566610406642), np.float64(0.06314415835327758), np.float64(0.04669052101636704), np.float64(0.059769125108342376), np.float64(0.05585295391907226), np.float64(0.05231396828049114), np.float64(0.05321555437853276), np.float64(0.06609907870926132), np.float64(0.054291840130149795), np.float64(0.05580082467099911), np.float64(0.0489369555279035), np.float64(0.05514523708605653), np.float64(0.05757206249881655), np.float64(0.05639905227886663), np.float64(0.054578594121815455), np.float64(0.052837359843531335), np.float64(0.054637785936964674), np.float64(0.040212792818427504), np.float64(0.056899134747421504), np.float64(0.06647485364277196)]]}

Time Slot 5 Results:
  Selected Devices: [12, 19, 38, 40, 49]
  Total Offload Data: 0.0000
  Sample Device Computation F: [np.float64(38.12804097178537), np.float64(32.800017812083276), np.float64(47.529751695610486), np.float64(60.81407568364755), np.float64(78.37175110498431)]
  Sample Final Data Amounts: [np.float64(0.0), np.float64(0.0), np.float64(0.0), np.float64(0.0), np.float64(0.0)]

Time Slot 10 Results:
  Selected Devices: [12, 19, 38, 40, 49]
  Total Offload Data: 0.0000
  Sample Device Computation F: [np.float64(85.8935639348988), np.float64(27.66025100302489), np.float64(45.059848087389724), np.float64(131.6871054575239), np.float64(83.43039521436891)]
  Sample Final Data Amounts: [np.float64(0.0), np.float64(0.0), np.float64(0.0), np.float64(0.0), np.float64(0.0)]

Time Slot 15 Results:
  Selected Devices: [3, 12, 14, 26, 29]
  Total Offload Data: 0.0000
  Sample Device Computation F: [np.float64(95.3003281887656), np.float64(39.538047016561386), np.float64(22.405489370536195), np.float64(51.55758798799342), np.float64(47.75052698185988)]
  Sample Final Data Amounts: [np.float64(0.0), np.float64(0.0), np.float64(0.0), np.float64(31.200907888295074), np.float64(0.0)]

Time Slot 20 Results:
  Selected Devices: [3, 12, 14, 26, 29]
  Total Offload Data: 0.0000
  Sample Device Computation F: [np.float64(37.381108871831074), np.float64(27.21177832296327), np.float64(48.328165036701904), np.float64(106.2306034685938), np.float64(81.42335685588993)]
  Sample Final Data Amounts: [np.float64(0.0), np.float64(0.0), np.float64(0.0), np.float64(42.523870688596304), np.float64(0.0)]

Time Slot 25 Results:
  Selected Devices: [7, 12, 19, 30, 40]
  Total Offload Data: 0.0000
  Sample Device Computation F: [np.float64(70.80583104355622), np.float64(32.140640741832215), np.float64(32.99136030455077), np.float64(58.09704078761626), np.float64(65.86759365712881)]
  Sample Final Data Amounts: [np.float64(0.0), np.float64(0.0), np.float64(0.0), np.float64(0.0), np.float64(0.0)]

Time Slot 30 Results:
  Selected Devices: [7, 12, 19, 30, 40]
  Total Offload Data: 19.2431
  Sample Device Computation F: [np.float64(101.68406222660957), np.float64(33.55708084994945), np.float64(30.188475460012487), np.float64(87.78752235453854), np.float64(41.605221127280046)]
  Sample Final Data Amounts: [np.float64(0.0), np.float64(0.0), np.float64(0.0), np.float64(0.0), np.float64(0.0)]

Time Slot 35 Results:
  Selected Devices: [26, 35, 40, 42, 49]
  Total Offload Data: 0.0000
  Sample Device Computation F: [np.float64(82.45450217379471), np.float64(35.13394852280742), np.float64(20.346723674300385), np.float64(58.22521003427361), np.float64(51.2841121523434)]
  Sample Final Data Amounts: [np.float64(0.0), np.float64(0.0), np.float64(0.0), np.float64(0.0), np.float64(0.0)]

Time Slot 40 Results:
  Selected Devices: [26, 35, 40, 42, 49]
  Total Offload Data: 157.1288
  Sample Device Computation F: [np.float64(61.68521170581083), np.float64(21.36855547475705), np.float64(41.26353670850966), np.float64(94.41835707644911), np.float64(35.42766270227294)]
  Sample Final Data Amounts: [np.float64(0.0), np.float64(0.0), np.float64(0.0), np.float64(0.0), np.float64(0.0)]

Time Slot 45 Results:
  Selected Devices: [3, 4, 17, 47, 49]
  Total Offload Data: 0.0000
  Sample Device Computation F: [np.float64(71.32552935830098), np.float64(21.03220963261908), np.float64(48.351249903020125), np.float64(132.74402422768262), np.float64(73.4408947238437)]
  Sample Final Data Amounts: [np.float64(0.0), np.float64(0.0), np.float64(0.0), np.float64(41.04910044155302), np.float64(73.4408947238437)]

Time Slot 50 Results:
  Selected Devices: [3, 4, 17, 47, 49]
  Total Offload Data: 0.0000
  Sample Device Computation F: [np.float64(86.01698565270706), np.float64(23.138798076798295), np.float64(31.510688951344086), np.float64(60.52834304314314), np.float64(82.98133462402066)]
  Sample Final Data Amounts: [np.float64(0.0), np.float64(0.0), np.float64(0.0), np.float64(58.568737505991784), np.float64(74.14586655449884)]

Time Slot 55 Results:
  Selected Devices: [0, 40, 41, 42, 43]
  Total Offload Data: 0.0000
  Sample Device Computation F: [np.float64(43.9234981156906), np.float64(37.593391967713686), np.float64(22.02325317499114), np.float64(97.59105487076116), np.float64(74.72096579119751)]
  Sample Final Data Amounts: [np.float64(17.94639636381517), np.float64(0.0), np.float64(0.0), np.float64(0.0), np.float64(0.0)]

Time Slot 60 Results:
  Selected Devices: [0, 40, 41, 42, 43]
  Total Offload Data: 0.0000
  Sample Device Computation F: [np.float64(104.3443113744182), np.float64(13.459481582277668), np.float64(40.70246929029731), np.float64(55.08901604718612), np.float64(51.279203782402476)]
  Sample Final Data Amounts: [np.float64(11.260880525490734), np.float64(0.0), np.float64(0.0), np.float64(0.0), np.float64(0.0)]

Time Slot 65 Results:
  Selected Devices: [4, 18, 35, 38, 49]
  Total Offload Data: 0.0000
  Sample Device Computation F: [np.float64(66.47360714006015), np.float64(26.62530769963265), np.float64(36.37003744069098), np.float64(136.28431124688427), np.float64(56.47399898439165)]
  Sample Final Data Amounts: [np.float64(0.0), np.float64(0.0), np.float64(0.0), np.float64(0.0), np.float64(56.47399898439165)]

Time Slot 70 Results:
  Selected Devices: [4, 18, 35, 38, 49]
  Total Offload Data: 0.0000
  Sample Device Computation F: [np.float64(99.0575973414089), np.float64(28.029201130809753), np.float64(22.091177080911965), np.float64(80.39141615444649), np.float64(35.69246530386159)]
  Sample Final Data Amounts: [np.float64(0.0), np.float64(0.0), np.float64(0.0), np.float64(0.0), np.float64(35.69246530386159)]

Time Slot 75 Results:
  Selected Devices: [3, 19, 26, 47, 48]
  Total Offload Data: 0.0000
  Sample Device Computation F: [np.float64(56.06722286279673), np.float64(37.207941960509096), np.float64(35.776581788935545), np.float64(114.89578459078828), np.float64(81.51787215123991)]
  Sample Final Data Amounts: [np.float64(0.0), np.float64(0.0), np.float64(0.0), np.float64(48.39615325265209), np.float64(0.0)]

Time Slot 80 Results:
  Selected Devices: [3, 19, 26, 47, 48]
  Total Offload Data: 0.0000
  Sample Device Computation F: [np.float64(62.180902353563965), np.float64(34.933054593779815), np.float64(45.54140676518914), np.float64(58.80851865989392), np.float64(73.72542464500846)]
  Sample Final Data Amounts: [np.float64(0.0), np.float64(0.0), np.float64(0.0), np.float64(56.299765848182155), np.float64(0.0)]

Time Slot 85 Results:
  Selected Devices: [7, 18, 31, 35, 49]
  Total Offload Data: 0.0000
  Sample Device Computation F: [np.float64(71.7065209148979), np.float64(13.373282922955537), np.float64(21.268374958137244), np.float64(114.70137498211551), np.float64(62.800423111693746)]
  Sample Final Data Amounts: [np.float64(0.0), np.float64(0.0), np.float64(0.0), np.float64(0.0), np.float64(0.0)]

Time Slot 90 Results:
  Selected Devices: [7, 18, 31, 35, 49]
  Total Offload Data: 0.0000
  Sample Device Computation F: [np.float64(61.23859627117819), np.float64(31.679466212663073), np.float64(44.22954727367504), np.float64(67.07423013847978), np.float64(76.01327204612147)]
  Sample Final Data Amounts: [np.float64(0.0), np.float64(0.0), np.float64(0.0), np.float64(0.0), np.float64(0.0)]

Time Slot 95 Results:
  Selected Devices: [11, 12, 19, 38, 42]
  Total Offload Data: 53.3736
  Sample Device Computation F: [np.float64(60.52662763062683), np.float64(36.10550992696387), np.float64(30.12575711548733), np.float64(116.02832550371235), np.float64(52.264131480607176)]
  Sample Final Data Amounts: [np.float64(0.0), np.float64(0.0), np.float64(0.0), np.float64(0.0), np.float64(0.0)]

Time Slot 100 Results:
  Selected Devices: [11, 12, 19, 38, 42]
  Total Offload Data: 0.0000
  Sample Device Computation F: [np.float64(46.49912417253634), np.float64(36.65017645866473), np.float64(26.033066518008457), np.float64(80.7829995286771), np.float64(38.54013217150498)]
  Sample Final Data Amounts: [np.float64(0.0), np.float64(0.0), np.float64(0.0), np.float64(0.0), np.float64(0.0)]

=== 仿真结果 (N=50) ===
平均吞吐量:
  提出的方法 (T=10): 280.1702
  本地执行: 191.5672
  静态编排: 144.8185
  提出的方法 (T1=20): 256.4052
step1 获取到100个时隙的工作节点以及实际训练量
目标准确率：55.0，目标epoch：100
non-iid
[INFO] Non-IID 总分配样本数: 45679
  w_locals: 2456.80 MB
  gradient: 2456.80 MB
Round 1, Test Accuracy: 10.0, Loss: 2.3005998371124265, Global training time: 0.03778235564386187

[INFO] Non-IID 总分配样本数: 20844
  w_locals: 2456.80 MB
  gradient: 2456.80 MB
Round 2, Test Accuracy: 10.239999771118164, Loss: 2.2991201404571533, Global training time: 0.06041330629292524

[INFO] Non-IID 总分配样本数: 16755
  w_locals: 2456.80 MB
  gradient: 2456.80 MB
Round 3, Test Accuracy: 10.229999542236328, Loss: 2.297288814544678, Global training time: 0.05039320486923067

[INFO] Non-IID 总分配样本数: 22059
  w_locals: 2456.80 MB
  gradient: 2456.80 MB
Round 4, Test Accuracy: 10.0, Loss: 2.2949909950256346, Global training time: 0.05801850879623642

[INFO] Non-IID 总分配样本数: 25184
  w_locals: 2456.80 MB
  gradient: 2456.80 MB
Round 5, Test Accuracy: 10.0, Loss: 2.291499426269531, Global training time: 0.05782913169355691

[INFO] Non-IID 总分配样本数: 19597
  w_locals: 2456.80 MB
  gradient: 2456.80 MB
Round 6, Test Accuracy: 10.579999923706055, Loss: 2.288564967346191, Global training time: 0.045364952892606815

[INFO] Non-IID 总分配样本数: 20799
  w_locals: 2456.80 MB
  gradient: 2456.80 MB
Round 7, Test Accuracy: 10.239999771118164, Loss: 2.2840107067108155, Global training time: 0.051704038918156336

[INFO] Non-IID 总分配样本数: 19713
  w_locals: 2456.80 MB
  gradient: 2456.80 MB
Round 8, Test Accuracy: 10.0600004196167, Loss: 2.277611780166626, Global training time: 0.055686278611489115

[INFO] Non-IID 总分配样本数: 20360
  w_locals: 2456.80 MB
  gradient: 2456.80 MB
Round 9, Test Accuracy: 11.6899995803833, Loss: 2.2682957527160643, Global training time: 0.04906278822833431

[INFO] Non-IID 总分配样本数: 21782
  w_locals: 2456.80 MB
  gradient: 2456.80 MB
Round 10, Test Accuracy: 15.300000190734863, Loss: 2.251263967895508, Global training time: 0.05663415436240094

[INFO] Non-IID 总分配样本数: 49535
  w_locals: 2456.80 MB
  gradient: 2456.80 MB
Round 11, Test Accuracy: 21.59000015258789, Loss: 2.205165872192383, Global training time: 0.04710709500878383

[INFO] Non-IID 总分配样本数: 19435
  w_locals: 2456.80 MB
  gradient: 2456.80 MB
Round 12, Test Accuracy: 23.700000762939453, Loss: 2.156267597961426, Global training time: 0.040183866167002626

[INFO] Non-IID 总分配样本数: 27311
  w_locals: 2456.80 MB
  gradient: 2456.80 MB
Round 13, Test Accuracy: 23.510000228881836, Loss: 2.083361486244202, Global training time: 0.062556999768389

[INFO] Non-IID 总分配样本数: 25089
  w_locals: 2456.80 MB
  gradient: 2456.80 MB
Round 14, Test Accuracy: 23.8799991607666, Loss: 2.018134856033325, Global training time: 0.04584754184138588

[INFO] Non-IID 总分配样本数: 26059
  w_locals: 2456.80 MB
  gradient: 2456.80 MB
Round 15, Test Accuracy: 27.40999984741211, Loss: 1.975438969039917, Global training time: 0.054567447792128014

[INFO] Non-IID 总分配样本数: 21240
  w_locals: 2456.80 MB
  gradient: 2456.80 MB
Round 16, Test Accuracy: 24.84000015258789, Loss: 1.980389757156372, Global training time: 0.055787675198444645

[INFO] Non-IID 总分配样本数: 19900
  w_locals: 2456.80 MB
  gradient: 2456.80 MB
Round 17, Test Accuracy: 28.1299991607666, Loss: 1.9186758993148805, Global training time: 0.057172112463036946

[INFO] Non-IID 总分配样本数: 24731
  w_locals: 2456.80 MB
  gradient: 2456.80 MB
Round 18, Test Accuracy: 29.290000915527344, Loss: 1.8794992273330688, Global training time: 0.05661480584686188

[INFO] Non-IID 总分配样本数: 29673
  w_locals: 2456.80 MB
  gradient: 2456.80 MB
Round 19, Test Accuracy: 30.84000015258789, Loss: 1.8441172315597534, Global training time: 0.06637219209958672

[INFO] Non-IID 总分配样本数: 24550
  w_locals: 2456.80 MB
  gradient: 2456.80 MB
Round 20, Test Accuracy: 31.010000228881836, Loss: 1.806347268486023, Global training time: 0.05564931792001725

[INFO] Non-IID 总分配样本数: 41884
  w_locals: 2456.80 MB
  gradient: 2456.80 MB
Round 21, Test Accuracy: 33.04999923706055, Loss: 1.7794700798034668, Global training time: 0.03210748549859665

[INFO] Non-IID 总分配样本数: 25098
  w_locals: 2456.80 MB
  gradient: 2456.80 MB
Round 22, Test Accuracy: 32.90999984741211, Loss: 1.7491503355026246, Global training time: 0.05881051098362513

[INFO] Non-IID 总分配样本数: 25216
  w_locals: 2456.80 MB
  gradient: 2456.80 MB
Round 23, Test Accuracy: 35.220001220703125, Loss: 1.7218368629455567, Global training time: 0.0625806869651061

[INFO] Non-IID 总分配样本数: 26876
  w_locals: 2456.80 MB
  gradient: 2456.80 MB
Round 24, Test Accuracy: 35.709999084472656, Loss: 1.7074733833312987, Global training time: 0.06036414711709624

[INFO] Non-IID 总分配样本数: 25449
  w_locals: 2456.80 MB
  gradient: 2456.80 MB
Round 25, Test Accuracy: 36.88999938964844, Loss: 1.6750891006469726, Global training time: 0.05792874042766907

[INFO] Non-IID 总分配样本数: 24539
  w_locals: 2456.80 MB
  gradient: 2456.80 MB
Round 26, Test Accuracy: 37.43000030517578, Loss: 1.6537153690338136, Global training time: 0.04294775645415951

[INFO] Non-IID 总分配样本数: 24325
  w_locals: 2456.80 MB
  gradient: 2456.80 MB
Round 27, Test Accuracy: 38.849998474121094, Loss: 1.6420956842422485, Global training time: 0.04181255896558768

[INFO] Non-IID 总分配样本数: 18400
  w_locals: 2456.80 MB
  gradient: 2456.80 MB
Round 28, Test Accuracy: 39.540000915527344, Loss: 1.6123567697525025, Global training time: 0.06036030859841597

[INFO] Non-IID 总分配样本数: 22499
  w_locals: 2456.80 MB
  gradient: 2456.80 MB
Round 29, Test Accuracy: 39.209999084472656, Loss: 1.6044970851898193, Global training time: 0.054588128147011986

[INFO] Non-IID 总分配样本数: 34364
  w_locals: 2456.80 MB
  gradient: 2456.80 MB
Round 30, Test Accuracy: 40.93000030517578, Loss: 1.572959574508667, Global training time: 0.06531613852420796

[INFO] Non-IID 总分配样本数: 46563
  w_locals: 2456.80 MB
  gradient: 2456.80 MB
Round 31, Test Accuracy: 41.279998779296875, Loss: 1.5554471656799316, Global training time: 0.04493878714602206

[INFO] Non-IID 总分配样本数: 22516
  w_locals: 2456.80 MB
  gradient: 2456.80 MB
Round 32, Test Accuracy: 43.0, Loss: 1.5341956935882568, Global training time: 0.05152459670780629

[INFO] Non-IID 总分配样本数: 25232
  w_locals: 2456.80 MB
  gradient: 2456.80 MB
Round 33, Test Accuracy: 43.310001373291016, Loss: 1.5248172269821167, Global training time: 0.06213236454262686

[INFO] Non-IID 总分配样本数: 24319
  w_locals: 2456.80 MB
  gradient: 2456.80 MB
Round 34, Test Accuracy: 43.27000045776367, Loss: 1.5117385305404663, Global training time: 0.06750519766858533

[INFO] Non-IID 总分配样本数: 24866
  w_locals: 2456.80 MB
  gradient: 2456.80 MB
Round 35, Test Accuracy: 44.369998931884766, Loss: 1.4929336477279662, Global training time: 0.0542455901841004

[INFO] Non-IID 总分配样本数: 18678
  w_locals: 2456.80 MB
  gradient: 2456.80 MB
Round 36, Test Accuracy: 44.220001220703125, Loss: 1.5081151685714722, Global training time: 0.05712037508486573

[INFO] Non-IID 总分配样本数: 25462
  w_locals: 2456.80 MB
  gradient: 2456.80 MB
Round 37, Test Accuracy: 43.93000030517578, Loss: 1.490320666885376, Global training time: 0.06636137885784035

[INFO] Non-IID 总分配样本数: 23913
  w_locals: 2456.80 MB
  gradient: 2456.80 MB
Round 38, Test Accuracy: 45.779998779296875, Loss: 1.4558713333129882, Global training time: 0.057337705947997704

[INFO] Non-IID 总分配样本数: 19863
  w_locals: 2456.80 MB
  gradient: 2456.80 MB
Round 39, Test Accuracy: 44.2400016784668, Loss: 1.5070939096450806, Global training time: 0.0566870937393846

[INFO] Non-IID 总分配样本数: 23691
  w_locals: 2456.80 MB
  gradient: 2456.80 MB
Round 40, Test Accuracy: 46.79999923706055, Loss: 1.4549343448638916, Global training time: 0.055945313712211155

[INFO] Non-IID 总分配样本数: 45324
  w_locals: 2456.80 MB
  gradient: 2456.80 MB
Round 41, Test Accuracy: 46.59000015258789, Loss: 1.466435759162903, Global training time: 0.050441559194312216

[INFO] Non-IID 总分配样本数: 19483
  w_locals: 2456.80 MB
  gradient: 2456.80 MB
Round 42, Test Accuracy: 47.439998626708984, Loss: 1.4115022411346436, Global training time: 0.04390968089254555

[INFO] Non-IID 总分配样本数: 19432
  w_locals: 2456.80 MB
  gradient: 2456.80 MB
Round 43, Test Accuracy: 48.189998626708984, Loss: 1.4003349933624267, Global training time: 0.06386866836126615

[INFO] Non-IID 总分配样本数: 23587
  w_locals: 2456.80 MB
  gradient: 2456.80 MB
Round 44, Test Accuracy: 48.56999969482422, Loss: 1.3961859550476075, Global training time: 0.048902519413349124

[INFO] Non-IID 总分配样本数: 19611
  w_locals: 2456.80 MB
  gradient: 2456.80 MB
Round 45, Test Accuracy: 48.25, Loss: 1.38941722946167, Global training time: 0.05067689713932739

[INFO] Non-IID 总分配样本数: 17001
  w_locals: 2456.80 MB
  gradient: 2456.80 MB
Round 46, Test Accuracy: 47.279998779296875, Loss: 1.4199612045288086, Global training time: 0.054454242758703024

[INFO] Non-IID 总分配样本数: 26335
  w_locals: 2456.80 MB
  gradient: 2456.80 MB
Round 47, Test Accuracy: 49.2599983215332, Loss: 1.385974684715271, Global training time: 0.05954849624678697

[INFO] Non-IID 总分配样本数: 24974
  w_locals: 2456.80 MB
  gradient: 2456.80 MB
Round 48, Test Accuracy: 49.88999938964844, Loss: 1.3693201036453246, Global training time: 0.05419990481118033

[INFO] Non-IID 总分配样本数: 22970
  w_locals: 2456.80 MB
  gradient: 2456.80 MB
Round 49, Test Accuracy: 50.880001068115234, Loss: 1.3419364362716675, Global training time: 0.05117857718268013

[INFO] Non-IID 总分配样本数: 22635
  w_locals: 2456.80 MB
  gradient: 2456.80 MB
Round 50, Test Accuracy: 50.349998474121094, Loss: 1.3432200876235962, Global training time: 0.05027817907536987

[INFO] Non-IID 总分配样本数: 39374
  w_locals: 2456.80 MB
  gradient: 2456.80 MB
Round 51, Test Accuracy: 51.119998931884766, Loss: 1.342501118850708, Global training time: 0.0377075807942417

[INFO] Non-IID 总分配样本数: 23963
  w_locals: 2456.80 MB
  gradient: 2456.80 MB
Round 52, Test Accuracy: 52.189998626708984, Loss: 1.3134058332443237, Global training time: 0.08111294951764629

[INFO] Non-IID 总分配样本数: 17908
  w_locals: 2456.80 MB
  gradient: 2456.80 MB
Round 53, Test Accuracy: 51.349998474121094, Loss: 1.3305185779571533, Global training time: 0.06405920953708442

[INFO] Non-IID 总分配样本数: 19333
  w_locals: 2456.80 MB
  gradient: 2456.80 MB
Round 54, Test Accuracy: 50.779998779296875, Loss: 1.3349814102172852, Global training time: 0.07100336872772138

[INFO] Non-IID 总分配样本数: 17694
  w_locals: 2456.80 MB
  gradient: 2456.80 MB
Round 55, Test Accuracy: 51.459999084472656, Loss: 1.3375332191467286, Global training time: 0.05287172001754317

[INFO] Non-IID 总分配样本数: 16237
  w_locals: 2456.80 MB
  gradient: 2456.80 MB
Round 56, Test Accuracy: 52.220001220703125, Loss: 1.3196458683013916, Global training time: 0.04010231461621711

[INFO] Non-IID 总分配样本数: 17461
  w_locals: 2456.80 MB
  gradient: 2456.80 MB
Round 57, Test Accuracy: 50.099998474121094, Loss: 1.3543634845733643, Global training time: 0.054105402220135934

[INFO] Non-IID 总分配样本数: 18737
  w_locals: 2456.80 MB
  gradient: 2456.80 MB
Round 58, Test Accuracy: 52.20000076293945, Loss: 1.313238504219055, Global training time: 0.05459857409876438

[INFO] Non-IID 总分配样本数: 21980
  w_locals: 2456.80 MB
  gradient: 2456.80 MB
Round 59, Test Accuracy: 53.0, Loss: 1.2881571458816528, Global training time: 0.07141560440835451

[INFO] Non-IID 总分配样本数: 19677
  w_locals: 2456.80 MB
  gradient: 2456.80 MB
Round 60, Test Accuracy: 52.91999816894531, Loss: 1.280154181098938, Global training time: 0.05125742334763474

[INFO] Non-IID 总分配样本数: 41357
  w_locals: 2456.80 MB
  gradient: 2456.80 MB
Round 61, Test Accuracy: 54.16999816894531, Loss: 1.2588801725387573, Global training time: 0.05233448693043187

[INFO] Non-IID 总分配样本数: 23147
  w_locals: 2456.80 MB
  gradient: 2456.80 MB
Round 62, Test Accuracy: 54.380001068115234, Loss: 1.2560558855056763, Global training time: 0.057523547020976534

[INFO] Non-IID 总分配样本数: 22693
  w_locals: 2456.80 MB
  gradient: 2456.80 MB
Round 63, Test Accuracy: 55.060001373291016, Loss: 1.2359095142364502, Global training time: 0.062323951902974496

[INFO] Non-IID 总分配样本数: 21979
  w_locals: 2456.80 MB
  gradient: 2456.80 MB
Round 64, Test Accuracy: 55.220001220703125, Loss: 1.2389302545547485, Global training time: 0.05360354742612178

[INFO] Non-IID 总分配样本数: 21212
  w_locals: 2456.80 MB
  gradient: 2456.80 MB
Round 65, Test Accuracy: 55.04999923706055, Loss: 1.2358835872650147, Global training time: 0.05446069621807573

[INFO] Non-IID 总分配样本数: 22982
  w_locals: 2456.80 MB
  gradient: 2456.80 MB
Round 66, Test Accuracy: 54.2400016784668, Loss: 1.258740279197693, Global training time: 0.07387040808266081

[INFO] Non-IID 总分配样本数: 15525
  w_locals: 2456.80 MB
  gradient: 2456.80 MB
Round 67, Test Accuracy: 55.15999984741211, Loss: 1.2349290412902831, Global training time: 0.0599483175477413

[INFO] Non-IID 总分配样本数: 20356
  w_locals: 2456.80 MB
  gradient: 2456.80 MB
Round 68, Test Accuracy: 55.630001068115234, Loss: 1.2217094232559205, Global training time: 0.051729023505318814

[INFO] Non-IID 总分配样本数: 18217
  w_locals: 2456.80 MB
  gradient: 2456.80 MB
Round 69, Test Accuracy: 55.619998931884766, Loss: 1.2236884569168092, Global training time: 0.05898187744995522

[INFO] Non-IID 总分配样本数: 21141
  w_locals: 2456.80 MB
  gradient: 2456.80 MB
Round 70, Test Accuracy: 54.95000076293945, Loss: 1.2405487962722779, Global training time: 0.05448070103158434

[INFO] Non-IID 总分配样本数: 47483
  w_locals: 2456.80 MB
  gradient: 2456.80 MB
Round 71, Test Accuracy: 56.84000015258789, Loss: 1.1907604810714723, Global training time: 0.03752784699207108

[INFO] Non-IID 总分配样本数: 18279
  w_locals: 2456.80 MB
  gradient: 2456.80 MB
Round 72, Test Accuracy: 57.040000915527344, Loss: 1.183989147377014, Global training time: 0.03637817312404449

[INFO] Non-IID 总分配样本数: 20879
  w_locals: 2456.80 MB
  gradient: 2456.80 MB
Round 73, Test Accuracy: 54.5099983215332, Loss: 1.2434417476654054, Global training time: 0.05702797313038013

[INFO] Non-IID 总分配样本数: 21333
  w_locals: 2456.80 MB
  gradient: 2456.80 MB
Round 74, Test Accuracy: 56.88999938964844, Loss: 1.181294932937622, Global training time: 0.04000743543425777

[INFO] Non-IID 总分配样本数: 21061
  w_locals: 2456.80 MB
  gradient: 2456.80 MB
Round 75, Test Accuracy: 56.7400016784668, Loss: 1.194710435295105, Global training time: 0.0469535915155547

[INFO] Non-IID 总分配样本数: 24933
  w_locals: 2456.80 MB
  gradient: 2456.80 MB
Round 76, Test Accuracy: 58.779998779296875, Loss: 1.1418287364959716, Global training time: 0.05936896709518822

[INFO] Non-IID 总分配样本数: 19832
  w_locals: 2456.80 MB
  gradient: 2456.80 MB
Round 77, Test Accuracy: 58.61000061035156, Loss: 1.1436717281341553, Global training time: 0.05464156880597072

[INFO] Non-IID 总分配样本数: 18024
  w_locals: 2456.80 MB
  gradient: 2456.80 MB
Round 78, Test Accuracy: 57.560001373291016, Loss: 1.1736876066207886, Global training time: 0.06391828413504495

[INFO] Non-IID 总分配样本数: 22477
  w_locals: 2456.80 MB
  gradient: 2456.80 MB
Round 79, Test Accuracy: 58.29999923706055, Loss: 1.1524556726455688, Global training time: 0.055673210633865024

[INFO] Non-IID 总分配样本数: 17203
  w_locals: 2456.80 MB
  gradient: 2456.80 MB
Round 80, Test Accuracy: 55.25, Loss: 1.2322522567749024, Global training time: 0.059227463891411695

[INFO] Non-IID 总分配样本数: 44597
  w_locals: 2456.80 MB
  gradient: 2456.80 MB
Round 81, Test Accuracy: 59.150001525878906, Loss: 1.1265247606277466, Global training time: 0.061028572929820085

[INFO] Non-IID 总分配样本数: 27261
  w_locals: 2456.80 MB
  gradient: 2456.80 MB
Round 82, Test Accuracy: 56.34000015258789, Loss: 1.2054147253036498, Global training time: 0.06576071964827042

[INFO] Non-IID 总分配样本数: 18124
  w_locals: 2456.80 MB
  gradient: 2456.80 MB
Round 83, Test Accuracy: 60.0, Loss: 1.1059569269180298, Global training time: 0.03773691681356544

[INFO] Non-IID 总分配样本数: 24468
  w_locals: 2456.80 MB
  gradient: 2456.80 MB
Round 84, Test Accuracy: 59.099998474121094, Loss: 1.133649492740631, Global training time: 0.05947669610674746

[INFO] Non-IID 总分配样本数: 16900
  w_locals: 2456.80 MB
  gradient: 2456.80 MB
Round 85, Test Accuracy: 53.0, Loss: 1.3131774097442628, Global training time: 0.043263621827694755

[INFO] Non-IID 总分配样本数: 17674
  w_locals: 2456.80 MB
  gradient: 2456.80 MB
Round 86, Test Accuracy: 60.52000045776367, Loss: 1.094493359565735, Global training time: 0.04317867664705572

[INFO] Non-IID 总分配样本数: 15722
  w_locals: 2456.80 MB
  gradient: 2456.80 MB
Round 87, Test Accuracy: 60.33000183105469, Loss: 1.098065563392639, Global training time: 0.04532773711370206

[INFO] Non-IID 总分配样本数: 26086
  w_locals: 2456.80 MB
  gradient: 2456.80 MB
Round 88, Test Accuracy: 60.0099983215332, Loss: 1.0952381599426269, Global training time: 0.06313979350751339

[INFO] Non-IID 总分配样本数: 22702
  w_locals: 2456.80 MB
  gradient: 2456.80 MB
Round 89, Test Accuracy: 60.72999954223633, Loss: 1.0786463466644287, Global training time: 0.052205982928757354

[INFO] Non-IID 总分配样本数: 18297
  w_locals: 2456.80 MB
  gradient: 2456.80 MB
Round 90, Test Accuracy: 58.900001525878906, Loss: 1.1157152537345887, Global training time: 0.051756979729346356

[INFO] Non-IID 总分配样本数: 44299
  w_locals: 2456.80 MB
  gradient: 2456.80 MB
Round 91, Test Accuracy: 59.54999923706055, Loss: 1.1345038068771363, Global training time: 0.04722063893018124

[INFO] Non-IID 总分配样本数: 17090
  w_locals: 2456.80 MB
  gradient: 2456.80 MB
Round 92, Test Accuracy: 61.720001220703125, Loss: 1.0586161758422852, Global training time: 0.05190578257324393

[INFO] Non-IID 总分配样本数: 16617
  w_locals: 2456.80 MB
  gradient: 2456.80 MB
Round 93, Test Accuracy: 62.11000061035156, Loss: 1.0574676824569702, Global training time: 0.055966136674795684

[INFO] Non-IID 总分配样本数: 23768
  w_locals: 2456.80 MB
  gradient: 2456.80 MB
Round 94, Test Accuracy: 61.68000030517578, Loss: 1.0802591654777527, Global training time: 0.06334250079389753

[INFO] Non-IID 总分配样本数: 23581
  w_locals: 2456.80 MB
  gradient: 2456.80 MB
Round 95, Test Accuracy: 61.720001220703125, Loss: 1.0666926918029784, Global training time: 0.04821696590425544

[INFO] Non-IID 总分配样本数: 18449
  w_locals: 2456.80 MB
  gradient: 2456.80 MB
Round 96, Test Accuracy: 60.349998474121094, Loss: 1.0967173078536987, Global training time: 0.04281605551380187

[INFO] Non-IID 总分配样本数: 16982
  w_locals: 2456.80 MB
  gradient: 2456.80 MB
Round 97, Test Accuracy: 62.47999954223633, Loss: 1.0412408202171326, Global training time: 0.0458270382838105

[INFO] Non-IID 总分配样本数: 18012
  w_locals: 2456.80 MB
  gradient: 2456.80 MB
Round 98, Test Accuracy: 62.43000030517578, Loss: 1.0423255475997926, Global training time: 0.03563876226118391

[INFO] Non-IID 总分配样本数: 21107
  w_locals: 2456.80 MB
  gradient: 2456.80 MB
Round 99, Test Accuracy: 63.04999923706055, Loss: 1.0325985264778137, Global training time: 0.05323177911516167

[INFO] Non-IID 总分配样本数: 20631
  w_locals: 2456.80 MB
  gradient: 2456.80 MB
Round 100, Test Accuracy: 62.58000183105469, Loss: 1.0345187542915344, Global training time: 0.07225006226763837

成功保存数据pkl文件
OnlineFL已训练完成，最终结果： {'ais': 2, 'test_accuracies': [tensor(62.5800)], 'global_round_accuracies': [[tensor(10.), tensor(10.2400), tensor(10.2300), tensor(10.), tensor(10.), tensor(10.5800), tensor(10.2400), tensor(10.0600), tensor(11.6900), tensor(15.3000), tensor(21.5900), tensor(23.7000), tensor(23.5100), tensor(23.8800), tensor(27.4100), tensor(24.8400), tensor(28.1300), tensor(29.2900), tensor(30.8400), tensor(31.0100), tensor(33.0500), tensor(32.9100), tensor(35.2200), tensor(35.7100), tensor(36.8900), tensor(37.4300), tensor(38.8500), tensor(39.5400), tensor(39.2100), tensor(40.9300), tensor(41.2800), tensor(43.), tensor(43.3100), tensor(43.2700), tensor(44.3700), tensor(44.2200), tensor(43.9300), tensor(45.7800), tensor(44.2400), tensor(46.8000), tensor(46.5900), tensor(47.4400), tensor(48.1900), tensor(48.5700), tensor(48.2500), tensor(47.2800), tensor(49.2600), tensor(49.8900), tensor(50.8800), tensor(50.3500), tensor(51.1200), tensor(52.1900), tensor(51.3500), tensor(50.7800), tensor(51.4600), tensor(52.2200), tensor(50.1000), tensor(52.2000), tensor(53.), tensor(52.9200), tensor(54.1700), tensor(54.3800), tensor(55.0600), tensor(55.2200), tensor(55.0500), tensor(54.2400), tensor(55.1600), tensor(55.6300), tensor(55.6200), tensor(54.9500), tensor(56.8400), tensor(57.0400), tensor(54.5100), tensor(56.8900), tensor(56.7400), tensor(58.7800), tensor(58.6100), tensor(57.5600), tensor(58.3000), tensor(55.2500), tensor(59.1500), tensor(56.3400), tensor(60.), tensor(59.1000), tensor(53.), tensor(60.5200), tensor(60.3300), tensor(60.0100), tensor(60.7300), tensor(58.9000), tensor(59.5500), tensor(61.7200), tensor(62.1100), tensor(61.6800), tensor(61.7200), tensor(60.3500), tensor(62.4800), tensor(62.4300), tensor(63.0500), tensor(62.5800)]], 'global_round_times': [[np.float64(0.03778235564386187), np.float64(0.06041330629292524), np.float64(0.05039320486923067), np.float64(0.05801850879623642), np.float64(0.05782913169355691), np.float64(0.045364952892606815), np.float64(0.051704038918156336), np.float64(0.055686278611489115), np.float64(0.04906278822833431), np.float64(0.05663415436240094), np.float64(0.04710709500878383), np.float64(0.040183866167002626), np.float64(0.062556999768389), np.float64(0.04584754184138588), np.float64(0.054567447792128014), np.float64(0.055787675198444645), np.float64(0.057172112463036946), np.float64(0.05661480584686188), np.float64(0.06637219209958672), np.float64(0.05564931792001725), np.float64(0.03210748549859665), np.float64(0.05881051098362513), np.float64(0.0625806869651061), np.float64(0.06036414711709624), np.float64(0.05792874042766907), np.float64(0.04294775645415951), np.float64(0.04181255896558768), np.float64(0.06036030859841597), np.float64(0.054588128147011986), np.float64(0.06531613852420796), np.float64(0.04493878714602206), np.float64(0.05152459670780629), np.float64(0.06213236454262686), np.float64(0.06750519766858533), np.float64(0.0542455901841004), np.float64(0.05712037508486573), np.float64(0.06636137885784035), np.float64(0.057337705947997704), np.float64(0.0566870937393846), np.float64(0.055945313712211155), np.float64(0.050441559194312216), np.float64(0.04390968089254555), np.float64(0.06386866836126615), np.float64(0.048902519413349124), np.float64(0.05067689713932739), np.float64(0.054454242758703024), np.float64(0.05954849624678697), np.float64(0.05419990481118033), np.float64(0.05117857718268013), np.float64(0.05027817907536987), np.float64(0.0377075807942417), np.float64(0.08111294951764629), np.float64(0.06405920953708442), np.float64(0.07100336872772138), np.float64(0.05287172001754317), np.float64(0.04010231461621711), np.float64(0.054105402220135934), np.float64(0.05459857409876438), np.float64(0.07141560440835451), np.float64(0.05125742334763474), np.float64(0.05233448693043187), np.float64(0.057523547020976534), np.float64(0.062323951902974496), np.float64(0.05360354742612178), np.float64(0.05446069621807573), np.float64(0.07387040808266081), np.float64(0.0599483175477413), np.float64(0.051729023505318814), np.float64(0.05898187744995522), np.float64(0.05448070103158434), np.float64(0.03752784699207108), np.float64(0.03637817312404449), np.float64(0.05702797313038013), np.float64(0.04000743543425777), np.float64(0.0469535915155547), np.float64(0.05936896709518822), np.float64(0.05464156880597072), np.float64(0.06391828413504495), np.float64(0.055673210633865024), np.float64(0.059227463891411695), np.float64(0.061028572929820085), np.float64(0.06576071964827042), np.float64(0.03773691681356544), np.float64(0.05947669610674746), np.float64(0.043263621827694755), np.float64(0.04317867664705572), np.float64(0.04532773711370206), np.float64(0.06313979350751339), np.float64(0.052205982928757354), np.float64(0.051756979729346356), np.float64(0.04722063893018124), np.float64(0.05190578257324393), np.float64(0.055966136674795684), np.float64(0.06334250079389753), np.float64(0.04821696590425544), np.float64(0.04281605551380187), np.float64(0.0458270382838105), np.float64(0.03563876226118391), np.float64(0.05323177911516167), np.float64(0.07225006226763837)]]}

Time Slot 5 Results:
  Selected Devices: [4, 7, 18, 21, 42]
  Total Offload Data: 0.0000
  Sample Device Computation F: [np.float64(141.03670324552047), np.float64(63.772731042299824), np.float64(117.5155093524978), np.float64(239.2277597291782), np.float64(286.47527172245026)]
  Sample Final Data Amounts: [np.float64(0.0), np.float64(0.0), np.float64(0.0), np.float64(0.0), np.float64(84.95141983590874)]

Time Slot 10 Results:
  Selected Devices: [4, 7, 18, 21, 42]
  Total Offload Data: 0.0000
  Sample Device Computation F: [np.float64(317.7227252863815), np.float64(53.77953627600096), np.float64(111.40876630804716), np.float64(518.0249945374809), np.float64(304.96632781537664)]
  Sample Final Data Amounts: [np.float64(0.0), np.float64(0.0), np.float64(0.0), np.float64(0.0), np.float64(53.67827630653243)]

Time Slot 15 Results:
  Selected Devices: [4, 7, 18, 21, 42]
  Total Offload Data: 0.0000
  Sample Device Computation F: [np.float64(352.5186126375028), np.float64(76.87341064174946), np.float64(55.396723141595984), np.float64(202.81499196943602), np.float64(174.54433516094448)]
  Sample Final Data Amounts: [np.float64(0.0), np.float64(0.0), np.float64(0.0), np.float64(0.0), np.float64(76.80761523865364)]

Time Slot 20 Results:
  Selected Devices: [4, 7, 18, 21, 42]
  Total Offload Data: 0.0000
  Sample Device Computation F: [np.float64(138.2737802565381), np.float64(52.90757554203902), np.float64(119.48955607281451), np.float64(417.8853167919447), np.float64(297.6299234222626)]
  Sample Final Data Amounts: [np.float64(0.0), np.float64(0.0), np.float64(0.0), np.float64(0.0), np.float64(101.71137608728152)]

Time Slot 25 Results:
  Selected Devices: [4, 12, 16, 18, 29]
  Total Offload Data: 0.0000
  Sample Device Computation F: [np.float64(261.9127740743951), np.float64(62.490711111777415), np.float64(81.56988774631265), np.float64(228.53960630455342), np.float64(240.7683447745479)]
  Sample Final Data Amounts: [np.float64(0.0), np.float64(0.0), np.float64(0.0), np.float64(0.0), np.float64(64.4260920425193)]

Time Slot 30 Results:
  Selected Devices: [4, 12, 16, 18, 29]
  Total Offload Data: 0.0000
  Sample Device Computation F: [np.float64(376.13222561489073), np.float64(65.24468077636735), np.float64(74.63986121741891), np.float64(345.3347283332709), np.float64(152.08116265698905)]
  Sample Final Data Amounts: [np.float64(0.0), np.float64(0.0), np.float64(0.0), np.float64(0.0), np.float64(69.09329160793547)]

Time Slot 35 Results:
  Selected Devices: [4, 12, 16, 18, 29]
  Total Offload Data: 0.0000
  Sample Device Computation F: [np.float64(305.0015384464183), np.float64(68.31056807455725), np.float64(50.30650299948351), np.float64(229.04379289950415), np.float64(187.46078474381346)]
  Sample Final Data Amounts: [np.float64(0.0), np.float64(0.0), np.float64(0.0), np.float64(0.0), np.float64(94.17936417632724)]

Time Slot 40 Results:
  Selected Devices: [4, 12, 16, 18, 29]
  Total Offload Data: 0.0000
  Sample Device Computation F: [np.float64(228.17534487091615), np.float64(41.54665856773178), np.float64(102.02253033090919), np.float64(371.41881689048057), np.float64(129.50009609367385)]
  Sample Final Data Amounts: [np.float64(0.0), np.float64(0.0), np.float64(0.0), np.float64(0.0), np.float64(47.97444844801266)]

Time Slot 45 Results:
  Selected Devices: [12, 14, 18, 26, 41]
  Total Offload Data: 26.3252
  Sample Device Computation F: [np.float64(263.83515285719415), np.float64(40.89270487018352), np.float64(119.54663252970605), np.float64(522.1826555190614), np.float64(268.45132302032926)]
  Sample Final Data Amounts: [np.float64(0.0), np.float64(0.0), np.float64(0.0), np.float64(0.0), np.float64(0.0)]

Time Slot 50 Results:
  Selected Devices: [12, 14, 18, 26, 41]
  Total Offload Data: 0.0000
  Sample Device Computation F: [np.float64(318.17926571554904), np.float64(44.98852271507406), np.float64(77.90898395346146), np.float64(238.10375712450232), np.float64(303.32485939306804)]
  Sample Final Data Amounts: [np.float64(0.0), np.float64(0.0), np.float64(0.0), np.float64(0.0), np.float64(0.0)]

Time Slot 55 Results:
  Selected Devices: [12, 14, 18, 26, 41]
  Total Offload Data: 84.6549
  Sample Device Computation F: [np.float64(162.47426333369668), np.float64(73.09243820110254), np.float64(54.451658637575306), np.float64(383.89943715969673), np.float64(273.13041595463153)]
  Sample Final Data Amounts: [np.float64(0.0), np.float64(0.0), np.float64(0.0), np.float64(0.0), np.float64(0.0)]

Time Slot 60 Results:
  Selected Devices: [12, 14, 18, 26, 41]
  Total Offload Data: 0.0000
  Sample Device Computation F: [np.float64(385.97256254424605), np.float64(26.16912904843524), np.float64(100.63531240781609), np.float64(216.7067697157612), np.float64(187.4428429906599)]
  Sample Final Data Amounts: [np.float64(0.0), np.float64(0.0), np.float64(0.0), np.float64(0.0), np.float64(0.0)]

Time Slot 65 Results:
  Selected Devices: [12, 14, 25, 26, 34]
  Total Offload Data: 0.0000
  Sample Device Computation F: [np.float64(245.88775517760294), np.float64(51.767306852547776), np.float64(89.92353888957801), np.float64(536.1092822560627), np.float64(206.43157740133816)]
  Sample Final Data Amounts: [np.float64(0.0), np.float64(0.0), np.float64(0.0), np.float64(0.0), np.float64(0.0)]

Time Slot 70 Results:
  Selected Devices: [12, 14, 25, 26, 34]
  Total Offload Data: 0.0000
  Sample Device Computation F: [np.float64(366.4168576296081), np.float64(54.496882144593094), np.float64(54.61959792016646), np.float64(316.2402481972706), np.float64(130.4680392131443)]
  Sample Final Data Amounts: [np.float64(0.0), np.float64(0.0), np.float64(0.0), np.float64(0.0), np.float64(0.0)]

Time Slot 75 Results:
  Selected Devices: [12, 14, 25, 26, 34]
  Total Offload Data: 241.7779
  Sample Device Computation F: [np.float64(207.39424505319525), np.float64(72.34301178979568), np.float64(88.45624228679354), np.float64(451.97202853107507), np.float64(297.9754088112651)]
  Sample Final Data Amounts: [np.float64(0.0), np.float64(0.0), np.float64(0.0), np.float64(0.0), np.float64(0.0)]

Time Slot 80 Results:
  Selected Devices: [12, 14, 25, 26, 34]
  Total Offload Data: 0.0000
  Sample Device Computation F: [np.float64(230.00891861367603), np.float64(67.91997211277126), np.float64(112.59940188441479), np.float64(231.3383869415768), np.float64(269.4913761686844)]
  Sample Final Data Amounts: [np.float64(0.0), np.float64(0.0), np.float64(0.0), np.float64(0.0), np.float64(0.0)]

Time Slot 85 Results:
  Selected Devices: [18, 26, 33, 40, 46]
  Total Offload Data: 0.0000
  Sample Device Computation F: [np.float64(265.2444514137754), np.float64(26.00153389807127), np.float64(52.5852508616457), np.float64(451.2072684877827), np.float64(229.556798483518)]
  Sample Final Data Amounts: [np.float64(0.0), np.float64(0.0), np.float64(0.0), np.float64(0.0), np.float64(0.0)]

Time Slot 90 Results:
  Selected Devices: [18, 26, 33, 40, 46]
  Total Offload Data: 0.0000
  Sample Device Computation F: [np.float64(226.52330173117645), np.float64(61.594054305651284), np.float64(109.35587902043093), np.float64(263.853682411595), np.float64(277.8542326399578)]
  Sample Final Data Amounts: [np.float64(0.0), np.float64(0.0), np.float64(0.0), np.float64(0.0), np.float64(0.0)]

Time Slot 95 Results:
  Selected Devices: [18, 26, 33, 40, 46]
  Total Offload Data: 0.0000
  Sample Device Computation F: [np.float64(223.88970956860337), np.float64(70.19956473527013), np.float64(74.4847924880508), np.float64(456.4271686011118), np.float64(191.04308703257482)]
  Sample Final Data Amounts: [np.float64(0.0), np.float64(0.0), np.float64(0.0), np.float64(0.0), np.float64(0.0)]

Time Slot 100 Results:
  Selected Devices: [18, 26, 33, 40, 46]
  Total Offload Data: 57.2561
  Sample Device Computation F: [np.float64(172.00157705326578), np.float64(71.25855416731567), np.float64(64.36577012780302), np.float64(317.78064180370615), np.float64(140.87722528058788)]
  Sample Final Data Amounts: [np.float64(0.0), np.float64(0.0), np.float64(0.0), np.float64(0.0), np.float64(0.0)]

=== 仿真结果 (N=50) ===
平均吞吐量:
  提出的方法 (T=20): 383.9631
  本地执行: 232.7579
  静态编排: 140.3970
  提出的方法 (T1=20): 383.9631WARNING:root:[WARNING] 可供补充的样本不足，仅剩 718，将启用重复采样

step1 获取到100个时隙的工作节点以及实际训练量
目标准确率：55.0，目标epoch：100
non-iid
[WARNING] 请求样本数超过数据集，按比例缩放: 0.4280
[INFO] Non-IID 总分配样本数: 49989
  w_locals: 2456.80 MB
  gradient: 2456.80 MB
Round 1, Test Accuracy: 9.989999771118164, Loss: 2.3039951042175293, Global training time: 0.00926058687168053

[INFO] Non-IID 总分配样本数: 35271
  w_locals: 2456.80 MB
  gradient: 2456.80 MB
Round 2, Test Accuracy: 10.960000038146973, Loss: 2.297440765762329, Global training time: 0.022946772688670885

[INFO] Non-IID 总分配样本数: 25940
  w_locals: 2456.80 MB
  gradient: 2456.80 MB
Round 3, Test Accuracy: 10.069999694824219, Loss: 2.2936833106994627, Global training time: 0.031508143704301605

[INFO] Non-IID 总分配样本数: 28315
  w_locals: 2456.80 MB
  gradient: 2456.80 MB
Round 4, Test Accuracy: 10.9399995803833, Loss: 2.289784079742432, Global training time: 0.01836029167903814

[INFO] Non-IID 总分配样本数: 29954
  w_locals: 2456.80 MB
  gradient: 2456.80 MB
Round 5, Test Accuracy: 14.819999694824219, Loss: 2.2792570369720457, Global training time: 0.03651908831517212

[INFO] Non-IID 总分配样本数: 25569
  w_locals: 2456.80 MB
  gradient: 2456.80 MB
Round 6, Test Accuracy: 17.489999771118164, Loss: 2.266567854309082, Global training time: 0.03072489368581791

[INFO] Non-IID 总分配样本数: 33172
  w_locals: 2456.80 MB
  gradient: 2456.80 MB
Round 7, Test Accuracy: 16.969999313354492, Loss: 2.2286819206237793, Global training time: 0.03088220606362834

[INFO] Non-IID 总分配样本数: 26934
  w_locals: 2456.80 MB
  gradient: 2456.80 MB
Round 8, Test Accuracy: 19.84000015258789, Loss: 2.167102526283264, Global training time: 0.0261896925965273

[INFO] Non-IID 总分配样本数: 24177
  w_locals: 2456.80 MB
  gradient: 2456.80 MB
Round 9, Test Accuracy: 21.90999984741211, Loss: 2.109219355964661, Global training time: 0.01848560380016886

[INFO] Non-IID 总分配样本数: 21750
  w_locals: 2456.80 MB
  gradient: 2456.80 MB
Round 10, Test Accuracy: 23.450000762939453, Loss: 2.0440958709716797, Global training time: 0.022186639344967035

[INFO] Non-IID 总分配样本数: 28286
  w_locals: 2456.80 MB
  gradient: 2456.80 MB
Round 11, Test Accuracy: 25.600000381469727, Loss: 2.0021268814086914, Global training time: 0.016813427956195257

[INFO] Non-IID 总分配样本数: 32861
  w_locals: 2456.80 MB
  gradient: 2456.80 MB
Round 12, Test Accuracy: 28.40999984741211, Loss: 1.9561738124847412, Global training time: 0.036446620371257434

[INFO] Non-IID 总分配样本数: 26194
  w_locals: 2456.80 MB
  gradient: 2456.80 MB
Round 13, Test Accuracy: 28.530000686645508, Loss: 1.9232566900253296, Global training time: 0.028870162431957776

[INFO] Non-IID 总分配样本数: 28350
  w_locals: 2456.80 MB
  gradient: 2456.80 MB
Round 14, Test Accuracy: 29.809999465942383, Loss: 1.8863181037902832, Global training time: 0.030101141943761556

[INFO] Non-IID 总分配样本数: 29563
  w_locals: 2456.80 MB
  gradient: 2456.80 MB
Round 15, Test Accuracy: 30.299999237060547, Loss: 1.8460448106765748, Global training time: 0.0246501275273678

[INFO] Non-IID 总分配样本数: 27919
  w_locals: 2456.80 MB
  gradient: 2456.80 MB
Round 16, Test Accuracy: 31.65999984741211, Loss: 1.807148815727234, Global training time: 0.02143580735113841

[INFO] Non-IID 总分配样本数: 33057
  w_locals: 2456.80 MB
  gradient: 2456.80 MB
Round 17, Test Accuracy: 33.11000061035156, Loss: 1.7637595180511474, Global training time: 0.03838602861387431

[INFO] Non-IID 总分配样本数: 31344
  w_locals: 2456.80 MB
  gradient: 2456.80 MB
Round 18, Test Accuracy: 34.43000030517578, Loss: 1.7272863014221191, Global training time: 0.025104574343249548

[INFO] Non-IID 总分配样本数: 37585
  w_locals: 2456.80 MB
  gradient: 2456.80 MB
Round 19, Test Accuracy: 35.310001373291016, Loss: 1.751133441543579, Global training time: 0.05611018894771068

[INFO] Non-IID 总分配样本数: 29658
WARNING:root:[WARNING] 可供补充的样本不足，仅剩 695，将启用重复采样
  w_locals: 2456.80 MB
  gradient: 2456.80 MB
Round 20, Test Accuracy: 37.369998931884766, Loss: 1.6706582334518432, Global training time: 0.023881227284772488

[WARNING] 请求样本数超过数据集，按比例缩放: 0.4252
[INFO] Non-IID 总分配样本数: 49996
  w_locals: 2456.80 MB
  gradient: 2456.80 MB
Round 21, Test Accuracy: 35.13999938964844, Loss: 1.7076068796157837, Global training time: 0.009676033247463127

[INFO] Non-IID 总分配样本数: 22763
  w_locals: 2456.80 MB
  gradient: 2456.80 MB
Round 22, Test Accuracy: 38.880001068115234, Loss: 1.6258563396453858, Global training time: 0.018396387862785774

[INFO] Non-IID 总分配样本数: 25409
  w_locals: 2456.80 MB
  gradient: 2456.80 MB
Round 23, Test Accuracy: 38.779998779296875, Loss: 1.6168686800003051, Global training time: 0.025220633983837087

[INFO] Non-IID 总分配样本数: 29188
  w_locals: 2456.80 MB
  gradient: 2456.80 MB
Round 24, Test Accuracy: 40.25, Loss: 1.585314324760437, Global training time: 0.021943225868237746

[INFO] Non-IID 总分配样本数: 28305
  w_locals: 2456.80 MB
  gradient: 2456.80 MB
Round 25, Test Accuracy: 40.810001373291016, Loss: 1.570198085975647, Global training time: 0.043968677760529935

[INFO] Non-IID 总分配样本数: 27467
  w_locals: 2456.80 MB
  gradient: 2456.80 MB
Round 26, Test Accuracy: 41.22999954223633, Loss: 1.559800252532959, Global training time: 0.017878168952363917

[INFO] Non-IID 总分配样本数: 34423
  w_locals: 2456.80 MB
  gradient: 2456.80 MB
Round 27, Test Accuracy: 39.9900016784668, Loss: 1.6344842012405396, Global training time: 0.033724648743779215

[INFO] Non-IID 总分配样本数: 25537
  w_locals: 2456.80 MB
  gradient: 2456.80 MB
Round 28, Test Accuracy: 42.7599983215332, Loss: 1.543686627960205, Global training time: 0.02968048389315909

[INFO] Non-IID 总分配样本数: 31749
  w_locals: 2456.80 MB
  gradient: 2456.80 MB
Round 29, Test Accuracy: 43.599998474121094, Loss: 1.5223846132278442, Global training time: 0.0327858200468255

[INFO] Non-IID 总分配样本数: 30616
  w_locals: 2456.80 MB
  gradient: 2456.80 MB
Round 30, Test Accuracy: 44.84000015258789, Loss: 1.4891593685150146, Global training time: 0.02439526618319876

[INFO] Non-IID 总分配样本数: 24977
  w_locals: 2456.80 MB
  gradient: 2456.80 MB
Round 31, Test Accuracy: 42.650001525878906, Loss: 1.5205984294891357, Global training time: 0.035131255653430116

[INFO] Non-IID 总分配样本数: 32396
  w_locals: 2456.80 MB
  gradient: 2456.80 MB
Round 32, Test Accuracy: 45.70000076293945, Loss: 1.4868899509429931, Global training time: 0.030303004340507873

[INFO] Non-IID 总分配样本数: 25980
  w_locals: 2456.80 MB
  gradient: 2456.80 MB
Round 33, Test Accuracy: 46.59000015258789, Loss: 1.441325496673584, Global training time: 0.018044806464118913

[INFO] Non-IID 总分配样本数: 36078
  w_locals: 2456.80 MB
  gradient: 2456.80 MB
Round 34, Test Accuracy: 46.939998626708984, Loss: 1.431092476463318, Global training time: 0.03808868799913904

[INFO] Non-IID 总分配样本数: 30961
  w_locals: 2456.80 MB
  gradient: 2456.80 MB
Round 35, Test Accuracy: 47.34000015258789, Loss: 1.4234912906646728, Global training time: 0.04112020036748937

[INFO] Non-IID 总分配样本数: 26677
  w_locals: 2456.80 MB
  gradient: 2456.80 MB
Round 36, Test Accuracy: 47.650001525878906, Loss: 1.4366009128570556, Global training time: 0.03006940455234337

[INFO] Non-IID 总分配样本数: 29473
  w_locals: 2456.80 MB
  gradient: 2456.80 MB
Round 37, Test Accuracy: 49.02000045776367, Loss: 1.379651363182068, Global training time: 0.02949362073683842

[INFO] Non-IID 总分配样本数: 32535
  w_locals: 2456.80 MB
  gradient: 2456.80 MB
Round 38, Test Accuracy: 49.650001525878906, Loss: 1.375955958366394, Global training time: 0.03530026060608123

[INFO] Non-IID 总分配样本数: 37072
  w_locals: 2456.80 MB
  gradient: 2456.80 MB
Round 39, Test Accuracy: 49.619998931884766, Loss: 1.3654859880447388, Global training time: 0.043685346592331066

[INFO] Non-IID 总分配样本数: 29111
WARNING:root:[WARNING] 可供补充的样本不足，仅剩 881，将启用重复采样
  w_locals: 2456.80 MB
  gradient: 2456.80 MB
Round 40, Test Accuracy: 50.810001373291016, Loss: 1.3358323280334472, Global training time: 0.052182018331379885

[WARNING] 请求样本数超过数据集，按比例缩放: 0.4012
[INFO] Non-IID 总分配样本数: 49994
  w_locals: 2456.80 MB
  gradient: 2456.80 MB
Round 41, Test Accuracy: 48.619998931884766, Loss: 1.3900101360321044, Global training time: 0.009304970772437263

[INFO] Non-IID 总分配样本数: 26769
  w_locals: 2456.80 MB
  gradient: 2456.80 MB
Round 42, Test Accuracy: 51.689998626708984, Loss: 1.3324765388488768, Global training time: 0.016907516392774623

[INFO] Non-IID 总分配样本数: 16322
  w_locals: 2456.80 MB
  gradient: 2456.80 MB
Round 43, Test Accuracy: 51.290000915527344, Loss: 1.3349901483535767, Global training time: 0.008133755203898523

[INFO] Non-IID 总分配样本数: 31916
  w_locals: 2456.80 MB
  gradient: 2456.80 MB
Round 44, Test Accuracy: 50.720001220703125, Loss: 1.332044055366516, Global training time: 0.0175368861279321

[INFO] Non-IID 总分配样本数: 21381
  w_locals: 2456.80 MB
  gradient: 2456.80 MB
Round 45, Test Accuracy: 52.18000030517578, Loss: 1.3031061237335204, Global training time: 0.022040962398439452

[INFO] Non-IID 总分配样本数: 34078
  w_locals: 2456.80 MB
  gradient: 2456.80 MB
Round 46, Test Accuracy: 53.560001373291016, Loss: 1.2827878734588622, Global training time: 0.04042313082119709

[INFO] Non-IID 总分配样本数: 33198
  w_locals: 2456.80 MB
  gradient: 2456.80 MB
Round 47, Test Accuracy: 53.209999084472656, Loss: 1.2963556619644165, Global training time: 0.02612017601935467

[INFO] Non-IID 总分配样本数: 23524
  w_locals: 2456.80 MB
  gradient: 2456.80 MB
Round 48, Test Accuracy: 53.939998626708984, Loss: 1.270573565864563, Global training time: 0.023750863761122176

[INFO] Non-IID 总分配样本数: 27217
  w_locals: 2456.80 MB
  gradient: 2456.80 MB
Round 49, Test Accuracy: 54.119998931884766, Loss: 1.2732751371383666, Global training time: 0.03383200395614993

[INFO] Non-IID 总分配样本数: 20266
  w_locals: 2456.80 MB
  gradient: 2456.80 MB
Round 50, Test Accuracy: 54.959999084472656, Loss: 1.2407084100723267, Global training time: 0.009236745053292814

[INFO] Non-IID 总分配样本数: 25168
  w_locals: 2456.80 MB
  gradient: 2456.80 MB
Round 51, Test Accuracy: 54.16999816894531, Loss: 1.2619717527389527, Global training time: 0.02644020048483958

[INFO] Non-IID 总分配样本数: 23941
  w_locals: 2456.80 MB
  gradient: 2456.80 MB
Round 52, Test Accuracy: 54.130001068115234, Loss: 1.26605964679718, Global training time: 0.019924622696026253

[INFO] Non-IID 总分配样本数: 35220
  w_locals: 2456.80 MB
  gradient: 2456.80 MB
Round 53, Test Accuracy: 54.52000045776367, Loss: 1.2561875896453858, Global training time: 0.02869417966436453

[INFO] Non-IID 总分配样本数: 23127
  w_locals: 2456.80 MB
  gradient: 2456.80 MB
Round 54, Test Accuracy: 56.290000915527344, Loss: 1.2128685148239136, Global training time: 0.022452322199156917

[INFO] Non-IID 总分配样本数: 25540
  w_locals: 2456.80 MB
  gradient: 2456.80 MB
Round 55, Test Accuracy: 57.13999938964844, Loss: 1.1977511293411256, Global training time: 0.026943122008198036

[INFO] Non-IID 总分配样本数: 32626
  w_locals: 2456.80 MB
  gradient: 2456.80 MB
Round 56, Test Accuracy: 55.650001525878906, Loss: 1.2185644653320313, Global training time: 0.027138536500688933

[INFO] Non-IID 总分配样本数: 31038
  w_locals: 2456.80 MB
  gradient: 2456.80 MB
Round 57, Test Accuracy: 55.58000183105469, Loss: 1.2219789613723755, Global training time: 0.036499243255928404

[INFO] Non-IID 总分配样本数: 29369
  w_locals: 2456.80 MB
  gradient: 2456.80 MB
Round 58, Test Accuracy: 56.04999923706055, Loss: 1.2306867294311523, Global training time: 0.024203355479449625

[INFO] Non-IID 总分配样本数: 31929
  w_locals: 2456.80 MB
  gradient: 2456.80 MB
Round 59, Test Accuracy: 57.06999969482422, Loss: 1.2004902620315552, Global training time: 0.030679656097323454

[INFO] Non-IID 总分配样本数: 19878
WARNING:root:[WARNING] 可供补充的样本不足，仅剩 1208，将启用重复采样
  w_locals: 2456.80 MB
  gradient: 2456.80 MB
Round 60, Test Accuracy: 58.09000015258789, Loss: 1.1656320339202881, Global training time: 0.014255976089820148

[WARNING] 请求样本数超过数据集，按比例缩放: 0.4681
[INFO] Non-IID 总分配样本数: 49983
  w_locals: 2456.80 MB
  gradient: 2456.80 MB
Round 61, Test Accuracy: 56.5, Loss: 1.1838912317276, Global training time: 0.009733250721790421

[INFO] Non-IID 总分配样本数: 26284
  w_locals: 2456.80 MB
  gradient: 2456.80 MB
Round 62, Test Accuracy: 59.18000030517578, Loss: 1.1404107007980346, Global training time: 0.03161393397154542

[INFO] Non-IID 总分配样本数: 27031
  w_locals: 2456.80 MB
  gradient: 2456.80 MB
Round 63, Test Accuracy: 57.959999084472656, Loss: 1.1730663866043092, Global training time: 0.043288602901378405

[INFO] Non-IID 总分配样本数: 31191
  w_locals: 2456.80 MB
  gradient: 2456.80 MB
Round 64, Test Accuracy: 59.779998779296875, Loss: 1.1264777736663818, Global training time: 0.04709772585047933

[INFO] Non-IID 总分配样本数: 21093
  w_locals: 2456.80 MB
  gradient: 2456.80 MB
Round 65, Test Accuracy: 59.09000015258789, Loss: 1.1284697052001953, Global training time: 0.033182393157064054

[INFO] Non-IID 总分配样本数: 18823
  w_locals: 2456.80 MB
  gradient: 2456.80 MB
Round 66, Test Accuracy: 58.720001220703125, Loss: 1.1484776405334474, Global training time: 0.04165494065815409

[INFO] Non-IID 总分配样本数: 32859
  w_locals: 2456.80 MB
  gradient: 2456.80 MB
Round 67, Test Accuracy: 60.119998931884766, Loss: 1.1228351516723634, Global training time: 0.03911921717205523

[INFO] Non-IID 总分配样本数: 28951
  w_locals: 2456.80 MB
  gradient: 2456.80 MB
Round 68, Test Accuracy: 60.20000076293945, Loss: 1.1042473697662354, Global training time: 0.05062978314326088

[INFO] Non-IID 总分配样本数: 19384
  w_locals: 2456.80 MB
  gradient: 2456.80 MB
Round 69, Test Accuracy: 59.77000045776367, Loss: 1.1185511697769166, Global training time: 0.046947633490268495

[INFO] Non-IID 总分配样本数: 29832
  w_locals: 2456.80 MB
  gradient: 2456.80 MB
Round 70, Test Accuracy: 61.5, Loss: 1.0808959005355836, Global training time: 0.05512368445544906

[INFO] Non-IID 总分配样本数: 20451
  w_locals: 2456.80 MB
  gradient: 2456.80 MB
Round 71, Test Accuracy: 60.75, Loss: 1.0986065044403077, Global training time: 0.025062726425124412

[INFO] Non-IID 总分配样本数: 32586
  w_locals: 2456.80 MB
  gradient: 2456.80 MB
Round 72, Test Accuracy: 61.06999969482422, Loss: 1.0886487510681153, Global training time: 0.046745683633543145

[INFO] Non-IID 总分配样本数: 25183
  w_locals: 2456.80 MB
  gradient: 2456.80 MB
Round 73, Test Accuracy: 60.09000015258789, Loss: 1.1149600456237794, Global training time: 0.04883541144152589

[INFO] Non-IID 总分配样本数: 28227
  w_locals: 2456.80 MB
  gradient: 2456.80 MB
Round 74, Test Accuracy: 61.349998474121094, Loss: 1.0922033264160156, Global training time: 0.043135384933258136

[INFO] Non-IID 总分配样本数: 33726
  w_locals: 2456.80 MB
  gradient: 2456.80 MB
Round 75, Test Accuracy: 62.33000183105469, Loss: 1.0651653434753419, Global training time: 0.043431702446345054

[INFO] Non-IID 总分配样本数: 32988
  w_locals: 2456.80 MB
  gradient: 2456.80 MB
Round 76, Test Accuracy: 62.900001525878906, Loss: 1.045451115989685, Global training time: 0.032861141452343076

[INFO] Non-IID 总分配样本数: 32386
  w_locals: 2456.80 MB
  gradient: 2456.80 MB
Round 77, Test Accuracy: 62.849998474121094, Loss: 1.0367036224365234, Global training time: 0.07242689351839984

[INFO] Non-IID 总分配样本数: 28750
  w_locals: 2456.80 MB
  gradient: 2456.80 MB
Round 78, Test Accuracy: 62.54999923706055, Loss: 1.0407021166801453, Global training time: 0.05999736781344962

[INFO] Non-IID 总分配样本数: 26307
  w_locals: 2456.80 MB
  gradient: 2456.80 MB
Round 79, Test Accuracy: 62.40999984741211, Loss: 1.0471148787498474, Global training time: 0.03580969156609541

[INFO] Non-IID 总分配样本数: 23502
WARNING:root:[WARNING] 可供补充的样本不足，仅剩 144，将启用重复采样
  w_locals: 2456.80 MB
  gradient: 2456.80 MB
Round 80, Test Accuracy: 62.97999954223633, Loss: 1.036779860973358, Global training time: 0.016409950900075427

[WARNING] 请求样本数超过数据集，按比例缩放: 0.4151
[INFO] Non-IID 总分配样本数: 49996
  w_locals: 2456.80 MB
  gradient: 2456.80 MB
Round 81, Test Accuracy: 62.540000915527344, Loss: 1.0566576985359193, Global training time: 0.008233425300143428

[INFO] Non-IID 总分配样本数: 27398
  w_locals: 2456.80 MB
  gradient: 2456.80 MB
Round 82, Test Accuracy: 63.650001525878906, Loss: 1.0190144027709962, Global training time: 0.03173276759783394

[INFO] Non-IID 总分配样本数: 19202
  w_locals: 2456.80 MB
  gradient: 2456.80 MB
Round 83, Test Accuracy: 63.66999816894531, Loss: 1.019441467666626, Global training time: 0.01597472855222633

[INFO] Non-IID 总分配样本数: 37184
  w_locals: 2456.80 MB
  gradient: 2456.80 MB
Round 84, Test Accuracy: 63.4900016784668, Loss: 1.0314809816360473, Global training time: 0.04678397007549815

[INFO] Non-IID 总分配样本数: 26126
  w_locals: 2456.80 MB
  gradient: 2456.80 MB
Round 85, Test Accuracy: 64.1500015258789, Loss: 1.008945784473419, Global training time: 0.012286170177967537

[INFO] Non-IID 总分配样本数: 31265
  w_locals: 2456.80 MB
  gradient: 2456.80 MB
Round 86, Test Accuracy: 65.26000213623047, Loss: 0.9891070863723755, Global training time: 0.045257171453792204

[INFO] Non-IID 总分配样本数: 31774
  w_locals: 2456.80 MB
  gradient: 2456.80 MB
Round 87, Test Accuracy: 61.54999923706055, Loss: 1.069424823474884, Global training time: 0.017412321345770067

[INFO] Non-IID 总分配样本数: 25653
  w_locals: 2456.80 MB
  gradient: 2456.80 MB
Round 88, Test Accuracy: 65.41000366210938, Loss: 0.9780990300178528, Global training time: 0.016199659051078827

[INFO] Non-IID 总分配样本数: 25224
  w_locals: 2456.80 MB
  gradient: 2456.80 MB
Round 89, Test Accuracy: 64.16999816894531, Loss: 1.0128291284561157, Global training time: 0.0177572029839881

[INFO] Non-IID 总分配样本数: 31497
  w_locals: 2456.80 MB
  gradient: 2456.80 MB
Round 90, Test Accuracy: 65.2300033569336, Loss: 0.9885356011390686, Global training time: 0.021811925220429962

[INFO] Non-IID 总分配样本数: 29790
  w_locals: 2456.80 MB
  gradient: 2456.80 MB
Round 91, Test Accuracy: 64.72000122070312, Loss: 1.000923152923584, Global training time: 0.02083513353409668

[INFO] Non-IID 总分配样本数: 28053
  w_locals: 2456.80 MB
  gradient: 2456.80 MB
Round 92, Test Accuracy: 64.23999786376953, Loss: 1.005613675403595, Global training time: 0.03206414791800753

[INFO] Non-IID 总分配样本数: 36847
  w_locals: 2456.80 MB
  gradient: 2456.80 MB
Round 93, Test Accuracy: 66.16000366210938, Loss: 0.9525341542243958, Global training time: 0.03795369661586765

[INFO] Non-IID 总分配样本数: 34595
  w_locals: 2456.80 MB
  gradient: 2456.80 MB
Round 94, Test Accuracy: 66.43000030517578, Loss: 0.9572848965644837, Global training time: 0.030743557922140688

[INFO] Non-IID 总分配样本数: 25355
  w_locals: 2456.80 MB
  gradient: 2456.80 MB
Round 95, Test Accuracy: 64.87000274658203, Loss: 0.9937968400001526, Global training time: 0.02376595337649722

[INFO] Non-IID 总分配样本数: 25059
  w_locals: 2456.80 MB
  gradient: 2456.80 MB
Round 96, Test Accuracy: 66.7300033569336, Loss: 0.9434300218582153, Global training time: 0.023793720207894997

[INFO] Non-IID 总分配样本数: 30988
  w_locals: 2456.80 MB
  gradient: 2456.80 MB
Round 97, Test Accuracy: 66.79000091552734, Loss: 0.9340118926048279, Global training time: 0.026868432034651158

[INFO] Non-IID 总分配样本数: 25272
  w_locals: 2456.80 MB
  gradient: 2456.80 MB
Round 98, Test Accuracy: 66.55000305175781, Loss: 0.9494322251319885, Global training time: 0.01774105375505008

[INFO] Non-IID 总分配样本数: 21805
  w_locals: 2456.80 MB
  gradient: 2456.80 MB
Round 99, Test Accuracy: 67.12999725341797, Loss: 0.9280257563591003, Global training time: 0.019889614388011484

[INFO] Non-IID 总分配样本数: 27777
  w_locals: 2456.80 MB
  gradient: 2456.80 MB
Round 100, Test Accuracy: 66.97000122070312, Loss: 0.9415851881980896, Global training time: 0.02266842417247221

成功保存数据pkl文件
OnlineFL已训练完成，最终结果： {'ais': 2, 'test_accuracies': [tensor(66.9700)], 'global_round_accuracies': [[tensor(9.9900), tensor(10.9600), tensor(10.0700), tensor(10.9400), tensor(14.8200), tensor(17.4900), tensor(16.9700), tensor(19.8400), tensor(21.9100), tensor(23.4500), tensor(25.6000), tensor(28.4100), tensor(28.5300), tensor(29.8100), tensor(30.3000), tensor(31.6600), tensor(33.1100), tensor(34.4300), tensor(35.3100), tensor(37.3700), tensor(35.1400), tensor(38.8800), tensor(38.7800), tensor(40.2500), tensor(40.8100), tensor(41.2300), tensor(39.9900), tensor(42.7600), tensor(43.6000), tensor(44.8400), tensor(42.6500), tensor(45.7000), tensor(46.5900), tensor(46.9400), tensor(47.3400), tensor(47.6500), tensor(49.0200), tensor(49.6500), tensor(49.6200), tensor(50.8100), tensor(48.6200), tensor(51.6900), tensor(51.2900), tensor(50.7200), tensor(52.1800), tensor(53.5600), tensor(53.2100), tensor(53.9400), tensor(54.1200), tensor(54.9600), tensor(54.1700), tensor(54.1300), tensor(54.5200), tensor(56.2900), tensor(57.1400), tensor(55.6500), tensor(55.5800), tensor(56.0500), tensor(57.0700), tensor(58.0900), tensor(56.5000), tensor(59.1800), tensor(57.9600), tensor(59.7800), tensor(59.0900), tensor(58.7200), tensor(60.1200), tensor(60.2000), tensor(59.7700), tensor(61.5000), tensor(60.7500), tensor(61.0700), tensor(60.0900), tensor(61.3500), tensor(62.3300), tensor(62.9000), tensor(62.8500), tensor(62.5500), tensor(62.4100), tensor(62.9800), tensor(62.5400), tensor(63.6500), tensor(63.6700), tensor(63.4900), tensor(64.1500), tensor(65.2600), tensor(61.5500), tensor(65.4100), tensor(64.1700), tensor(65.2300), tensor(64.7200), tensor(64.2400), tensor(66.1600), tensor(66.4300), tensor(64.8700), tensor(66.7300), tensor(66.7900), tensor(66.5500), tensor(67.1300), tensor(66.9700)]], 'global_round_times': [[np.float64(0.00926058687168053), np.float64(0.022946772688670885), np.float64(0.031508143704301605), np.float64(0.01836029167903814), np.float64(0.03651908831517212), np.float64(0.03072489368581791), np.float64(0.03088220606362834), np.float64(0.0261896925965273), np.float64(0.01848560380016886), np.float64(0.022186639344967035), np.float64(0.016813427956195257), np.float64(0.036446620371257434), np.float64(0.028870162431957776), np.float64(0.030101141943761556), np.float64(0.0246501275273678), np.float64(0.02143580735113841), np.float64(0.03838602861387431), np.float64(0.025104574343249548), np.float64(0.05611018894771068), np.float64(0.023881227284772488), np.float64(0.009676033247463127), np.float64(0.018396387862785774), np.float64(0.025220633983837087), np.float64(0.021943225868237746), np.float64(0.043968677760529935), np.float64(0.017878168952363917), np.float64(0.033724648743779215), np.float64(0.02968048389315909), np.float64(0.0327858200468255), np.float64(0.02439526618319876), np.float64(0.035131255653430116), np.float64(0.030303004340507873), np.float64(0.018044806464118913), np.float64(0.03808868799913904), np.float64(0.04112020036748937), np.float64(0.03006940455234337), np.float64(0.02949362073683842), np.float64(0.03530026060608123), np.float64(0.043685346592331066), np.float64(0.052182018331379885), np.float64(0.009304970772437263), np.float64(0.016907516392774623), np.float64(0.008133755203898523), np.float64(0.0175368861279321), np.float64(0.022040962398439452), np.float64(0.04042313082119709), np.float64(0.02612017601935467), np.float64(0.023750863761122176), np.float64(0.03383200395614993), np.float64(0.009236745053292814), np.float64(0.02644020048483958), np.float64(0.019924622696026253), np.float64(0.02869417966436453), np.float64(0.022452322199156917), np.float64(0.026943122008198036), np.float64(0.027138536500688933), np.float64(0.036499243255928404), np.float64(0.024203355479449625), np.float64(0.030679656097323454), np.float64(0.014255976089820148), np.float64(0.009733250721790421), np.float64(0.03161393397154542), np.float64(0.043288602901378405), np.float64(0.04709772585047933), np.float64(0.033182393157064054), np.float64(0.04165494065815409), np.float64(0.03911921717205523), np.float64(0.05062978314326088), np.float64(0.046947633490268495), np.float64(0.05512368445544906), np.float64(0.025062726425124412), np.float64(0.046745683633543145), np.float64(0.04883541144152589), np.float64(0.043135384933258136), np.float64(0.043431702446345054), np.float64(0.032861141452343076), np.float64(0.07242689351839984), np.float64(0.05999736781344962), np.float64(0.03580969156609541), np.float64(0.016409950900075427), np.float64(0.008233425300143428), np.float64(0.03173276759783394), np.float64(0.01597472855222633), np.float64(0.04678397007549815), np.float64(0.012286170177967537), np.float64(0.045257171453792204), np.float64(0.017412321345770067), np.float64(0.016199659051078827), np.float64(0.0177572029839881), np.float64(0.021811925220429962), np.float64(0.02083513353409668), np.float64(0.03206414791800753), np.float64(0.03795369661586765), np.float64(0.030743557922140688), np.float64(0.02376595337649722), np.float64(0.023793720207894997), np.float64(0.026868432034651158), np.float64(0.01774105375505008), np.float64(0.019889614388011484), np.float64(0.02266842417247221)]]}

Time Slot 5 Results:
  Selected Devices: [4, 7, 18, 21, 42]
  Total Offload Data: 0.0000
  Sample Device Computation F: [np.float64(141.03670324552047), np.float64(63.772731042299824), np.float64(117.5155093524978), np.float64(239.2277597291782), np.float64(286.47527172245026)]
  Sample Final Data Amounts: [np.float64(0.0), np.float64(0.0), np.float64(0.0), np.float64(0.0), np.float64(84.95141983590874)]

Time Slot 10 Results:
  Selected Devices: [4, 7, 18, 21, 42]
  Total Offload Data: 0.0000
  Sample Device Computation F: [np.float64(317.7227252863815), np.float64(53.77953627600096), np.float64(111.40876630804716), np.float64(518.0249945374809), np.float64(304.96632781537664)]
  Sample Final Data Amounts: [np.float64(0.0), np.float64(0.0), np.float64(0.0), np.float64(0.0), np.float64(53.67827630653243)]

Time Slot 15 Results:
  Selected Devices: [4, 7, 18, 21, 42]
  Total Offload Data: 0.0000
  Sample Device Computation F: [np.float64(352.5186126375028), np.float64(76.87341064174946), np.float64(55.396723141595984), np.float64(202.81499196943602), np.float64(174.54433516094448)]
  Sample Final Data Amounts: [np.float64(0.0), np.float64(0.0), np.float64(0.0), np.float64(0.0), np.float64(76.80761523865364)]

Time Slot 20 Results:
  Selected Devices: [4, 7, 18, 21, 42]
  Total Offload Data: 0.0000
  Sample Device Computation F: [np.float64(138.2737802565381), np.float64(52.90757554203902), np.float64(119.48955607281451), np.float64(417.8853167919447), np.float64(297.6299234222626)]
  Sample Final Data Amounts: [np.float64(0.0), np.float64(0.0), np.float64(0.0), np.float64(0.0), np.float64(101.71137608728152)]

Time Slot 25 Results:
  Selected Devices: [4, 12, 16, 18, 29]
  Total Offload Data: 0.0000
  Sample Device Computation F: [np.float64(261.9127740743951), np.float64(62.490711111777415), np.float64(81.56988774631265), np.float64(228.53960630455342), np.float64(240.7683447745479)]
  Sample Final Data Amounts: [np.float64(0.0), np.float64(0.0), np.float64(0.0), np.float64(0.0), np.float64(64.4260920425193)]

Time Slot 30 Results:
  Selected Devices: [4, 12, 16, 18, 29]
  Total Offload Data: 0.0000
  Sample Device Computation F: [np.float64(376.13222561489073), np.float64(65.24468077636735), np.float64(74.63986121741891), np.float64(345.3347283332709), np.float64(152.08116265698905)]
  Sample Final Data Amounts: [np.float64(0.0), np.float64(0.0), np.float64(0.0), np.float64(0.0), np.float64(69.09329160793547)]

Time Slot 35 Results:
  Selected Devices: [4, 12, 16, 18, 29]
  Total Offload Data: 0.0000
  Sample Device Computation F: [np.float64(305.0015384464183), np.float64(68.31056807455725), np.float64(50.30650299948351), np.float64(229.04379289950415), np.float64(187.46078474381346)]
  Sample Final Data Amounts: [np.float64(0.0), np.float64(0.0), np.float64(0.0), np.float64(0.0), np.float64(94.17936417632724)]

Time Slot 40 Results:
  Selected Devices: [4, 12, 16, 18, 29]
  Total Offload Data: 0.0000
  Sample Device Computation F: [np.float64(228.17534487091615), np.float64(41.54665856773178), np.float64(102.02253033090919), np.float64(371.41881689048057), np.float64(129.50009609367385)]
  Sample Final Data Amounts: [np.float64(0.0), np.float64(0.0), np.float64(0.0), np.float64(0.0), np.float64(47.97444844801266)]

Time Slot 45 Results:
  Selected Devices: [12, 14, 18, 26, 41]
  Total Offload Data: 26.3252
  Sample Device Computation F: [np.float64(263.83515285719415), np.float64(40.89270487018352), np.float64(119.54663252970605), np.float64(522.1826555190614), np.float64(268.45132302032926)]
  Sample Final Data Amounts: [np.float64(0.0), np.float64(0.0), np.float64(0.0), np.float64(0.0), np.float64(0.0)]

Time Slot 50 Results:
  Selected Devices: [12, 14, 18, 26, 41]
  Total Offload Data: 0.0000
  Sample Device Computation F: [np.float64(318.17926571554904), np.float64(44.98852271507406), np.float64(77.90898395346146), np.float64(238.10375712450232), np.float64(303.32485939306804)]
  Sample Final Data Amounts: [np.float64(0.0), np.float64(0.0), np.float64(0.0), np.float64(0.0), np.float64(0.0)]

Time Slot 55 Results:
  Selected Devices: [12, 14, 18, 26, 41]
  Total Offload Data: 84.6549
  Sample Device Computation F: [np.float64(162.47426333369668), np.float64(73.09243820110254), np.float64(54.451658637575306), np.float64(383.89943715969673), np.float64(273.13041595463153)]
  Sample Final Data Amounts: [np.float64(0.0), np.float64(0.0), np.float64(0.0), np.float64(0.0), np.float64(0.0)]

Time Slot 60 Results:
  Selected Devices: [12, 14, 18, 26, 41]
  Total Offload Data: 0.0000
  Sample Device Computation F: [np.float64(385.97256254424605), np.float64(26.16912904843524), np.float64(100.63531240781609), np.float64(216.7067697157612), np.float64(187.4428429906599)]
  Sample Final Data Amounts: [np.float64(0.0), np.float64(0.0), np.float64(0.0), np.float64(0.0), np.float64(0.0)]

Time Slot 65 Results:
  Selected Devices: [12, 14, 25, 26, 34]
  Total Offload Data: 0.0000
  Sample Device Computation F: [np.float64(245.88775517760294), np.float64(51.767306852547776), np.float64(89.92353888957801), np.float64(536.1092822560627), np.float64(206.43157740133816)]
  Sample Final Data Amounts: [np.float64(0.0), np.float64(0.0), np.float64(0.0), np.float64(0.0), np.float64(0.0)]

Time Slot 70 Results:
  Selected Devices: [12, 14, 25, 26, 34]
  Total Offload Data: 0.0000
  Sample Device Computation F: [np.float64(366.4168576296081), np.float64(54.496882144593094), np.float64(54.61959792016646), np.float64(316.2402481972706), np.float64(130.4680392131443)]
  Sample Final Data Amounts: [np.float64(0.0), np.float64(0.0), np.float64(0.0), np.float64(0.0), np.float64(0.0)]

Time Slot 75 Results:
  Selected Devices: [12, 14, 25, 26, 34]
  Total Offload Data: 241.7779
  Sample Device Computation F: [np.float64(207.39424505319525), np.float64(72.34301178979568), np.float64(88.45624228679354), np.float64(451.97202853107507), np.float64(297.9754088112651)]
  Sample Final Data Amounts: [np.float64(0.0), np.float64(0.0), np.float64(0.0), np.float64(0.0), np.float64(0.0)]

Time Slot 80 Results:
  Selected Devices: [12, 14, 25, 26, 34]
  Total Offload Data: 0.0000
  Sample Device Computation F: [np.float64(230.00891861367603), np.float64(67.91997211277126), np.float64(112.59940188441479), np.float64(231.3383869415768), np.float64(269.4913761686844)]
  Sample Final Data Amounts: [np.float64(0.0), np.float64(0.0), np.float64(0.0), np.float64(0.0), np.float64(0.0)]

Time Slot 85 Results:
  Selected Devices: [18, 26, 33, 40, 46]
  Total Offload Data: 0.0000
  Sample Device Computation F: [np.float64(265.2444514137754), np.float64(26.00153389807127), np.float64(52.5852508616457), np.float64(451.2072684877827), np.float64(229.556798483518)]
  Sample Final Data Amounts: [np.float64(0.0), np.float64(0.0), np.float64(0.0), np.float64(0.0), np.float64(0.0)]

Time Slot 90 Results:
  Selected Devices: [18, 26, 33, 40, 46]
  Total Offload Data: 0.0000
  Sample Device Computation F: [np.float64(226.52330173117645), np.float64(61.594054305651284), np.float64(109.35587902043093), np.float64(263.853682411595), np.float64(277.8542326399578)]
  Sample Final Data Amounts: [np.float64(0.0), np.float64(0.0), np.float64(0.0), np.float64(0.0), np.float64(0.0)]

Time Slot 95 Results:
  Selected Devices: [18, 26, 33, 40, 46]
  Total Offload Data: 0.0000
  Sample Device Computation F: [np.float64(223.88970956860337), np.float64(70.19956473527013), np.float64(74.4847924880508), np.float64(456.4271686011118), np.float64(191.04308703257482)]
  Sample Final Data Amounts: [np.float64(0.0), np.float64(0.0), np.float64(0.0), np.float64(0.0), np.float64(0.0)]

Time Slot 100 Results:
  Selected Devices: [18, 26, 33, 40, 46]
  Total Offload Data: 57.2561
  Sample Device Computation F: [np.float64(172.00157705326578), np.float64(71.25855416731567), np.float64(64.36577012780302), np.float64(317.78064180370615), np.float64(140.87722528058788)]
  Sample Final Data Amounts: [np.float64(0.0), np.float64(0.0), np.float64(0.0), np.float64(0.0), np.float64(0.0)]

=== 仿真结果 (N=50) ===
平均吞吐量:
  提出的方法 (T=20): 383.9631
  本地执行: 232.7579
  静态编排: 140.3970
  提出的方法 (T1=20): 383.9631WARNING:root:[WARNING] 可供补充的样本不足，仅剩 1256，将启用重复采样

step1 获取到100个时隙的工作节点以及实际训练量
目标准确率：55.0，目标epoch：100
non-iid
[WARNING] 请求样本数超过数据集，按比例缩放: 0.4280
[INFO] Non-IID 总分配样本数: 49974
  w_locals: 2456.80 MB
  gradient: 2456.80 MB
Round 1, Test Accuracy: 10.0, Loss: 2.3019659381866453, Global training time: 0.008981694549927467

[INFO] Non-IID 总分配样本数: 35271
  w_locals: 2456.80 MB
  gradient: 2456.80 MB
Round 2, Test Accuracy: 10.0, Loss: 2.297193790435791, Global training time: 0.02249498874575812

[INFO] Non-IID 总分配样本数: 25940
  w_locals: 2456.80 MB
  gradient: 2456.80 MB
Round 3, Test Accuracy: 10.020000457763672, Loss: 2.2939203701019286, Global training time: 0.03284308783039564

[INFO] Non-IID 总分配样本数: 28315
  w_locals: 2456.80 MB
  gradient: 2456.80 MB
Round 4, Test Accuracy: 10.0, Loss: 2.290193995666504, Global training time: 0.020082353162789206

[INFO] Non-IID 总分配样本数: 29954
  w_locals: 2456.80 MB
  gradient: 2456.80 MB
Round 5, Test Accuracy: 10.010000228881836, Loss: 2.2846378189086916, Global training time: 0.0354354061523343

[INFO] Non-IID 总分配样本数: 25569
  w_locals: 2456.80 MB
  gradient: 2456.80 MB
Round 6, Test Accuracy: 10.0600004196167, Loss: 2.276525559616089, Global training time: 0.031181327548235008

[INFO] Non-IID 总分配样本数: 33172
  w_locals: 2456.80 MB
  gradient: 2456.80 MB
Round 7, Test Accuracy: 13.779999732971191, Loss: 2.254681495285034, Global training time: 0.03215863361968076

[INFO] Non-IID 总分配样本数: 26934
  w_locals: 2456.80 MB
  gradient: 2456.80 MB
Round 8, Test Accuracy: 23.139999389648438, Loss: 2.213131774902344, Global training time: 0.026305052579939883

[INFO] Non-IID 总分配样本数: 24177
  w_locals: 2456.80 MB
  gradient: 2456.80 MB
Round 9, Test Accuracy: 22.1299991607666, Loss: 2.135076866340637, Global training time: 0.01815104115227517

[INFO] Non-IID 总分配样本数: 21750
  w_locals: 2456.80 MB
  gradient: 2456.80 MB
Round 10, Test Accuracy: 25.639999389648438, Loss: 2.0653361291885375, Global training time: 0.018795460478901117

[INFO] Non-IID 总分配样本数: 28286
  w_locals: 2456.80 MB
  gradient: 2456.80 MB
Round 11, Test Accuracy: 28.790000915527344, Loss: 1.9933771320343017, Global training time: 0.0173271147816587

[INFO] Non-IID 总分配样本数: 32861
  w_locals: 2456.80 MB
  gradient: 2456.80 MB
Round 12, Test Accuracy: 30.030000686645508, Loss: 1.9439747793197633, Global training time: 0.03921765887813027

[INFO] Non-IID 总分配样本数: 26194
  w_locals: 2456.80 MB
  gradient: 2456.80 MB
Round 13, Test Accuracy: 30.59000015258789, Loss: 1.9014207895278932, Global training time: 0.03419336286150454

[INFO] Non-IID 总分配样本数: 28350
  w_locals: 2456.80 MB
  gradient: 2456.80 MB
Round 14, Test Accuracy: 31.510000228881836, Loss: 1.856013124847412, Global training time: 0.030543675964994875

[INFO] Non-IID 总分配样本数: 29563
  w_locals: 2456.80 MB
  gradient: 2456.80 MB
Round 15, Test Accuracy: 30.190000534057617, Loss: 1.8370947496414185, Global training time: 0.024594195790131272

[INFO] Non-IID 总分配样本数: 27919
  w_locals: 2456.80 MB
  gradient: 2456.80 MB
Round 16, Test Accuracy: 33.15999984741211, Loss: 1.784721298789978, Global training time: 0.02286892308123926

[INFO] Non-IID 总分配样本数: 33057
  w_locals: 2456.80 MB
  gradient: 2456.80 MB
Round 17, Test Accuracy: 33.7599983215332, Loss: 1.7814516763687134, Global training time: 0.03430611662702888

[INFO] Non-IID 总分配样本数: 31344
  w_locals: 2456.80 MB
  gradient: 2456.80 MB
Round 18, Test Accuracy: 34.900001525878906, Loss: 1.7242158590316772, Global training time: 0.0228676907252848

[INFO] Non-IID 总分配样本数: 37585
  w_locals: 2456.80 MB
  gradient: 2456.80 MB
Round 19, Test Accuracy: 36.209999084472656, Loss: 1.6744518968582154, Global training time: 0.06049609974746296

[INFO] Non-IID 总分配样本数: 29658
WARNING:root:[WARNING] 可供补充的样本不足，仅剩 155，将启用重复采样
  w_locals: 2456.80 MB
  gradient: 2456.80 MB
Round 20, Test Accuracy: 35.02000045776367, Loss: 1.7383961452484131, Global training time: 0.02403393376728143

[WARNING] 请求样本数超过数据集，按比例缩放: 0.4252
[INFO] Non-IID 总分配样本数: 50002
  w_locals: 2456.80 MB
  gradient: 2456.80 MB
Round 21, Test Accuracy: 37.04999923706055, Loss: 1.6438645561218261, Global training time: 0.009286725324271052

[INFO] Non-IID 总分配样本数: 22763
  w_locals: 2456.80 MB
  gradient: 2456.80 MB
Round 22, Test Accuracy: 37.54999923706055, Loss: 1.642385888671875, Global training time: 0.016590363203593497

[INFO] Non-IID 总分配样本数: 25409
  w_locals: 2456.80 MB
  gradient: 2456.80 MB
Round 23, Test Accuracy: 37.380001068115234, Loss: 1.6782572120666504, Global training time: 0.02682589613458439

[INFO] Non-IID 总分配样本数: 29188
  w_locals: 2456.80 MB
  gradient: 2456.80 MB
Round 24, Test Accuracy: 39.959999084472656, Loss: 1.5794467874526978, Global training time: 0.024690241141694196

[INFO] Non-IID 总分配样本数: 28305
  w_locals: 2456.80 MB
  gradient: 2456.80 MB
Round 25, Test Accuracy: 41.060001373291016, Loss: 1.5672625387191772, Global training time: 0.042134956785030264

[INFO] Non-IID 总分配样本数: 27467
  w_locals: 2456.80 MB
  gradient: 2456.80 MB
Round 26, Test Accuracy: 41.18000030517578, Loss: 1.5551273849487304, Global training time: 0.01865108731593262

[INFO] Non-IID 总分配样本数: 34423
  w_locals: 2456.80 MB
  gradient: 2456.80 MB
Round 27, Test Accuracy: 41.09000015258789, Loss: 1.5714951267242432, Global training time: 0.032358757575671214

[INFO] Non-IID 总分配样本数: 25537
  w_locals: 2456.80 MB
  gradient: 2456.80 MB
Round 28, Test Accuracy: 42.61000061035156, Loss: 1.5370128629684447, Global training time: 0.02796710250994211

[INFO] Non-IID 总分配样本数: 31749
  w_locals: 2456.80 MB
  gradient: 2456.80 MB
Round 29, Test Accuracy: 44.15999984741211, Loss: 1.5036086288452148, Global training time: 0.03965149637156096

[INFO] Non-IID 总分配样本数: 30616
  w_locals: 2456.80 MB
  gradient: 2456.80 MB
Round 30, Test Accuracy: 44.95000076293945, Loss: 1.4797210165023804, Global training time: 0.0258320120370437

[INFO] Non-IID 总分配样本数: 24977
  w_locals: 2456.80 MB
  gradient: 2456.80 MB
Round 31, Test Accuracy: 44.22999954223633, Loss: 1.4965899459838867, Global training time: 0.03916458495286599

[INFO] Non-IID 总分配样本数: 32396
  w_locals: 2456.80 MB
  gradient: 2456.80 MB
Round 32, Test Accuracy: 45.790000915527344, Loss: 1.4589182050704956, Global training time: 0.03351754907507056

[INFO] Non-IID 总分配样本数: 25980
  w_locals: 2456.80 MB
  gradient: 2456.80 MB
Round 33, Test Accuracy: 46.68000030517578, Loss: 1.45411586894989, Global training time: 0.018246738971417355

[INFO] Non-IID 总分配样本数: 36078
  w_locals: 2456.80 MB
  gradient: 2456.80 MB
Round 34, Test Accuracy: 46.97999954223633, Loss: 1.4267491960525513, Global training time: 0.04059324719438708

[INFO] Non-IID 总分配样本数: 30961
  w_locals: 2456.80 MB
  gradient: 2456.80 MB
Round 35, Test Accuracy: 47.20000076293945, Loss: 1.4253757652282715, Global training time: 0.04044531263227329

[INFO] Non-IID 总分配样本数: 26677
  w_locals: 2456.80 MB
  gradient: 2456.80 MB
Round 36, Test Accuracy: 47.72999954223633, Loss: 1.4078257093429565, Global training time: 0.028410076064103715

[INFO] Non-IID 总分配样本数: 29473
  w_locals: 2456.80 MB
  gradient: 2456.80 MB
Round 37, Test Accuracy: 48.33000183105469, Loss: 1.3994949110031127, Global training time: 0.029784909269965437

[INFO] Non-IID 总分配样本数: 32535
  w_locals: 2456.80 MB
  gradient: 2456.80 MB
Round 38, Test Accuracy: 47.029998779296875, Loss: 1.430750532913208, Global training time: 0.03615406588311344

[INFO] Non-IID 总分配样本数: 37072
  w_locals: 2456.80 MB
  gradient: 2456.80 MB
Round 39, Test Accuracy: 50.290000915527344, Loss: 1.3610689291000366, Global training time: 0.046608794451752915

[INFO] Non-IID 总分配样本数: 29111
WARNING:root:[WARNING] 可供补充的样本不足，仅剩 438，将启用重复采样
  w_locals: 2456.80 MB
  gradient: 2456.80 MB
Round 40, Test Accuracy: 50.27000045776367, Loss: 1.3635915861129762, Global training time: 0.05271164388311505

[WARNING] 请求样本数超过数据集，按比例缩放: 0.4012
[INFO] Non-IID 总分配样本数: 49992
  w_locals: 2456.80 MB
  gradient: 2456.80 MB
Round 41, Test Accuracy: 49.93000030517578, Loss: 1.3563717031478881, Global training time: 0.009248487232306386

[INFO] Non-IID 总分配样本数: 26769
  w_locals: 2456.80 MB
  gradient: 2456.80 MB
Round 42, Test Accuracy: 50.91999816894531, Loss: 1.3386255353927612, Global training time: 0.017660767185341698

[INFO] Non-IID 总分配样本数: 16322
  w_locals: 2456.80 MB
  gradient: 2456.80 MB
Round 43, Test Accuracy: 51.72999954223633, Loss: 1.3362908143997192, Global training time: 0.008336857458179794

[INFO] Non-IID 总分配样本数: 31916
  w_locals: 2456.80 MB
  gradient: 2456.80 MB
Round 44, Test Accuracy: 49.939998626708984, Loss: 1.3819903861999512, Global training time: 0.01772866677812778

[INFO] Non-IID 总分配样本数: 21381
  w_locals: 2456.80 MB
  gradient: 2456.80 MB
Round 45, Test Accuracy: 51.4900016784668, Loss: 1.3224058338165283, Global training time: 0.02748988310802397

[INFO] Non-IID 总分配样本数: 34078
  w_locals: 2456.80 MB
  gradient: 2456.80 MB
Round 46, Test Accuracy: 52.959999084472656, Loss: 1.3012637212753295, Global training time: 0.03637783925452099

[INFO] Non-IID 总分配样本数: 33198
  w_locals: 2456.80 MB
  gradient: 2456.80 MB
Round 47, Test Accuracy: 53.400001525878906, Loss: 1.2760001092910767, Global training time: 0.026710307691798947

[INFO] Non-IID 总分配样本数: 23524
  w_locals: 2456.80 MB
  gradient: 2456.80 MB
Round 48, Test Accuracy: 51.349998474121094, Loss: 1.3586450937271117, Global training time: 0.020517525846647393

[INFO] Non-IID 总分配样本数: 27217
  w_locals: 2456.80 MB
  gradient: 2456.80 MB
Round 49, Test Accuracy: 54.08000183105469, Loss: 1.2704948818206787, Global training time: 0.03445036835630799

[INFO] Non-IID 总分配样本数: 20266
  w_locals: 2456.80 MB
  gradient: 2456.80 MB
Round 50, Test Accuracy: 54.369998931884766, Loss: 1.2559011360168457, Global training time: 0.007978876402063854

[INFO] Non-IID 总分配样本数: 25168
  w_locals: 2456.80 MB
  gradient: 2456.80 MB
Round 51, Test Accuracy: 55.310001373291016, Loss: 1.2376611654281615, Global training time: 0.023741933910778862

[INFO] Non-IID 总分配样本数: 23941
  w_locals: 2456.80 MB
  gradient: 2456.80 MB
Round 52, Test Accuracy: 54.83000183105469, Loss: 1.2379773544311523, Global training time: 0.017988134991067026

[INFO] Non-IID 总分配样本数: 35220
  w_locals: 2456.80 MB
  gradient: 2456.80 MB
Round 53, Test Accuracy: 55.59000015258789, Loss: 1.2259909628868102, Global training time: 0.02939393685981872

[INFO] Non-IID 总分配样本数: 23127
  w_locals: 2456.80 MB
  gradient: 2456.80 MB
Round 54, Test Accuracy: 55.040000915527344, Loss: 1.2265371627807617, Global training time: 0.02149954137474073

[INFO] Non-IID 总分配样本数: 25540
  w_locals: 2456.80 MB
  gradient: 2456.80 MB
Round 55, Test Accuracy: 56.5, Loss: 1.1997421785354614, Global training time: 0.029775517549435315

[INFO] Non-IID 总分配样本数: 32626
  w_locals: 2456.80 MB
  gradient: 2456.80 MB
Round 56, Test Accuracy: 45.20000076293945, Loss: 1.5203563552856445, Global training time: 0.02861314932258192

[INFO] Non-IID 总分配样本数: 31038
  w_locals: 2456.80 MB
  gradient: 2456.80 MB
Round 57, Test Accuracy: 57.220001220703125, Loss: 1.1860378658294677, Global training time: 0.03398820408662731

[INFO] Non-IID 总分配样本数: 29369
  w_locals: 2456.80 MB
  gradient: 2456.80 MB
Round 58, Test Accuracy: 57.65999984741211, Loss: 1.165903822517395, Global training time: 0.0241587099255184

[INFO] Non-IID 总分配样本数: 31929
  w_locals: 2456.80 MB
  gradient: 2456.80 MB
Round 59, Test Accuracy: 57.65999984741211, Loss: 1.165387961578369, Global training time: 0.030208086657061314

[INFO] Non-IID 总分配样本数: 19878
WARNING:root:[WARNING] 可供补充的样本不足，仅剩 424，将启用重复采样
  w_locals: 2456.80 MB
  gradient: 2456.80 MB
Round 60, Test Accuracy: 57.439998626708984, Loss: 1.1691097023010253, Global training time: 0.015483476864383394

[WARNING] 请求样本数超过数据集，按比例缩放: 0.4681
[INFO] Non-IID 总分配样本数: 50001
  w_locals: 2456.80 MB
  gradient: 2456.80 MB
Round 61, Test Accuracy: 58.04999923706055, Loss: 1.1555193327903748, Global training time: 0.009757687040137285

[INFO] Non-IID 总分配样本数: 26284
  w_locals: 2456.80 MB
  gradient: 2456.80 MB
Round 62, Test Accuracy: 58.56999969482422, Loss: 1.1527810647964478, Global training time: 0.0347349803956483

[INFO] Non-IID 总分配样本数: 27031
  w_locals: 2456.80 MB
  gradient: 2456.80 MB
Round 63, Test Accuracy: 59.18000030517578, Loss: 1.1322751731872558, Global training time: 0.0413499323794076

[INFO] Non-IID 总分配样本数: 31191
  w_locals: 2456.80 MB
  gradient: 2456.80 MB
Round 64, Test Accuracy: 58.91999816894531, Loss: 1.1346674364089966, Global training time: 0.04446034921035645

[INFO] Non-IID 总分配样本数: 21093
  w_locals: 2456.80 MB
  gradient: 2456.80 MB
Round 65, Test Accuracy: 59.61000061035156, Loss: 1.121050735282898, Global training time: 0.03162587184922781

[INFO] Non-IID 总分配样本数: 18823
  w_locals: 2456.80 MB
  gradient: 2456.80 MB
Round 66, Test Accuracy: 58.029998779296875, Loss: 1.1625662514686586, Global training time: 0.042905645871822856

[INFO] Non-IID 总分配样本数: 32859
  w_locals: 2456.80 MB
  gradient: 2456.80 MB
Round 67, Test Accuracy: 59.68000030517578, Loss: 1.113664438343048, Global training time: 0.04059842526016945

[INFO] Non-IID 总分配样本数: 28951
  w_locals: 2456.80 MB
  gradient: 2456.80 MB
Round 68, Test Accuracy: 60.04999923706055, Loss: 1.1156100416183472, Global training time: 0.04460189531539678

[INFO] Non-IID 总分配样本数: 19384
  w_locals: 2456.80 MB
  gradient: 2456.80 MB
Round 69, Test Accuracy: 60.439998626708984, Loss: 1.095600153541565, Global training time: 0.05047127061910333

[INFO] Non-IID 总分配样本数: 29832
  w_locals: 2456.80 MB
  gradient: 2456.80 MB
Round 70, Test Accuracy: 59.9900016784668, Loss: 1.113453800201416, Global training time: 0.04850698980178856

[INFO] Non-IID 总分配样本数: 20451
  w_locals: 2456.80 MB
  gradient: 2456.80 MB
Round 71, Test Accuracy: 57.83000183105469, Loss: 1.171233780479431, Global training time: 0.026790643535661452

[INFO] Non-IID 总分配样本数: 32586
  w_locals: 2456.80 MB
  gradient: 2456.80 MB
Round 72, Test Accuracy: 61.52000045776367, Loss: 1.0823100121498108, Global training time: 0.04386531998140788

[INFO] Non-IID 总分配样本数: 25183
  w_locals: 2456.80 MB
  gradient: 2456.80 MB
Round 73, Test Accuracy: 60.7599983215332, Loss: 1.0902621554374694, Global training time: 0.049969038783495824

[INFO] Non-IID 总分配样本数: 28227
  w_locals: 2456.80 MB
  gradient: 2456.80 MB
Round 74, Test Accuracy: 60.13999938964844, Loss: 1.1047154257774352, Global training time: 0.04327457441030448

[INFO] Non-IID 总分配样本数: 33726
  w_locals: 2456.80 MB
  gradient: 2456.80 MB
Round 75, Test Accuracy: 62.29999923706055, Loss: 1.0588213880538941, Global training time: 0.044724169742552285

[INFO] Non-IID 总分配样本数: 32988
  w_locals: 2456.80 MB
  gradient: 2456.80 MB
Round 76, Test Accuracy: 62.65999984741211, Loss: 1.041901538848877, Global training time: 0.03719959792829907

[INFO] Non-IID 总分配样本数: 32386
  w_locals: 2456.80 MB
  gradient: 2456.80 MB
Round 77, Test Accuracy: 62.45000076293945, Loss: 1.0549398663520813, Global training time: 0.06711476103073781

[INFO] Non-IID 总分配样本数: 28750
  w_locals: 2456.80 MB
  gradient: 2456.80 MB
Round 78, Test Accuracy: 63.31999969482422, Loss: 1.035544720172882, Global training time: 0.060900252303052835

[INFO] Non-IID 总分配样本数: 26307
  w_locals: 2456.80 MB
  gradient: 2456.80 MB
Round 79, Test Accuracy: 63.02000045776367, Loss: 1.0395427664756776, Global training time: 0.036956173409478696

[INFO] Non-IID 总分配样本数: 23502
WARNING:root:[WARNING] 可供补充的样本不足，仅剩 1292，将启用重复采样
  w_locals: 2456.80 MB
  gradient: 2456.80 MB
Round 80, Test Accuracy: 64.16999816894531, Loss: 1.0218157063484192, Global training time: 0.016267450623172773

[WARNING] 请求样本数超过数据集，按比例缩放: 0.4151
[INFO] Non-IID 总分配样本数: 49971
  w_locals: 2456.80 MB
  gradient: 2456.80 MB
Round 81, Test Accuracy: 62.9900016784668, Loss: 1.0244608395576478, Global training time: 0.008477949903807475

[INFO] Non-IID 总分配样本数: 27398
  w_locals: 2456.80 MB
  gradient: 2456.80 MB
Round 82, Test Accuracy: 63.130001068115234, Loss: 1.022566936969757, Global training time: 0.029738825326493384

[INFO] Non-IID 总分配样本数: 19202
  w_locals: 2456.80 MB
  gradient: 2456.80 MB
Round 83, Test Accuracy: 63.5099983215332, Loss: 1.0192858361244201, Global training time: 0.016903145239733124

[INFO] Non-IID 总分配样本数: 37184
  w_locals: 2456.80 MB
  gradient: 2456.80 MB
Round 84, Test Accuracy: 64.0, Loss: 1.0105222821235658, Global training time: 0.048499055610594755

[INFO] Non-IID 总分配样本数: 26126
  w_locals: 2456.80 MB
  gradient: 2456.80 MB
Round 85, Test Accuracy: 63.90999984741211, Loss: 1.0208626056671142, Global training time: 0.012428461797973004

[INFO] Non-IID 总分配样本数: 31265
  w_locals: 2456.80 MB
  gradient: 2456.80 MB
Round 86, Test Accuracy: 63.790000915527344, Loss: 1.0244503553390503, Global training time: 0.03855853564396811

[INFO] Non-IID 总分配样本数: 31774
  w_locals: 2456.80 MB
  gradient: 2456.80 MB
Round 87, Test Accuracy: 65.45999908447266, Loss: 0.988087582397461, Global training time: 0.020153104758030435

[INFO] Non-IID 总分配样本数: 25653
  w_locals: 2456.80 MB
  gradient: 2456.80 MB
Round 88, Test Accuracy: 65.33999633789062, Loss: 0.9836497276306152, Global training time: 0.020276243709769524

[INFO] Non-IID 总分配样本数: 25224
  w_locals: 2456.80 MB
  gradient: 2456.80 MB
Round 89, Test Accuracy: 65.47000122070312, Loss: 0.9775541242599487, Global training time: 0.013409355095402373

[INFO] Non-IID 总分配样本数: 31497
  w_locals: 2456.80 MB
  gradient: 2456.80 MB
Round 90, Test Accuracy: 65.87999725341797, Loss: 0.9781991871833802, Global training time: 0.020576291379719495

[INFO] Non-IID 总分配样本数: 29790
  w_locals: 2456.80 MB
  gradient: 2456.80 MB
Round 91, Test Accuracy: 65.88999938964844, Loss: 0.9671572443008423, Global training time: 0.020266121532250124

[INFO] Non-IID 总分配样本数: 28053
  w_locals: 2456.80 MB
  gradient: 2456.80 MB
Round 92, Test Accuracy: 66.1500015258789, Loss: 0.9690395188331604, Global training time: 0.02762911428883405

[INFO] Non-IID 总分配样本数: 36847
  w_locals: 2456.80 MB
  gradient: 2456.80 MB
Round 93, Test Accuracy: 65.6500015258789, Loss: 0.9719593296051026, Global training time: 0.0478576769389575

[INFO] Non-IID 总分配样本数: 34595
  w_locals: 2456.80 MB
  gradient: 2456.80 MB
Round 94, Test Accuracy: 67.05000305175781, Loss: 0.9395964644432068, Global training time: 0.030888513297268192

[INFO] Non-IID 总分配样本数: 25355
  w_locals: 2456.80 MB
  gradient: 2456.80 MB
Round 95, Test Accuracy: 66.5, Loss: 0.9465997972488404, Global training time: 0.024936851689359607

[INFO] Non-IID 总分配样本数: 25059
  w_locals: 2456.80 MB
  gradient: 2456.80 MB
Round 96, Test Accuracy: 66.68000030517578, Loss: 0.9449300092697144, Global training time: 0.023015634460320452

[INFO] Non-IID 总分配样本数: 30988
  w_locals: 2456.80 MB
  gradient: 2456.80 MB
Round 97, Test Accuracy: 67.25, Loss: 0.9402977054595947, Global training time: 0.023331059353686193

[INFO] Non-IID 总分配样本数: 25272
  w_locals: 2456.80 MB
  gradient: 2456.80 MB
Round 98, Test Accuracy: 67.55000305175781, Loss: 0.9305886511802673, Global training time: 0.016883229876613354

[INFO] Non-IID 总分配样本数: 21805
  w_locals: 2456.80 MB
  gradient: 2456.80 MB
Round 99, Test Accuracy: 67.83000183105469, Loss: 0.9202416201591491, Global training time: 0.02135673367525471

[INFO] Non-IID 总分配样本数: 27777
  w_locals: 2456.80 MB
  gradient: 2456.80 MB
Round 100, Test Accuracy: 67.05000305175781, Loss: 0.9421700628280639, Global training time: 0.023510326341037436

成功保存数据pkl文件
OnlineFL已训练完成，最终结果： {'ais': 2, 'test_accuracies': [tensor(67.0500)], 'global_round_accuracies': [[tensor(10.), tensor(10.), tensor(10.0200), tensor(10.), tensor(10.0100), tensor(10.0600), tensor(13.7800), tensor(23.1400), tensor(22.1300), tensor(25.6400), tensor(28.7900), tensor(30.0300), tensor(30.5900), tensor(31.5100), tensor(30.1900), tensor(33.1600), tensor(33.7600), tensor(34.9000), tensor(36.2100), tensor(35.0200), tensor(37.0500), tensor(37.5500), tensor(37.3800), tensor(39.9600), tensor(41.0600), tensor(41.1800), tensor(41.0900), tensor(42.6100), tensor(44.1600), tensor(44.9500), tensor(44.2300), tensor(45.7900), tensor(46.6800), tensor(46.9800), tensor(47.2000), tensor(47.7300), tensor(48.3300), tensor(47.0300), tensor(50.2900), tensor(50.2700), tensor(49.9300), tensor(50.9200), tensor(51.7300), tensor(49.9400), tensor(51.4900), tensor(52.9600), tensor(53.4000), tensor(51.3500), tensor(54.0800), tensor(54.3700), tensor(55.3100), tensor(54.8300), tensor(55.5900), tensor(55.0400), tensor(56.5000), tensor(45.2000), tensor(57.2200), tensor(57.6600), tensor(57.6600), tensor(57.4400), tensor(58.0500), tensor(58.5700), tensor(59.1800), tensor(58.9200), tensor(59.6100), tensor(58.0300), tensor(59.6800), tensor(60.0500), tensor(60.4400), tensor(59.9900), tensor(57.8300), tensor(61.5200), tensor(60.7600), tensor(60.1400), tensor(62.3000), tensor(62.6600), tensor(62.4500), tensor(63.3200), tensor(63.0200), tensor(64.1700), tensor(62.9900), tensor(63.1300), tensor(63.5100), tensor(64.), tensor(63.9100), tensor(63.7900), tensor(65.4600), tensor(65.3400), tensor(65.4700), tensor(65.8800), tensor(65.8900), tensor(66.1500), tensor(65.6500), tensor(67.0500), tensor(66.5000), tensor(66.6800), tensor(67.2500), tensor(67.5500), tensor(67.8300), tensor(67.0500)]], 'global_round_times': [[np.float64(0.008981694549927467), np.float64(0.02249498874575812), np.float64(0.03284308783039564), np.float64(0.020082353162789206), np.float64(0.0354354061523343), np.float64(0.031181327548235008), np.float64(0.03215863361968076), np.float64(0.026305052579939883), np.float64(0.01815104115227517), np.float64(0.018795460478901117), np.float64(0.0173271147816587), np.float64(0.03921765887813027), np.float64(0.03419336286150454), np.float64(0.030543675964994875), np.float64(0.024594195790131272), np.float64(0.02286892308123926), np.float64(0.03430611662702888), np.float64(0.0228676907252848), np.float64(0.06049609974746296), np.float64(0.02403393376728143), np.float64(0.009286725324271052), np.float64(0.016590363203593497), np.float64(0.02682589613458439), np.float64(0.024690241141694196), np.float64(0.042134956785030264), np.float64(0.01865108731593262), np.float64(0.032358757575671214), np.float64(0.02796710250994211), np.float64(0.03965149637156096), np.float64(0.0258320120370437), np.float64(0.03916458495286599), np.float64(0.03351754907507056), np.float64(0.018246738971417355), np.float64(0.04059324719438708), np.float64(0.04044531263227329), np.float64(0.028410076064103715), np.float64(0.029784909269965437), np.float64(0.03615406588311344), np.float64(0.046608794451752915), np.float64(0.05271164388311505), np.float64(0.009248487232306386), np.float64(0.017660767185341698), np.float64(0.008336857458179794), np.float64(0.01772866677812778), np.float64(0.02748988310802397), np.float64(0.03637783925452099), np.float64(0.026710307691798947), np.float64(0.020517525846647393), np.float64(0.03445036835630799), np.float64(0.007978876402063854), np.float64(0.023741933910778862), np.float64(0.017988134991067026), np.float64(0.02939393685981872), np.float64(0.02149954137474073), np.float64(0.029775517549435315), np.float64(0.02861314932258192), np.float64(0.03398820408662731), np.float64(0.0241587099255184), np.float64(0.030208086657061314), np.float64(0.015483476864383394), np.float64(0.009757687040137285), np.float64(0.0347349803956483), np.float64(0.0413499323794076), np.float64(0.04446034921035645), np.float64(0.03162587184922781), np.float64(0.042905645871822856), np.float64(0.04059842526016945), np.float64(0.04460189531539678), np.float64(0.05047127061910333), np.float64(0.04850698980178856), np.float64(0.026790643535661452), np.float64(0.04386531998140788), np.float64(0.049969038783495824), np.float64(0.04327457441030448), np.float64(0.044724169742552285), np.float64(0.03719959792829907), np.float64(0.06711476103073781), np.float64(0.060900252303052835), np.float64(0.036956173409478696), np.float64(0.016267450623172773), np.float64(0.008477949903807475), np.float64(0.029738825326493384), np.float64(0.016903145239733124), np.float64(0.048499055610594755), np.float64(0.012428461797973004), np.float64(0.03855853564396811), np.float64(0.020153104758030435), np.float64(0.020276243709769524), np.float64(0.013409355095402373), np.float64(0.020576291379719495), np.float64(0.020266121532250124), np.float64(0.02762911428883405), np.float64(0.0478576769389575), np.float64(0.030888513297268192), np.float64(0.024936851689359607), np.float64(0.023015634460320452), np.float64(0.023331059353686193), np.float64(0.016883229876613354), np.float64(0.02135673367525471), np.float64(0.023510326341037436)]]}

Time Slot 5 Results:
  Selected Devices: [4, 7, 18, 21, 42]
  Total Offload Data: 0.0000
  Sample Device Computation F: [np.float64(141.03670324552047), np.float64(63.772731042299824), np.float64(117.5155093524978), np.float64(239.2277597291782), np.float64(286.47527172245026)]
  Sample Final Data Amounts: [np.float64(0.0), np.float64(0.0), np.float64(0.0), np.float64(0.0), np.float64(84.95141983590874)]

Time Slot 10 Results:
  Selected Devices: [4, 7, 18, 21, 42]
  Total Offload Data: 0.0000
  Sample Device Computation F: [np.float64(317.7227252863815), np.float64(53.77953627600096), np.float64(111.40876630804716), np.float64(518.0249945374809), np.float64(304.96632781537664)]
  Sample Final Data Amounts: [np.float64(0.0), np.float64(0.0), np.float64(0.0), np.float64(0.0), np.float64(53.67827630653243)]

Time Slot 15 Results:
  Selected Devices: [4, 7, 18, 21, 42]
  Total Offload Data: 0.0000
  Sample Device Computation F: [np.float64(352.5186126375028), np.float64(76.87341064174946), np.float64(55.396723141595984), np.float64(202.81499196943602), np.float64(174.54433516094448)]
  Sample Final Data Amounts: [np.float64(0.0), np.float64(0.0), np.float64(0.0), np.float64(0.0), np.float64(76.80761523865364)]

Time Slot 20 Results:
  Selected Devices: [4, 7, 18, 21, 42]
  Total Offload Data: 0.0000
  Sample Device Computation F: [np.float64(138.2737802565381), np.float64(52.90757554203902), np.float64(119.48955607281451), np.float64(417.8853167919447), np.float64(297.6299234222626)]
  Sample Final Data Amounts: [np.float64(0.0), np.float64(0.0), np.float64(0.0), np.float64(0.0), np.float64(101.71137608728152)]

Time Slot 25 Results:
  Selected Devices: [4, 12, 16, 18, 29]
  Total Offload Data: 0.0000
  Sample Device Computation F: [np.float64(261.9127740743951), np.float64(62.490711111777415), np.float64(81.56988774631265), np.float64(228.53960630455342), np.float64(240.7683447745479)]
  Sample Final Data Amounts: [np.float64(0.0), np.float64(0.0), np.float64(0.0), np.float64(0.0), np.float64(64.4260920425193)]

Time Slot 30 Results:
  Selected Devices: [4, 12, 16, 18, 29]
  Total Offload Data: 0.0000
  Sample Device Computation F: [np.float64(376.13222561489073), np.float64(65.24468077636735), np.float64(74.63986121741891), np.float64(345.3347283332709), np.float64(152.08116265698905)]
  Sample Final Data Amounts: [np.float64(0.0), np.float64(0.0), np.float64(0.0), np.float64(0.0), np.float64(69.09329160793547)]

Time Slot 35 Results:
  Selected Devices: [4, 12, 16, 18, 29]
  Total Offload Data: 0.0000
  Sample Device Computation F: [np.float64(305.0015384464183), np.float64(68.31056807455725), np.float64(50.30650299948351), np.float64(229.04379289950415), np.float64(187.46078474381346)]
  Sample Final Data Amounts: [np.float64(0.0), np.float64(0.0), np.float64(0.0), np.float64(0.0), np.float64(94.17936417632724)]

Time Slot 40 Results:
  Selected Devices: [4, 12, 16, 18, 29]
  Total Offload Data: 0.0000
  Sample Device Computation F: [np.float64(228.17534487091615), np.float64(41.54665856773178), np.float64(102.02253033090919), np.float64(371.41881689048057), np.float64(129.50009609367385)]
  Sample Final Data Amounts: [np.float64(0.0), np.float64(0.0), np.float64(0.0), np.float64(0.0), np.float64(47.97444844801266)]

Time Slot 45 Results:
  Selected Devices: [12, 14, 18, 26, 41]
  Total Offload Data: 26.3252
  Sample Device Computation F: [np.float64(263.83515285719415), np.float64(40.89270487018352), np.float64(119.54663252970605), np.float64(522.1826555190614), np.float64(268.45132302032926)]
  Sample Final Data Amounts: [np.float64(0.0), np.float64(0.0), np.float64(0.0), np.float64(0.0), np.float64(0.0)]

Time Slot 50 Results:
  Selected Devices: [12, 14, 18, 26, 41]
  Total Offload Data: 0.0000
  Sample Device Computation F: [np.float64(318.17926571554904), np.float64(44.98852271507406), np.float64(77.90898395346146), np.float64(238.10375712450232), np.float64(303.32485939306804)]
  Sample Final Data Amounts: [np.float64(0.0), np.float64(0.0), np.float64(0.0), np.float64(0.0), np.float64(0.0)]

Time Slot 55 Results:
  Selected Devices: [12, 14, 18, 26, 41]
  Total Offload Data: 84.6549
  Sample Device Computation F: [np.float64(162.47426333369668), np.float64(73.09243820110254), np.float64(54.451658637575306), np.float64(383.89943715969673), np.float64(273.13041595463153)]
  Sample Final Data Amounts: [np.float64(0.0), np.float64(0.0), np.float64(0.0), np.float64(0.0), np.float64(0.0)]

Time Slot 60 Results:
  Selected Devices: [12, 14, 18, 26, 41]
  Total Offload Data: 0.0000
  Sample Device Computation F: [np.float64(385.97256254424605), np.float64(26.16912904843524), np.float64(100.63531240781609), np.float64(216.7067697157612), np.float64(187.4428429906599)]
  Sample Final Data Amounts: [np.float64(0.0), np.float64(0.0), np.float64(0.0), np.float64(0.0), np.float64(0.0)]

Time Slot 65 Results:
  Selected Devices: [12, 14, 25, 26, 34]
  Total Offload Data: 0.0000
  Sample Device Computation F: [np.float64(245.88775517760294), np.float64(51.767306852547776), np.float64(89.92353888957801), np.float64(536.1092822560627), np.float64(206.43157740133816)]
  Sample Final Data Amounts: [np.float64(0.0), np.float64(0.0), np.float64(0.0), np.float64(0.0), np.float64(0.0)]

Time Slot 70 Results:
  Selected Devices: [12, 14, 25, 26, 34]
  Total Offload Data: 0.0000
  Sample Device Computation F: [np.float64(366.4168576296081), np.float64(54.496882144593094), np.float64(54.61959792016646), np.float64(316.2402481972706), np.float64(130.4680392131443)]
  Sample Final Data Amounts: [np.float64(0.0), np.float64(0.0), np.float64(0.0), np.float64(0.0), np.float64(0.0)]

Time Slot 75 Results:
  Selected Devices: [12, 14, 25, 26, 34]
  Total Offload Data: 241.7779
  Sample Device Computation F: [np.float64(207.39424505319525), np.float64(72.34301178979568), np.float64(88.45624228679354), np.float64(451.97202853107507), np.float64(297.9754088112651)]
  Sample Final Data Amounts: [np.float64(0.0), np.float64(0.0), np.float64(0.0), np.float64(0.0), np.float64(0.0)]

Time Slot 80 Results:
  Selected Devices: [12, 14, 25, 26, 34]
  Total Offload Data: 0.0000
  Sample Device Computation F: [np.float64(230.00891861367603), np.float64(67.91997211277126), np.float64(112.59940188441479), np.float64(231.3383869415768), np.float64(269.4913761686844)]
  Sample Final Data Amounts: [np.float64(0.0), np.float64(0.0), np.float64(0.0), np.float64(0.0), np.float64(0.0)]

Time Slot 85 Results:
  Selected Devices: [18, 26, 33, 40, 46]
  Total Offload Data: 0.0000
  Sample Device Computation F: [np.float64(265.2444514137754), np.float64(26.00153389807127), np.float64(52.5852508616457), np.float64(451.2072684877827), np.float64(229.556798483518)]
  Sample Final Data Amounts: [np.float64(0.0), np.float64(0.0), np.float64(0.0), np.float64(0.0), np.float64(0.0)]

Time Slot 90 Results:
  Selected Devices: [18, 26, 33, 40, 46]
  Total Offload Data: 0.0000
  Sample Device Computation F: [np.float64(226.52330173117645), np.float64(61.594054305651284), np.float64(109.35587902043093), np.float64(263.853682411595), np.float64(277.8542326399578)]
  Sample Final Data Amounts: [np.float64(0.0), np.float64(0.0), np.float64(0.0), np.float64(0.0), np.float64(0.0)]

Time Slot 95 Results:
  Selected Devices: [18, 26, 33, 40, 46]
  Total Offload Data: 0.0000
  Sample Device Computation F: [np.float64(223.88970956860337), np.float64(70.19956473527013), np.float64(74.4847924880508), np.float64(456.4271686011118), np.float64(191.04308703257482)]
  Sample Final Data Amounts: [np.float64(0.0), np.float64(0.0), np.float64(0.0), np.float64(0.0), np.float64(0.0)]

Time Slot 100 Results:
  Selected Devices: [18, 26, 33, 40, 46]
  Total Offload Data: 57.2561
  Sample Device Computation F: [np.float64(172.00157705326578), np.float64(71.25855416731567), np.float64(64.36577012780302), np.float64(317.78064180370615), np.float64(140.87722528058788)]
  Sample Final Data Amounts: [np.float64(0.0), np.float64(0.0), np.float64(0.0), np.float64(0.0), np.float64(0.0)]

=== 仿真结果 (N=50) ===
平均吞吐量:
  提出的方法 (T=20): 383.9631
  本地执行: 232.7579
  静态编排: 140.3970
  提出的方法 (T1=20): 383.9631WARNING:root:[WARNING] 可供补充的样本不足，仅剩 1133，将启用重复采样

step1 获取到100个时隙的工作节点以及实际训练量
目标准确率：55.0，目标epoch：100
non-iid
[WARNING] 请求样本数超过数据集，按比例缩放: 0.4280
[INFO] Non-IID 总分配样本数: 49977
  w_locals: 2456.80 MB
  gradient: 2456.80 MB
Round 1, Test Accuracy: 10.010000228881836, Loss: 2.302940937423706, Global training time: 0.008805257904679707

[INFO] Non-IID 总分配样本数: 35271
  w_locals: 2456.80 MB
  gradient: 2456.80 MB
Round 2, Test Accuracy: 13.210000038146973, Loss: 2.298676301574707, Global training time: 0.023193293639279657

[INFO] Non-IID 总分配样本数: 25940
  w_locals: 2456.80 MB
  gradient: 2456.80 MB
Round 3, Test Accuracy: 10.020000457763672, Loss: 2.2956263778686523, Global training time: 0.03170889437081337

[INFO] Non-IID 总分配样本数: 28315
  w_locals: 2456.80 MB
  gradient: 2456.80 MB
Round 4, Test Accuracy: 10.880000114440918, Loss: 2.2922434467315673, Global training time: 0.020245737319830547

[INFO] Non-IID 总分配样本数: 29954
  w_locals: 2456.80 MB
  gradient: 2456.80 MB
Round 5, Test Accuracy: 10.0, Loss: 2.287021223449707, Global training time: 0.03472143649788637

[INFO] Non-IID 总分配样本数: 25569
  w_locals: 2456.80 MB
  gradient: 2456.80 MB
Round 6, Test Accuracy: 17.540000915527344, Loss: 2.2804708419799806, Global training time: 0.02689026775184751

[INFO] Non-IID 总分配样本数: 33172
  w_locals: 2456.80 MB
  gradient: 2456.80 MB
Round 7, Test Accuracy: 10.010000228881836, Loss: 2.2620255130767823, Global training time: 0.030687003769209898

[INFO] Non-IID 总分配样本数: 26934
  w_locals: 2456.80 MB
  gradient: 2456.80 MB
Round 8, Test Accuracy: 20.18000030517578, Loss: 2.225429483795166, Global training time: 0.027555411232721302

[INFO] Non-IID 总分配样本数: 24177
  w_locals: 2456.80 MB
  gradient: 2456.80 MB
Round 9, Test Accuracy: 23.6299991607666, Loss: 2.1641892282485964, Global training time: 0.02050718103516153

[INFO] Non-IID 总分配样本数: 21750
  w_locals: 2456.80 MB
  gradient: 2456.80 MB
Round 10, Test Accuracy: 25.309999465942383, Loss: 2.094166767883301, Global training time: 0.019788837007973157

[INFO] Non-IID 总分配样本数: 28286
  w_locals: 2456.80 MB
  gradient: 2456.80 MB
Round 11, Test Accuracy: 26.540000915527344, Loss: 2.0250737606048586, Global training time: 0.017277441073505862

[INFO] Non-IID 总分配样本数: 32861
  w_locals: 2456.80 MB
  gradient: 2456.80 MB
Round 12, Test Accuracy: 27.40999984741211, Loss: 1.9797589250564576, Global training time: 0.037352734439316686

[INFO] Non-IID 总分配样本数: 26194
  w_locals: 2456.80 MB
  gradient: 2456.80 MB
Round 13, Test Accuracy: 27.6299991607666, Loss: 1.9532581632614137, Global training time: 0.0339877455156507

[INFO] Non-IID 总分配样本数: 28350
  w_locals: 2456.80 MB
  gradient: 2456.80 MB
Round 14, Test Accuracy: 28.579999923706055, Loss: 1.9167237176895142, Global training time: 0.03076747325440472

[INFO] Non-IID 总分配样本数: 29563
  w_locals: 2456.80 MB
  gradient: 2456.80 MB
Round 15, Test Accuracy: 29.979999542236328, Loss: 1.8736872207641602, Global training time: 0.02151681214162739

[INFO] Non-IID 总分配样本数: 27919
  w_locals: 2456.80 MB
  gradient: 2456.80 MB
Round 16, Test Accuracy: 32.880001068115234, Loss: 1.8248709888458252, Global training time: 0.027439966054919298

[INFO] Non-IID 总分配样本数: 33057
  w_locals: 2456.80 MB
  gradient: 2456.80 MB
Round 17, Test Accuracy: 33.86000061035156, Loss: 1.7805517011642455, Global training time: 0.03955070487012137

[INFO] Non-IID 总分配样本数: 31344
  w_locals: 2456.80 MB
  gradient: 2456.80 MB
Round 18, Test Accuracy: 34.380001068115234, Loss: 1.7617902044296265, Global training time: 0.02555568513476945

[INFO] Non-IID 总分配样本数: 37585
  w_locals: 2456.80 MB
  gradient: 2456.80 MB
Round 19, Test Accuracy: 36.310001373291016, Loss: 1.7024463436126709, Global training time: 0.060033399278194274

[INFO] Non-IID 总分配样本数: 29658
WARNING:root:[WARNING] 可供补充的样本不足，仅剩 631，将启用重复采样
  w_locals: 2456.80 MB
  gradient: 2456.80 MB
Round 20, Test Accuracy: 37.08000183105469, Loss: 1.6789022455215454, Global training time: 0.024200301036861233

[WARNING] 请求样本数超过数据集，按比例缩放: 0.4252
[INFO] Non-IID 总分配样本数: 49983
  w_locals: 2456.80 MB
  gradient: 2456.80 MB
Round 21, Test Accuracy: 38.36000061035156, Loss: 1.6572746086120604, Global training time: 0.008644890640087926

[INFO] Non-IID 总分配样本数: 22763
  w_locals: 2456.80 MB
  gradient: 2456.80 MB
Round 22, Test Accuracy: 38.08000183105469, Loss: 1.641531046485901, Global training time: 0.018613677084764222

[INFO] Non-IID 总分配样本数: 25409
  w_locals: 2456.80 MB
  gradient: 2456.80 MB
Round 23, Test Accuracy: 38.22999954223633, Loss: 1.6452563106536866, Global training time: 0.02530859582860859

[INFO] Non-IID 总分配样本数: 29188
  w_locals: 2456.80 MB
  gradient: 2456.80 MB
Round 24, Test Accuracy: 40.15999984741211, Loss: 1.606720454788208, Global training time: 0.022266381699055853

[INFO] Non-IID 总分配样本数: 28305
  w_locals: 2456.80 MB
  gradient: 2456.80 MB
Round 25, Test Accuracy: 40.65999984741211, Loss: 1.5800554637908935, Global training time: 0.04288862175530239

[INFO] Non-IID 总分配样本数: 27467
  w_locals: 2456.80 MB
  gradient: 2456.80 MB
Round 26, Test Accuracy: 40.56999969482422, Loss: 1.580079406929016, Global training time: 0.01887377222228842

[INFO] Non-IID 总分配样本数: 34423
  w_locals: 2456.80 MB
  gradient: 2456.80 MB
Round 27, Test Accuracy: 40.959999084472656, Loss: 1.5593458839416503, Global training time: 0.032485850414453295

[INFO] Non-IID 总分配样本数: 25537
  w_locals: 2456.80 MB
  gradient: 2456.80 MB
Round 28, Test Accuracy: 42.61000061035156, Loss: 1.536285558128357, Global training time: 0.02945177916553473

[INFO] Non-IID 总分配样本数: 31749
  w_locals: 2456.80 MB
  gradient: 2456.80 MB
Round 29, Test Accuracy: 42.689998626708984, Loss: 1.5223285165786744, Global training time: 0.03896677146472941

[INFO] Non-IID 总分配样本数: 30616
  w_locals: 2456.80 MB
  gradient: 2456.80 MB
Round 30, Test Accuracy: 44.38999938964844, Loss: 1.5068895723342894, Global training time: 0.02577946573605632

[INFO] Non-IID 总分配样本数: 24977
  w_locals: 2456.80 MB
  gradient: 2456.80 MB
Round 31, Test Accuracy: 43.790000915527344, Loss: 1.4943698368072509, Global training time: 0.03826836626246438

[INFO] Non-IID 总分配样本数: 32396
  w_locals: 2456.80 MB
  gradient: 2456.80 MB
Round 32, Test Accuracy: 45.54999923706055, Loss: 1.4755975086212159, Global training time: 0.03314659340593633

[INFO] Non-IID 总分配样本数: 25980
  w_locals: 2456.80 MB
  gradient: 2456.80 MB
Round 33, Test Accuracy: 45.52000045776367, Loss: 1.4595026689529418, Global training time: 0.023335318739423717

[INFO] Non-IID 总分配样本数: 36078
  w_locals: 2456.80 MB
  gradient: 2456.80 MB
Round 34, Test Accuracy: 46.63999938964844, Loss: 1.4414219694137573, Global training time: 0.036693159946480924

[INFO] Non-IID 总分配样本数: 30961
  w_locals: 2456.80 MB
  gradient: 2456.80 MB
Round 35, Test Accuracy: 46.18000030517578, Loss: 1.452489342880249, Global training time: 0.04503516720525275

[INFO] Non-IID 总分配样本数: 26677
  w_locals: 2456.80 MB
  gradient: 2456.80 MB
Round 36, Test Accuracy: 47.59000015258789, Loss: 1.4245692123413085, Global training time: 0.02943151179626972

[INFO] Non-IID 总分配样本数: 29473
  w_locals: 2456.80 MB
  gradient: 2456.80 MB
Round 37, Test Accuracy: 48.20000076293945, Loss: 1.4023840356826782, Global training time: 0.026487862136334243

[INFO] Non-IID 总分配样本数: 32535
  w_locals: 2456.80 MB
  gradient: 2456.80 MB
Round 38, Test Accuracy: 48.65999984741211, Loss: 1.393676381111145, Global training time: 0.035798580962270884

[INFO] Non-IID 总分配样本数: 37072
  w_locals: 2456.80 MB
  gradient: 2456.80 MB
Round 39, Test Accuracy: 49.869998931884766, Loss: 1.3648077739715576, Global training time: 0.04513880401283818

[INFO] Non-IID 总分配样本数: 29111
WARNING:root:[WARNING] 可供补充的样本不足，仅剩 221，将启用重复采样
  w_locals: 2456.80 MB
  gradient: 2456.80 MB
Round 40, Test Accuracy: 49.439998626708984, Loss: 1.3721975049972535, Global training time: 0.0506171929150802

[WARNING] 请求样本数超过数据集，按比例缩放: 0.4012
[INFO] Non-IID 总分配样本数: 49996
  w_locals: 2456.80 MB
  gradient: 2456.80 MB
Round 41, Test Accuracy: 49.959999084472656, Loss: 1.363921174812317, Global training time: 0.009275359978775254

[INFO] Non-IID 总分配样本数: 26769
  w_locals: 2456.80 MB
  gradient: 2456.80 MB
Round 42, Test Accuracy: 51.15999984741211, Loss: 1.3403028287887573, Global training time: 0.019909722436906956

[INFO] Non-IID 总分配样本数: 16322
  w_locals: 2456.80 MB
  gradient: 2456.80 MB
Round 43, Test Accuracy: 50.56999969482422, Loss: 1.350045199584961, Global training time: 0.00961808548481113

[INFO] Non-IID 总分配样本数: 31916
  w_locals: 2456.80 MB
  gradient: 2456.80 MB
Round 44, Test Accuracy: 51.099998474121094, Loss: 1.335637540435791, Global training time: 0.016136618119143464

[INFO] Non-IID 总分配样本数: 21381
  w_locals: 2456.80 MB
  gradient: 2456.80 MB
Round 45, Test Accuracy: 51.31999969482422, Loss: 1.3256218320846558, Global training time: 0.02704963512506442

[INFO] Non-IID 总分配样本数: 34078
  w_locals: 2456.80 MB
  gradient: 2456.80 MB
Round 46, Test Accuracy: 52.29999923706055, Loss: 1.2988517868041993, Global training time: 0.04309535468851579

[INFO] Non-IID 总分配样本数: 33198
  w_locals: 2456.80 MB
  gradient: 2456.80 MB
Round 47, Test Accuracy: 53.470001220703125, Loss: 1.2893611812591552, Global training time: 0.02518954934987306

[INFO] Non-IID 总分配样本数: 23524
  w_locals: 2456.80 MB
  gradient: 2456.80 MB
Round 48, Test Accuracy: 53.0099983215332, Loss: 1.2915730951309203, Global training time: 0.02223824106491347

[INFO] Non-IID 总分配样本数: 27217
  w_locals: 2456.80 MB
  gradient: 2456.80 MB
Round 49, Test Accuracy: 52.90999984741211, Loss: 1.2910655437469483, Global training time: 0.03616831510208341

[INFO] Non-IID 总分配样本数: 20266
  w_locals: 2456.80 MB
  gradient: 2456.80 MB
Round 50, Test Accuracy: 54.47999954223633, Loss: 1.2594205829620362, Global training time: 0.009517114235516728

[INFO] Non-IID 总分配样本数: 25168
  w_locals: 2456.80 MB
  gradient: 2456.80 MB
Round 51, Test Accuracy: 54.70000076293945, Loss: 1.2490994976043701, Global training time: 0.02753085288842276

[INFO] Non-IID 总分配样本数: 23941
  w_locals: 2456.80 MB
  gradient: 2456.80 MB
Round 52, Test Accuracy: 53.9900016784668, Loss: 1.2902860242843628, Global training time: 0.01819454822956489

[INFO] Non-IID 总分配样本数: 35220
  w_locals: 2456.80 MB
  gradient: 2456.80 MB
Round 53, Test Accuracy: 55.33000183105469, Loss: 1.2298624418258668, Global training time: 0.030612850463278295

[INFO] Non-IID 总分配样本数: 23127
  w_locals: 2456.80 MB
  gradient: 2456.80 MB
Round 54, Test Accuracy: 55.09000015258789, Loss: 1.242011696434021, Global training time: 0.019170038030003177

[INFO] Non-IID 总分配样本数: 25540
  w_locals: 2456.80 MB
  gradient: 2456.80 MB
Round 55, Test Accuracy: 55.65999984741211, Loss: 1.2250315927505493, Global training time: 0.030093589426562397

[INFO] Non-IID 总分配样本数: 32626
  w_locals: 2456.80 MB
  gradient: 2456.80 MB
Round 56, Test Accuracy: 52.40999984741211, Loss: 1.342337003326416, Global training time: 0.02991756465826845

[INFO] Non-IID 总分配样本数: 31038
  w_locals: 2456.80 MB
  gradient: 2456.80 MB
Round 57, Test Accuracy: 56.689998626708984, Loss: 1.2023444208145142, Global training time: 0.03707078259485837

[INFO] Non-IID 总分配样本数: 29369
  w_locals: 2456.80 MB
  gradient: 2456.80 MB
Round 58, Test Accuracy: 57.5, Loss: 1.1860103050231934, Global training time: 0.0236258387958431

[INFO] Non-IID 总分配样本数: 31929
  w_locals: 2456.80 MB
  gradient: 2456.80 MB
Round 59, Test Accuracy: 57.369998931884766, Loss: 1.1883106868743896, Global training time: 0.03299551316275625

[INFO] Non-IID 总分配样本数: 19878
WARNING:root:[WARNING] 可供补充的样本不足，仅剩 1395，将启用重复采样
  w_locals: 2456.80 MB
  gradient: 2456.80 MB
Round 60, Test Accuracy: 56.349998474121094, Loss: 1.1995366424560547, Global training time: 0.01562775890692727

[WARNING] 请求样本数超过数据集，按比例缩放: 0.4681
[INFO] Non-IID 总分配样本数: 49984
  w_locals: 2456.80 MB
  gradient: 2456.80 MB
Round 61, Test Accuracy: 57.689998626708984, Loss: 1.1624081270217896, Global training time: 0.011913687135705814

[INFO] Non-IID 总分配样本数: 26284
  w_locals: 2456.80 MB
  gradient: 2456.80 MB
Round 62, Test Accuracy: 58.189998626708984, Loss: 1.1674768165588378, Global training time: 0.03416317301487031

[INFO] Non-IID 总分配样本数: 27031
  w_locals: 2456.80 MB
  gradient: 2456.80 MB
Round 63, Test Accuracy: 57.84000015258789, Loss: 1.1698023307800294, Global training time: 0.0381063833393996

[INFO] Non-IID 总分配样本数: 31191
  w_locals: 2456.80 MB
  gradient: 2456.80 MB
Round 64, Test Accuracy: 59.2599983215332, Loss: 1.1361513954162599, Global training time: 0.05187429205024362

[INFO] Non-IID 总分配样本数: 21093
  w_locals: 2456.80 MB
  gradient: 2456.80 MB
Round 65, Test Accuracy: 59.40999984741211, Loss: 1.1362108486175537, Global training time: 0.0332827152660279

[INFO] Non-IID 总分配样本数: 18823
  w_locals: 2456.80 MB
  gradient: 2456.80 MB
Round 66, Test Accuracy: 59.029998779296875, Loss: 1.1411145216941834, Global training time: 0.0472063506668466

[INFO] Non-IID 总分配样本数: 32859
  w_locals: 2456.80 MB
  gradient: 2456.80 MB
Round 67, Test Accuracy: 59.08000183105469, Loss: 1.1321711977005005, Global training time: 0.04221898277020893

[INFO] Non-IID 总分配样本数: 28951
  w_locals: 2456.80 MB
  gradient: 2456.80 MB
Round 68, Test Accuracy: 58.790000915527344, Loss: 1.1437357805252075, Global training time: 0.0573376718857093

[INFO] Non-IID 总分配样本数: 19384
  w_locals: 2456.80 MB
  gradient: 2456.80 MB
Round 69, Test Accuracy: 59.45000076293945, Loss: 1.1427761430740357, Global training time: 0.06010717258660279

[INFO] Non-IID 总分配样本数: 29832
  w_locals: 2456.80 MB
  gradient: 2456.80 MB
Round 70, Test Accuracy: 61.209999084472656, Loss: 1.0974334897994995, Global training time: 0.058644296728410594

[INFO] Non-IID 总分配样本数: 20451
  w_locals: 2456.80 MB
  gradient: 2456.80 MB
Round 71, Test Accuracy: 60.349998474121094, Loss: 1.106851323699951, Global training time: 0.029160665863494622

[INFO] Non-IID 总分配样本数: 32586
  w_locals: 2456.80 MB
  gradient: 2456.80 MB
Round 72, Test Accuracy: 61.439998626708984, Loss: 1.082067073249817, Global training time: 0.04533340794961065

[INFO] Non-IID 总分配样本数: 25183
  w_locals: 2456.80 MB
  gradient: 2456.80 MB
Round 73, Test Accuracy: 61.11000061035156, Loss: 1.0901726657867432, Global training time: 0.05659526957731318

[INFO] Non-IID 总分配样本数: 28227
  w_locals: 2456.80 MB
  gradient: 2456.80 MB
Round 74, Test Accuracy: 56.880001068115234, Loss: 1.18552907705307, Global training time: 0.06591957540875278

[INFO] Non-IID 总分配样本数: 33726
  w_locals: 2456.80 MB
  gradient: 2456.80 MB
Round 75, Test Accuracy: 60.400001525878906, Loss: 1.0961419691085816, Global training time: 0.06872032889819202

[INFO] Non-IID 总分配样本数: 32988
  w_locals: 2456.80 MB
  gradient: 2456.80 MB
Round 76, Test Accuracy: 62.63999938964844, Loss: 1.059256143951416, Global training time: 0.05684891489034288

[INFO] Non-IID 总分配样本数: 32386
  w_locals: 2456.80 MB
  gradient: 2456.80 MB
Round 77, Test Accuracy: 62.470001220703125, Loss: 1.0510449751853943, Global training time: 0.10649772460675498

[INFO] Non-IID 总分配样本数: 28750
  w_locals: 2456.80 MB
  gradient: 2456.80 MB
Round 78, Test Accuracy: 62.459999084472656, Loss: 1.043912128162384, Global training time: 0.0937915405408958

[INFO] Non-IID 总分配样本数: 26307
  w_locals: 2456.80 MB
  gradient: 2456.80 MB
Round 79, Test Accuracy: 62.939998626708984, Loss: 1.0338757607460023, Global training time: 0.06441794305611924

[INFO] Non-IID 总分配样本数: 23502
WARNING:root:[WARNING] 可供补充的样本不足，仅剩 852，将启用重复采样
  w_locals: 2456.80 MB
  gradient: 2456.80 MB
Round 80, Test Accuracy: 63.06999969482422, Loss: 1.033811009502411, Global training time: 0.02990074936829288

[WARNING] 请求样本数超过数据集，按比例缩放: 0.4151
[INFO] Non-IID 总分配样本数: 49984
  w_locals: 2456.80 MB
  gradient: 2456.80 MB
Round 81, Test Accuracy: 63.09000015258789, Loss: 1.030685825252533, Global training time: 0.01455578961305629

[INFO] Non-IID 总分配样本数: 27398
  w_locals: 2456.80 MB
  gradient: 2456.80 MB
Round 82, Test Accuracy: 63.27000045776367, Loss: 1.029766137123108, Global training time: 0.04009469403502078

[INFO] Non-IID 总分配样本数: 19202
  w_locals: 2456.80 MB
  gradient: 2456.80 MB
Round 83, Test Accuracy: 63.40999984741211, Loss: 1.017888230419159, Global training time: 0.028181776286506866

[INFO] Non-IID 总分配样本数: 37184
  w_locals: 2456.80 MB
  gradient: 2456.80 MB
Round 84, Test Accuracy: 63.83000183105469, Loss: 1.0104053631782532, Global training time: 0.0674773834652434

[INFO] Non-IID 总分配样本数: 26126
  w_locals: 2456.80 MB
  gradient: 2456.80 MB
Round 85, Test Accuracy: 62.810001373291016, Loss: 1.046287240409851, Global training time: 0.019464405219870265

[INFO] Non-IID 总分配样本数: 31265
  w_locals: 2456.80 MB
  gradient: 2456.80 MB
Round 86, Test Accuracy: 65.08999633789062, Loss: 0.9910066270828247, Global training time: 0.058127994896215035

[INFO] Non-IID 总分配样本数: 31774
  w_locals: 2456.80 MB
  gradient: 2456.80 MB
Round 87, Test Accuracy: 62.7400016784668, Loss: 1.0397767841339112, Global training time: 0.029882520294799896

[INFO] Non-IID 总分配样本数: 25653
  w_locals: 2456.80 MB
  gradient: 2456.80 MB
Round 88, Test Accuracy: 63.90999984741211, Loss: 1.016413496875763, Global training time: 0.031131184911018562

[INFO] Non-IID 总分配样本数: 25224
  w_locals: 2456.80 MB
  gradient: 2456.80 MB
Round 89, Test Accuracy: 64.5999984741211, Loss: 1.0060457815170287, Global training time: 0.02804759084566818

[INFO] Non-IID 总分配样本数: 31497
  w_locals: 2456.80 MB
  gradient: 2456.80 MB
Round 90, Test Accuracy: 65.37000274658203, Loss: 0.9772824199676514, Global training time: 0.03580249682509978

[INFO] Non-IID 总分配样本数: 29790
  w_locals: 2456.80 MB
  gradient: 2456.80 MB
Round 91, Test Accuracy: 65.94999694824219, Loss: 0.9653830812454224, Global training time: 0.03585712689294151

[INFO] Non-IID 总分配样本数: 28053
  w_locals: 2456.80 MB
  gradient: 2456.80 MB
Round 92, Test Accuracy: 65.91000366210938, Loss: 0.9652425382614136, Global training time: 0.04337081493597221

[INFO] Non-IID 总分配样本数: 36847
  w_locals: 2456.80 MB
  gradient: 2456.80 MB
Round 93, Test Accuracy: 66.55000305175781, Loss: 0.9510114587783813, Global training time: 0.06955758322979125

[INFO] Non-IID 总分配样本数: 34595
  w_locals: 2456.80 MB
  gradient: 2456.80 MB
Round 94, Test Accuracy: 66.48999786376953, Loss: 0.949740198802948, Global training time: 0.04678443892534802

[INFO] Non-IID 总分配样本数: 25355
  w_locals: 2456.80 MB
  gradient: 2456.80 MB
Round 95, Test Accuracy: 66.9000015258789, Loss: 0.9474513653755188, Global training time: 0.035375488502051425

[INFO] Non-IID 总分配样本数: 25059
  w_locals: 2456.80 MB
  gradient: 2456.80 MB
Round 96, Test Accuracy: 64.4800033569336, Loss: 0.9984604274749755, Global training time: 0.03789333387792944

[INFO] Non-IID 总分配样本数: 30988
  w_locals: 2456.80 MB
  gradient: 2456.80 MB
Round 97, Test Accuracy: 67.30999755859375, Loss: 0.9308915654182434, Global training time: 0.0417594033400601

[INFO] Non-IID 总分配样本数: 25272
  w_locals: 2456.80 MB
  gradient: 2456.80 MB
Round 98, Test Accuracy: 66.41999816894531, Loss: 0.9518445241928101, Global training time: 0.029313446204599303

[INFO] Non-IID 总分配样本数: 21805
  w_locals: 2456.80 MB
  gradient: 2456.80 MB
Round 99, Test Accuracy: 67.3499984741211, Loss: 0.9208561554908753, Global training time: 0.042926114813976304

[INFO] Non-IID 总分配样本数: 27777
  w_locals: 2456.80 MB
  gradient: 2456.80 MB
Round 100, Test Accuracy: 66.18000030517578, Loss: 0.9673976636886596, Global training time: 0.03568223949928351

成功保存数据pkl文件
OnlineFL已训练完成，最终结果： {'ais': 2, 'test_accuracies': [tensor(66.1800)], 'global_round_accuracies': [[tensor(10.0100), tensor(13.2100), tensor(10.0200), tensor(10.8800), tensor(10.), tensor(17.5400), tensor(10.0100), tensor(20.1800), tensor(23.6300), tensor(25.3100), tensor(26.5400), tensor(27.4100), tensor(27.6300), tensor(28.5800), tensor(29.9800), tensor(32.8800), tensor(33.8600), tensor(34.3800), tensor(36.3100), tensor(37.0800), tensor(38.3600), tensor(38.0800), tensor(38.2300), tensor(40.1600), tensor(40.6600), tensor(40.5700), tensor(40.9600), tensor(42.6100), tensor(42.6900), tensor(44.3900), tensor(43.7900), tensor(45.5500), tensor(45.5200), tensor(46.6400), tensor(46.1800), tensor(47.5900), tensor(48.2000), tensor(48.6600), tensor(49.8700), tensor(49.4400), tensor(49.9600), tensor(51.1600), tensor(50.5700), tensor(51.1000), tensor(51.3200), tensor(52.3000), tensor(53.4700), tensor(53.0100), tensor(52.9100), tensor(54.4800), tensor(54.7000), tensor(53.9900), tensor(55.3300), tensor(55.0900), tensor(55.6600), tensor(52.4100), tensor(56.6900), tensor(57.5000), tensor(57.3700), tensor(56.3500), tensor(57.6900), tensor(58.1900), tensor(57.8400), tensor(59.2600), tensor(59.4100), tensor(59.0300), tensor(59.0800), tensor(58.7900), tensor(59.4500), tensor(61.2100), tensor(60.3500), tensor(61.4400), tensor(61.1100), tensor(56.8800), tensor(60.4000), tensor(62.6400), tensor(62.4700), tensor(62.4600), tensor(62.9400), tensor(63.0700), tensor(63.0900), tensor(63.2700), tensor(63.4100), tensor(63.8300), tensor(62.8100), tensor(65.0900), tensor(62.7400), tensor(63.9100), tensor(64.6000), tensor(65.3700), tensor(65.9500), tensor(65.9100), tensor(66.5500), tensor(66.4900), tensor(66.9000), tensor(64.4800), tensor(67.3100), tensor(66.4200), tensor(67.3500), tensor(66.1800)]], 'global_round_times': [[np.float64(0.008805257904679707), np.float64(0.023193293639279657), np.float64(0.03170889437081337), np.float64(0.020245737319830547), np.float64(0.03472143649788637), np.float64(0.02689026775184751), np.float64(0.030687003769209898), np.float64(0.027555411232721302), np.float64(0.02050718103516153), np.float64(0.019788837007973157), np.float64(0.017277441073505862), np.float64(0.037352734439316686), np.float64(0.0339877455156507), np.float64(0.03076747325440472), np.float64(0.02151681214162739), np.float64(0.027439966054919298), np.float64(0.03955070487012137), np.float64(0.02555568513476945), np.float64(0.060033399278194274), np.float64(0.024200301036861233), np.float64(0.008644890640087926), np.float64(0.018613677084764222), np.float64(0.02530859582860859), np.float64(0.022266381699055853), np.float64(0.04288862175530239), np.float64(0.01887377222228842), np.float64(0.032485850414453295), np.float64(0.02945177916553473), np.float64(0.03896677146472941), np.float64(0.02577946573605632), np.float64(0.03826836626246438), np.float64(0.03314659340593633), np.float64(0.023335318739423717), np.float64(0.036693159946480924), np.float64(0.04503516720525275), np.float64(0.02943151179626972), np.float64(0.026487862136334243), np.float64(0.035798580962270884), np.float64(0.04513880401283818), np.float64(0.0506171929150802), np.float64(0.009275359978775254), np.float64(0.019909722436906956), np.float64(0.00961808548481113), np.float64(0.016136618119143464), np.float64(0.02704963512506442), np.float64(0.04309535468851579), np.float64(0.02518954934987306), np.float64(0.02223824106491347), np.float64(0.03616831510208341), np.float64(0.009517114235516728), np.float64(0.02753085288842276), np.float64(0.01819454822956489), np.float64(0.030612850463278295), np.float64(0.019170038030003177), np.float64(0.030093589426562397), np.float64(0.02991756465826845), np.float64(0.03707078259485837), np.float64(0.0236258387958431), np.float64(0.03299551316275625), np.float64(0.01562775890692727), np.float64(0.011913687135705814), np.float64(0.03416317301487031), np.float64(0.0381063833393996), np.float64(0.05187429205024362), np.float64(0.0332827152660279), np.float64(0.0472063506668466), np.float64(0.04221898277020893), np.float64(0.0573376718857093), np.float64(0.06010717258660279), np.float64(0.058644296728410594), np.float64(0.029160665863494622), np.float64(0.04533340794961065), np.float64(0.05659526957731318), np.float64(0.06591957540875278), np.float64(0.06872032889819202), np.float64(0.05684891489034288), np.float64(0.10649772460675498), np.float64(0.0937915405408958), np.float64(0.06441794305611924), np.float64(0.02990074936829288), np.float64(0.01455578961305629), np.float64(0.04009469403502078), np.float64(0.028181776286506866), np.float64(0.0674773834652434), np.float64(0.019464405219870265), np.float64(0.058127994896215035), np.float64(0.029882520294799896), np.float64(0.031131184911018562), np.float64(0.02804759084566818), np.float64(0.03580249682509978), np.float64(0.03585712689294151), np.float64(0.04337081493597221), np.float64(0.06955758322979125), np.float64(0.04678443892534802), np.float64(0.035375488502051425), np.float64(0.03789333387792944), np.float64(0.0417594033400601), np.float64(0.029313446204599303), np.float64(0.042926114813976304), np.float64(0.03568223949928351)]]}

Time Slot 5 Results:
  Selected Devices: [4, 7, 18, 21, 42]
  Total Offload Data: 0.0000
  Sample Device Computation F: [np.float64(141.03670324552047), np.float64(63.772731042299824), np.float64(117.5155093524978), np.float64(239.2277597291782), np.float64(286.47527172245026)]
  Sample Final Data Amounts: [np.float64(0.0), np.float64(0.0), np.float64(0.0), np.float64(0.0), np.float64(84.95141983590874)]

Time Slot 10 Results:
  Selected Devices: [4, 7, 18, 21, 42]
  Total Offload Data: 0.0000
  Sample Device Computation F: [np.float64(317.7227252863815), np.float64(53.77953627600096), np.float64(111.40876630804716), np.float64(518.0249945374809), np.float64(304.96632781537664)]
  Sample Final Data Amounts: [np.float64(0.0), np.float64(0.0), np.float64(0.0), np.float64(0.0), np.float64(53.67827630653243)]

Time Slot 15 Results:
  Selected Devices: [4, 7, 18, 21, 42]
  Total Offload Data: 0.0000
  Sample Device Computation F: [np.float64(352.5186126375028), np.float64(76.87341064174946), np.float64(55.396723141595984), np.float64(202.81499196943602), np.float64(174.54433516094448)]
  Sample Final Data Amounts: [np.float64(0.0), np.float64(0.0), np.float64(0.0), np.float64(0.0), np.float64(76.80761523865364)]

Time Slot 20 Results:
  Selected Devices: [4, 7, 18, 21, 42]
  Total Offload Data: 0.0000
  Sample Device Computation F: [np.float64(138.2737802565381), np.float64(52.90757554203902), np.float64(119.48955607281451), np.float64(417.8853167919447), np.float64(297.6299234222626)]
  Sample Final Data Amounts: [np.float64(0.0), np.float64(0.0), np.float64(0.0), np.float64(0.0), np.float64(101.71137608728152)]

Time Slot 25 Results:
  Selected Devices: [4, 12, 16, 18, 29]
  Total Offload Data: 0.0000
  Sample Device Computation F: [np.float64(261.9127740743951), np.float64(62.490711111777415), np.float64(81.56988774631265), np.float64(228.53960630455342), np.float64(240.7683447745479)]
  Sample Final Data Amounts: [np.float64(0.0), np.float64(0.0), np.float64(0.0), np.float64(0.0), np.float64(64.4260920425193)]

Time Slot 30 Results:
  Selected Devices: [4, 12, 16, 18, 29]
  Total Offload Data: 0.0000
  Sample Device Computation F: [np.float64(376.13222561489073), np.float64(65.24468077636735), np.float64(74.63986121741891), np.float64(345.3347283332709), np.float64(152.08116265698905)]
  Sample Final Data Amounts: [np.float64(0.0), np.float64(0.0), np.float64(0.0), np.float64(0.0), np.float64(69.09329160793547)]

Time Slot 35 Results:
  Selected Devices: [4, 12, 16, 18, 29]
  Total Offload Data: 0.0000
  Sample Device Computation F: [np.float64(305.0015384464183), np.float64(68.31056807455725), np.float64(50.30650299948351), np.float64(229.04379289950415), np.float64(187.46078474381346)]
  Sample Final Data Amounts: [np.float64(0.0), np.float64(0.0), np.float64(0.0), np.float64(0.0), np.float64(94.17936417632724)]

Time Slot 40 Results:
  Selected Devices: [4, 12, 16, 18, 29]
  Total Offload Data: 0.0000
  Sample Device Computation F: [np.float64(228.17534487091615), np.float64(41.54665856773178), np.float64(102.02253033090919), np.float64(371.41881689048057), np.float64(129.50009609367385)]
  Sample Final Data Amounts: [np.float64(0.0), np.float64(0.0), np.float64(0.0), np.float64(0.0), np.float64(47.97444844801266)]

Time Slot 45 Results:
  Selected Devices: [12, 14, 18, 26, 41]
  Total Offload Data: 26.3252
  Sample Device Computation F: [np.float64(263.83515285719415), np.float64(40.89270487018352), np.float64(119.54663252970605), np.float64(522.1826555190614), np.float64(268.45132302032926)]
  Sample Final Data Amounts: [np.float64(0.0), np.float64(0.0), np.float64(0.0), np.float64(0.0), np.float64(0.0)]

Time Slot 50 Results:
  Selected Devices: [12, 14, 18, 26, 41]
  Total Offload Data: 0.0000
  Sample Device Computation F: [np.float64(318.17926571554904), np.float64(44.98852271507406), np.float64(77.90898395346146), np.float64(238.10375712450232), np.float64(303.32485939306804)]
  Sample Final Data Amounts: [np.float64(0.0), np.float64(0.0), np.float64(0.0), np.float64(0.0), np.float64(0.0)]

Time Slot 55 Results:
  Selected Devices: [12, 14, 18, 26, 41]
  Total Offload Data: 84.6549
  Sample Device Computation F: [np.float64(162.47426333369668), np.float64(73.09243820110254), np.float64(54.451658637575306), np.float64(383.89943715969673), np.float64(273.13041595463153)]
  Sample Final Data Amounts: [np.float64(0.0), np.float64(0.0), np.float64(0.0), np.float64(0.0), np.float64(0.0)]

Time Slot 60 Results:
  Selected Devices: [12, 14, 18, 26, 41]
  Total Offload Data: 0.0000
  Sample Device Computation F: [np.float64(385.97256254424605), np.float64(26.16912904843524), np.float64(100.63531240781609), np.float64(216.7067697157612), np.float64(187.4428429906599)]
  Sample Final Data Amounts: [np.float64(0.0), np.float64(0.0), np.float64(0.0), np.float64(0.0), np.float64(0.0)]

Time Slot 65 Results:
  Selected Devices: [12, 14, 25, 26, 34]
  Total Offload Data: 0.0000
  Sample Device Computation F: [np.float64(245.88775517760294), np.float64(51.767306852547776), np.float64(89.92353888957801), np.float64(536.1092822560627), np.float64(206.43157740133816)]
  Sample Final Data Amounts: [np.float64(0.0), np.float64(0.0), np.float64(0.0), np.float64(0.0), np.float64(0.0)]

Time Slot 70 Results:
  Selected Devices: [12, 14, 25, 26, 34]
  Total Offload Data: 0.0000
  Sample Device Computation F: [np.float64(366.4168576296081), np.float64(54.496882144593094), np.float64(54.61959792016646), np.float64(316.2402481972706), np.float64(130.4680392131443)]
  Sample Final Data Amounts: [np.float64(0.0), np.float64(0.0), np.float64(0.0), np.float64(0.0), np.float64(0.0)]

Time Slot 75 Results:
  Selected Devices: [12, 14, 25, 26, 34]
  Total Offload Data: 241.7779
  Sample Device Computation F: [np.float64(207.39424505319525), np.float64(72.34301178979568), np.float64(88.45624228679354), np.float64(451.97202853107507), np.float64(297.9754088112651)]
  Sample Final Data Amounts: [np.float64(0.0), np.float64(0.0), np.float64(0.0), np.float64(0.0), np.float64(0.0)]

Time Slot 80 Results:
  Selected Devices: [12, 14, 25, 26, 34]
  Total Offload Data: 0.0000
  Sample Device Computation F: [np.float64(230.00891861367603), np.float64(67.91997211277126), np.float64(112.59940188441479), np.float64(231.3383869415768), np.float64(269.4913761686844)]
  Sample Final Data Amounts: [np.float64(0.0), np.float64(0.0), np.float64(0.0), np.float64(0.0), np.float64(0.0)]

Time Slot 85 Results:
  Selected Devices: [18, 26, 33, 40, 46]
  Total Offload Data: 0.0000
  Sample Device Computation F: [np.float64(265.2444514137754), np.float64(26.00153389807127), np.float64(52.5852508616457), np.float64(451.2072684877827), np.float64(229.556798483518)]
  Sample Final Data Amounts: [np.float64(0.0), np.float64(0.0), np.float64(0.0), np.float64(0.0), np.float64(0.0)]

Time Slot 90 Results:
  Selected Devices: [18, 26, 33, 40, 46]
  Total Offload Data: 0.0000
  Sample Device Computation F: [np.float64(226.52330173117645), np.float64(61.594054305651284), np.float64(109.35587902043093), np.float64(263.853682411595), np.float64(277.8542326399578)]
  Sample Final Data Amounts: [np.float64(0.0), np.float64(0.0), np.float64(0.0), np.float64(0.0), np.float64(0.0)]

Time Slot 95 Results:
  Selected Devices: [18, 26, 33, 40, 46]
  Total Offload Data: 0.0000
  Sample Device Computation F: [np.float64(223.88970956860337), np.float64(70.19956473527013), np.float64(74.4847924880508), np.float64(456.4271686011118), np.float64(191.04308703257482)]
  Sample Final Data Amounts: [np.float64(0.0), np.float64(0.0), np.float64(0.0), np.float64(0.0), np.float64(0.0)]

Time Slot 100 Results:
  Selected Devices: [18, 26, 33, 40, 46]
  Total Offload Data: 57.2561
  Sample Device Computation F: [np.float64(172.00157705326578), np.float64(71.25855416731567), np.float64(64.36577012780302), np.float64(317.78064180370615), np.float64(140.87722528058788)]
  Sample Final Data Amounts: [np.float64(0.0), np.float64(0.0), np.float64(0.0), np.float64(0.0), np.float64(0.0)]

=== 仿真结果 (N=50) ===
平均吞吐量:
  提出的方法 (T=20): 383.9631
  本地执行: 232.7579
  静态编排: 140.3970
  提出的方法 (T1=20): 383.9631WARNING:root:[WARNING] 可供补充的样本不足，仅剩 1104，将启用重复采样

step1 获取到100个时隙的工作节点以及实际训练量
目标准确率：55.0，目标epoch：100
non-iid
[WARNING] 请求样本数超过数据集，按比例缩放: 0.4280
[INFO] Non-IID 总分配样本数: 49978
  w_locals: 2456.80 MB
  gradient: 2456.80 MB
Round 1, Test Accuracy: 10.010000228881836, Loss: 2.3017513641357423, Global training time: 0.015514539863974818

[INFO] Non-IID 总分配样本数: 35271
  w_locals: 2456.80 MB
  gradient: 2456.80 MB
Round 2, Test Accuracy: 9.989999771118164, Loss: 2.2986623245239257, Global training time: 0.03331956440454608

[INFO] Non-IID 总分配样本数: 25940
  w_locals: 2456.80 MB
  gradient: 2456.80 MB
Round 3, Test Accuracy: 10.300000190734863, Loss: 2.2969512130737306, Global training time: 0.05213632980522375

[INFO] Non-IID 总分配样本数: 28315
  w_locals: 2456.80 MB
  gradient: 2456.80 MB
Round 4, Test Accuracy: 10.079999923706055, Loss: 2.2950974182128907, Global training time: 0.02970186893307573

[INFO] Non-IID 总分配样本数: 29954
  w_locals: 2456.80 MB
  gradient: 2456.80 MB
Round 5, Test Accuracy: 11.350000381469727, Loss: 2.292558648300171, Global training time: 0.05361155010621766

[INFO] Non-IID 总分配样本数: 25569
  w_locals: 2456.80 MB
  gradient: 2456.80 MB
Round 6, Test Accuracy: 10.0, Loss: 2.289770404434204, Global training time: 0.04876191447203243

[INFO] Non-IID 总分配样本数: 33172
  w_locals: 2456.80 MB
  gradient: 2456.80 MB
Round 7, Test Accuracy: 10.039999961853027, Loss: 2.284309641265869, Global training time: 0.05556040761485431

[INFO] Non-IID 总分配样本数: 26934
  w_locals: 2456.80 MB
  gradient: 2456.80 MB
Round 8, Test Accuracy: 10.84000015258789, Loss: 2.277875478363037, Global training time: 0.0447281709309866

[INFO] Non-IID 总分配样本数: 24177
  w_locals: 2456.80 MB
  gradient: 2456.80 MB
Round 9, Test Accuracy: 10.390000343322754, Loss: 2.267653159713745, Global training time: 0.03090917365333062

[INFO] Non-IID 总分配样本数: 21750
  w_locals: 2456.80 MB
  gradient: 2456.80 MB
Round 10, Test Accuracy: 13.619999885559082, Loss: 2.2511500896453858, Global training time: 0.04066599958028792

[INFO] Non-IID 总分配样本数: 28286
  w_locals: 2456.80 MB
  gradient: 2456.80 MB
Round 11, Test Accuracy: 23.040000915527344, Loss: 2.2065020626068117, Global training time: 0.028874532300573057

[INFO] Non-IID 总分配样本数: 32861
  w_locals: 2456.80 MB
  gradient: 2456.80 MB
Round 12, Test Accuracy: 22.920000076293945, Loss: 2.109658324432373, Global training time: 0.059548302211056676

[INFO] Non-IID 总分配样本数: 26194
  w_locals: 2456.80 MB
  gradient: 2456.80 MB
Round 13, Test Accuracy: 27.969999313354492, Loss: 2.022049841117859, Global training time: 0.052417618048503895

[INFO] Non-IID 总分配样本数: 28350
  w_locals: 2456.80 MB
  gradient: 2456.80 MB
Round 14, Test Accuracy: 27.309999465942383, Loss: 1.966862092781067, Global training time: 0.04826768942871596

[INFO] Non-IID 总分配样本数: 29563
  w_locals: 2456.80 MB
  gradient: 2456.80 MB
Round 15, Test Accuracy: 30.1299991607666, Loss: 1.9187108612060546, Global training time: 0.03895034315606794

[INFO] Non-IID 总分配样本数: 27919
  w_locals: 2456.80 MB
  gradient: 2456.80 MB
Round 16, Test Accuracy: 31.360000610351562, Loss: 1.8804272211074828, Global training time: 0.04115995148986276

[INFO] Non-IID 总分配样本数: 33057
  w_locals: 2456.80 MB
  gradient: 2456.80 MB
Round 17, Test Accuracy: 31.670000076293945, Loss: 1.8198704685211182, Global training time: 0.06006894091179877

[INFO] Non-IID 总分配样本数: 31344
  w_locals: 2456.80 MB
  gradient: 2456.80 MB
Round 18, Test Accuracy: 34.86000061035156, Loss: 1.7614236455917358, Global training time: 0.03656015522748358

[INFO] Non-IID 总分配样本数: 37585
  w_locals: 2456.80 MB
  gradient: 2456.80 MB
Round 19, Test Accuracy: 33.779998779296875, Loss: 1.770712446784973, Global training time: 0.08686977003180121

[INFO] Non-IID 总分配样本数: 29658
WARNING:root:[WARNING] 可供补充的样本不足，仅剩 379，将启用重复采样
  w_locals: 2456.80 MB
  gradient: 2456.80 MB
Round 20, Test Accuracy: 36.40999984741211, Loss: 1.6903031044006347, Global training time: 0.03553958322044062

[WARNING] 请求样本数超过数据集，按比例缩放: 0.4252
[INFO] Non-IID 总分配样本数: 49994
  w_locals: 2456.80 MB
  gradient: 2456.80 MB
Round 21, Test Accuracy: 37.20000076293945, Loss: 1.65981984539032, Global training time: 0.014930758205273197

[INFO] Non-IID 总分配样本数: 22763
  w_locals: 2456.80 MB
  gradient: 2456.80 MB
Round 22, Test Accuracy: 37.5099983215332, Loss: 1.6531650569915772, Global training time: 0.02859379439964527

[INFO] Non-IID 总分配样本数: 25409
  w_locals: 2456.80 MB
  gradient: 2456.80 MB
Round 23, Test Accuracy: 38.36000061035156, Loss: 1.6320221250534057, Global training time: 0.03791517635058832

[INFO] Non-IID 总分配样本数: 29188
  w_locals: 2456.80 MB
  gradient: 2456.80 MB
Round 24, Test Accuracy: 39.97999954223633, Loss: 1.5982173591613769, Global training time: 0.03645086378001668

[INFO] Non-IID 总分配样本数: 28305
  w_locals: 2456.80 MB
  gradient: 2456.80 MB
Round 25, Test Accuracy: 39.900001525878906, Loss: 1.5917122402191162, Global training time: 0.0665765400453442

[INFO] Non-IID 总分配样本数: 27467
  w_locals: 2456.80 MB
  gradient: 2456.80 MB
Round 26, Test Accuracy: 40.84000015258789, Loss: 1.5678972480773925, Global training time: 0.03272986865582505

[INFO] Non-IID 总分配样本数: 34423
  w_locals: 2456.80 MB
  gradient: 2456.80 MB
Round 27, Test Accuracy: 41.58000183105469, Loss: 1.5534307777404786, Global training time: 0.05197210450808608

[INFO] Non-IID 总分配样本数: 25537
  w_locals: 2456.80 MB
  gradient: 2456.80 MB
Round 28, Test Accuracy: 41.70000076293945, Loss: 1.5516277503967286, Global training time: 0.04231742969185125

[INFO] Non-IID 总分配样本数: 31749
  w_locals: 2456.80 MB
  gradient: 2456.80 MB
Round 29, Test Accuracy: 43.689998626708984, Loss: 1.5128010175704956, Global training time: 0.05973070034476323

[INFO] Non-IID 总分配样本数: 30616
  w_locals: 2456.80 MB
  gradient: 2456.80 MB
Round 30, Test Accuracy: 43.22999954223633, Loss: 1.5271094644546508, Global training time: 0.03706072364241732

[INFO] Non-IID 总分配样本数: 24977
  w_locals: 2456.80 MB
  gradient: 2456.80 MB
Round 31, Test Accuracy: 43.34000015258789, Loss: 1.5395823459625244, Global training time: 0.061765194191139045

[INFO] Non-IID 总分配样本数: 32396
  w_locals: 2456.80 MB
  gradient: 2456.80 MB
Round 32, Test Accuracy: 45.40999984741211, Loss: 1.4690021614074706, Global training time: 0.0333198213530861

[INFO] Non-IID 总分配样本数: 25980
  w_locals: 2456.80 MB
  gradient: 2456.80 MB
Round 33, Test Accuracy: 45.529998779296875, Loss: 1.4666226278305055, Global training time: 0.02137327997084904

[INFO] Non-IID 总分配样本数: 36078
  w_locals: 2456.80 MB
  gradient: 2456.80 MB
Round 34, Test Accuracy: 47.25, Loss: 1.4364487842559814, Global training time: 0.03800140386415556

[INFO] Non-IID 总分配样本数: 30961
  w_locals: 2456.80 MB
  gradient: 2456.80 MB
Round 35, Test Accuracy: 46.529998779296875, Loss: 1.4280730033874511, Global training time: 0.04053604157319384

[INFO] Non-IID 总分配样本数: 26677
  w_locals: 2456.80 MB
  gradient: 2456.80 MB
Round 36, Test Accuracy: 48.0099983215332, Loss: 1.4123436771392823, Global training time: 0.032459580448509655

[INFO] Non-IID 总分配样本数: 29473
  w_locals: 2456.80 MB
  gradient: 2456.80 MB
Round 37, Test Accuracy: 48.630001068115234, Loss: 1.3903250579833983, Global training time: 0.03003534910281558

[INFO] Non-IID 总分配样本数: 32535
  w_locals: 2456.80 MB
  gradient: 2456.80 MB
Round 38, Test Accuracy: 48.470001220703125, Loss: 1.3997174409866333, Global training time: 0.03039826724340884

[INFO] Non-IID 总分配样本数: 37072
  w_locals: 2456.80 MB
  gradient: 2456.80 MB
Round 39, Test Accuracy: 49.58000183105469, Loss: 1.3593175352096558, Global training time: 0.04500452430113328

[INFO] Non-IID 总分配样本数: 29111
WARNING:root:[WARNING] 可供补充的样本不足，仅剩 802，将启用重复采样
  w_locals: 2456.80 MB
  gradient: 2456.80 MB
Round 40, Test Accuracy: 50.11000061035156, Loss: 1.3564253335952758, Global training time: 0.056035572026783345

[WARNING] 请求样本数超过数据集，按比例缩放: 0.4012
[INFO] Non-IID 总分配样本数: 49980
  w_locals: 2456.80 MB
  gradient: 2456.80 MB
Round 41, Test Accuracy: 50.72999954223633, Loss: 1.3365618223190308, Global training time: 0.0112493745552839

[INFO] Non-IID 总分配样本数: 26769
  w_locals: 2456.80 MB
  gradient: 2456.80 MB
Round 42, Test Accuracy: 51.349998474121094, Loss: 1.3331487434387208, Global training time: 0.019202580273040306

[INFO] Non-IID 总分配样本数: 16322
  w_locals: 2456.80 MB
  gradient: 2456.80 MB
Round 43, Test Accuracy: 51.150001525878906, Loss: 1.326758889579773, Global training time: 0.009370413705991131

[INFO] Non-IID 总分配样本数: 31916
  w_locals: 2456.80 MB
  gradient: 2456.80 MB
Round 44, Test Accuracy: 50.41999816894531, Loss: 1.3519080257415772, Global training time: 0.018019674377331634

[INFO] Non-IID 总分配样本数: 21381
  w_locals: 2456.80 MB
  gradient: 2456.80 MB
Round 45, Test Accuracy: 52.380001068115234, Loss: 1.299094052696228, Global training time: 0.027935911554284938

[INFO] Non-IID 总分配样本数: 34078
  w_locals: 2456.80 MB
  gradient: 2456.80 MB
Round 46, Test Accuracy: 52.939998626708984, Loss: 1.2893615911483765, Global training time: 0.04460604632670552

[INFO] Non-IID 总分配样本数: 33198
  w_locals: 2456.80 MB
  gradient: 2456.80 MB
Round 47, Test Accuracy: 53.58000183105469, Loss: 1.2717014219284057, Global training time: 0.026852716410635205

[INFO] Non-IID 总分配样本数: 23524
  w_locals: 2456.80 MB
  gradient: 2456.80 MB
Round 48, Test Accuracy: 53.7400016784668, Loss: 1.2650384992599488, Global training time: 0.022112222569996204

[INFO] Non-IID 总分配样本数: 27217
  w_locals: 2456.80 MB
  gradient: 2456.80 MB
Round 49, Test Accuracy: 54.27000045776367, Loss: 1.258676861190796, Global training time: 0.03650641023118507

[INFO] Non-IID 总分配样本数: 20266
  w_locals: 2456.80 MB
  gradient: 2456.80 MB
Round 50, Test Accuracy: 51.290000915527344, Loss: 1.3227550260543823, Global training time: 0.010278421448331963

[INFO] Non-IID 总分配样本数: 25168
  w_locals: 2456.80 MB
  gradient: 2456.80 MB
Round 51, Test Accuracy: 53.59000015258789, Loss: 1.2678654893875123, Global training time: 0.027757791537845817

[INFO] Non-IID 总分配样本数: 23941
  w_locals: 2456.80 MB
  gradient: 2456.80 MB
Round 52, Test Accuracy: 54.2599983215332, Loss: 1.2676772977828978, Global training time: 0.018268149971602945

[INFO] Non-IID 总分配样本数: 35220
  w_locals: 2456.80 MB
  gradient: 2456.80 MB
Round 53, Test Accuracy: 55.810001373291016, Loss: 1.2183808530807496, Global training time: 0.030474879475031493

[INFO] Non-IID 总分配样本数: 23127
  w_locals: 2456.80 MB
  gradient: 2456.80 MB
Round 54, Test Accuracy: 55.27000045776367, Loss: 1.2325530723571778, Global training time: 0.020433502322495103

[INFO] Non-IID 总分配样本数: 25540
  w_locals: 2456.80 MB
  gradient: 2456.80 MB
Round 55, Test Accuracy: 56.18000030517578, Loss: 1.2058506175994872, Global training time: 0.030139924514485633

[INFO] Non-IID 总分配样本数: 32626
  w_locals: 2456.80 MB
  gradient: 2456.80 MB
Round 56, Test Accuracy: 57.31999969482422, Loss: 1.186287416267395, Global training time: 0.028586126578539452

[INFO] Non-IID 总分配样本数: 31038
  w_locals: 2456.80 MB
  gradient: 2456.80 MB
Round 57, Test Accuracy: 57.790000915527344, Loss: 1.168850714111328, Global training time: 0.035669610191579555

[INFO] Non-IID 总分配样本数: 29369
  w_locals: 2456.80 MB
  gradient: 2456.80 MB
Round 58, Test Accuracy: 57.83000183105469, Loss: 1.1698444478988648, Global training time: 0.02325358286291982

[INFO] Non-IID 总分配样本数: 31929
  w_locals: 2456.80 MB
  gradient: 2456.80 MB
Round 59, Test Accuracy: 58.400001525878906, Loss: 1.1539607202529907, Global training time: 0.030046436620006296

[INFO] Non-IID 总分配样本数: 19878
WARNING:root:[WARNING] 可供补充的样本不足，仅剩 412，将启用重复采样
  w_locals: 2456.80 MB
  gradient: 2456.80 MB
Round 60, Test Accuracy: 57.45000076293945, Loss: 1.1709088234901428, Global training time: 0.01641071387379374

[WARNING] 请求样本数超过数据集，按比例缩放: 0.4681
[INFO] Non-IID 总分配样本数: 49992
  w_locals: 2456.80 MB
  gradient: 2456.80 MB
Round 61, Test Accuracy: 57.209999084472656, Loss: 1.1647273397445679, Global training time: 0.011566781192698961

[INFO] Non-IID 总分配样本数: 26284
  w_locals: 2456.80 MB
  gradient: 2456.80 MB
Round 62, Test Accuracy: 58.880001068115234, Loss: 1.1537062866210936, Global training time: 0.03511102120147645

[INFO] Non-IID 总分配样本数: 27031
  w_locals: 2456.80 MB
  gradient: 2456.80 MB
Round 63, Test Accuracy: 58.720001220703125, Loss: 1.1572634449005128, Global training time: 0.03991092917976237

[INFO] Non-IID 总分配样本数: 31191
  w_locals: 2456.80 MB
  gradient: 2456.80 MB
Round 64, Test Accuracy: 59.900001525878906, Loss: 1.1139749279022217, Global training time: 0.05252192454835191

[INFO] Non-IID 总分配样本数: 21093
  w_locals: 2456.80 MB
  gradient: 2456.80 MB
Round 65, Test Accuracy: 59.31999969482422, Loss: 1.1281992857933045, Global training time: 0.03278580549981341

[INFO] Non-IID 总分配样本数: 18823
  w_locals: 2456.80 MB
  gradient: 2456.80 MB
Round 66, Test Accuracy: 60.0, Loss: 1.1126626889228821, Global training time: 0.04766146113138622

[INFO] Non-IID 总分配样本数: 32859
  w_locals: 2456.80 MB
  gradient: 2456.80 MB
Round 67, Test Accuracy: 59.81999969482422, Loss: 1.1159819702148437, Global training time: 0.05027987409613344

[INFO] Non-IID 总分配样本数: 28951
  w_locals: 2456.80 MB
  gradient: 2456.80 MB
Round 68, Test Accuracy: 60.79999923706055, Loss: 1.0948543388366698, Global training time: 0.05617229889587507

[INFO] Non-IID 总分配样本数: 19384
  w_locals: 2456.80 MB
  gradient: 2456.80 MB
Round 69, Test Accuracy: 60.36000061035156, Loss: 1.113419168281555, Global training time: 0.05924018431763063

[INFO] Non-IID 总分配样本数: 29832
  w_locals: 2456.80 MB
  gradient: 2456.80 MB
Round 70, Test Accuracy: 61.20000076293945, Loss: 1.0770151903152465, Global training time: 0.0554504600324035

[INFO] Non-IID 总分配样本数: 20451
  w_locals: 2456.80 MB
  gradient: 2456.80 MB
Round 71, Test Accuracy: 61.45000076293945, Loss: 1.0724569187164306, Global training time: 0.02963275590518738

[INFO] Non-IID 总分配样本数: 32586
  w_locals: 2456.80 MB
  gradient: 2456.80 MB
Round 72, Test Accuracy: 61.880001068115234, Loss: 1.0641367696762085, Global training time: 0.044079206191683554

[INFO] Non-IID 总分配样本数: 25183
  w_locals: 2456.80 MB
  gradient: 2456.80 MB
Round 73, Test Accuracy: 61.84000015258789, Loss: 1.072694021987915, Global training time: 0.05769210918420376

[INFO] Non-IID 总分配样本数: 28227
  w_locals: 2456.80 MB
  gradient: 2456.80 MB
Round 74, Test Accuracy: 62.0099983215332, Loss: 1.0666409107208252, Global training time: 0.05035609286517028

[INFO] Non-IID 总分配样本数: 33726
  w_locals: 2456.80 MB
  gradient: 2456.80 MB
Round 75, Test Accuracy: 62.099998474121094, Loss: 1.062272153186798, Global training time: 0.04371084262860169

[INFO] Non-IID 总分配样本数: 32988
  w_locals: 2456.80 MB
  gradient: 2456.80 MB
Round 76, Test Accuracy: 62.459999084472656, Loss: 1.0466227033615112, Global training time: 0.04027892086112512

[INFO] Non-IID 总分配样本数: 32386
  w_locals: 2456.80 MB
  gradient: 2456.80 MB
Round 77, Test Accuracy: 62.630001068115234, Loss: 1.0401170680999756, Global training time: 0.06778429540830166

[INFO] Non-IID 总分配样本数: 28750
  w_locals: 2456.80 MB
  gradient: 2456.80 MB
Round 78, Test Accuracy: 63.59000015258789, Loss: 1.0375243178367615, Global training time: 0.06421654019612329

[INFO] Non-IID 总分配样本数: 26307
  w_locals: 2456.80 MB
  gradient: 2456.80 MB
Round 79, Test Accuracy: 63.900001525878906, Loss: 1.0176488268852233, Global training time: 0.04488282281231428

[INFO] Non-IID 总分配样本数: 23502
WARNING:root:[WARNING] 可供补充的样本不足，仅剩 1453，将启用重复采样
  w_locals: 2456.80 MB
  gradient: 2456.80 MB
Round 80, Test Accuracy: 64.52999877929688, Loss: 1.0072263723373414, Global training time: 0.01983744036983219

[WARNING] 请求样本数超过数据集，按比例缩放: 0.4151
[INFO] Non-IID 总分配样本数: 49967
  w_locals: 2456.80 MB
  gradient: 2456.80 MB
Round 81, Test Accuracy: 63.959999084472656, Loss: 1.0193349571228028, Global training time: 0.008484662785177132

[INFO] Non-IID 总分配样本数: 27398
  w_locals: 2456.80 MB
  gradient: 2456.80 MB
Round 82, Test Accuracy: 62.900001525878906, Loss: 1.053006126022339, Global training time: 0.02756771849192252

[INFO] Non-IID 总分配样本数: 19202
  w_locals: 2456.80 MB
  gradient: 2456.80 MB
Round 83, Test Accuracy: 64.43000030517578, Loss: 0.9990438442230225, Global training time: 0.01781588244207715

[INFO] Non-IID 总分配样本数: 37184
  w_locals: 2456.80 MB
  gradient: 2456.80 MB
Round 84, Test Accuracy: 63.16999816894531, Loss: 1.0430795092582703, Global training time: 0.042665836869176764

[INFO] Non-IID 总分配样本数: 26126
  w_locals: 2456.80 MB
  gradient: 2456.80 MB
Round 85, Test Accuracy: 62.880001068115234, Loss: 1.0518941788673402, Global training time: 0.01188520711869341

[INFO] Non-IID 总分配样本数: 31265
  w_locals: 2456.80 MB
  gradient: 2456.80 MB
Round 86, Test Accuracy: 65.79000091552734, Loss: 0.973292129611969, Global training time: 0.03800510487330365

[INFO] Non-IID 总分配样本数: 31774
  w_locals: 2456.80 MB
  gradient: 2456.80 MB
Round 87, Test Accuracy: 63.29999923706055, Loss: 1.034721969985962, Global training time: 0.022598494256551274

[INFO] Non-IID 总分配样本数: 25653
  w_locals: 2456.80 MB
  gradient: 2456.80 MB
Round 88, Test Accuracy: 65.93000030517578, Loss: 0.9672441618919373, Global training time: 0.01962802855922402

[INFO] Non-IID 总分配样本数: 25224
  w_locals: 2456.80 MB
  gradient: 2456.80 MB
Round 89, Test Accuracy: 65.62999725341797, Loss: 0.9780957284927368, Global training time: 0.015686130934097715

[INFO] Non-IID 总分配样本数: 31497
  w_locals: 2456.80 MB
  gradient: 2456.80 MB
Round 90, Test Accuracy: 64.19999694824219, Loss: 1.00791921043396, Global training time: 0.02525216375538651

[INFO] Non-IID 总分配样本数: 29790
  w_locals: 2456.80 MB
  gradient: 2456.80 MB
Round 91, Test Accuracy: 66.18000030517578, Loss: 0.969931736087799, Global training time: 0.021697192962436575

[INFO] Non-IID 总分配样本数: 28053
  w_locals: 2456.80 MB
  gradient: 2456.80 MB
Round 92, Test Accuracy: 65.58999633789062, Loss: 0.978083203125, Global training time: 0.030391814770937782

[INFO] Non-IID 总分配样本数: 36847
  w_locals: 2456.80 MB
  gradient: 2456.80 MB
Round 93, Test Accuracy: 66.5999984741211, Loss: 0.9560993734359742, Global training time: 0.04020501861797112

[INFO] Non-IID 总分配样本数: 34595
  w_locals: 2456.80 MB
  gradient: 2456.80 MB
Round 94, Test Accuracy: 67.02999877929688, Loss: 0.9423700703620911, Global training time: 0.027982253580407054

[INFO] Non-IID 总分配样本数: 25355
  w_locals: 2456.80 MB
  gradient: 2456.80 MB
Round 95, Test Accuracy: 67.08999633789062, Loss: 0.9416610692977905, Global training time: 0.02122595034462189

[INFO] Non-IID 总分配样本数: 25059
  w_locals: 2456.80 MB
  gradient: 2456.80 MB
Round 96, Test Accuracy: 67.04000091552734, Loss: 0.9520390524864196, Global training time: 0.026572967828517563

[INFO] Non-IID 总分配样本数: 30988
  w_locals: 2456.80 MB
  gradient: 2456.80 MB
Round 97, Test Accuracy: 67.86000061035156, Loss: 0.9212094977378845, Global training time: 0.027973590917263095

[INFO] Non-IID 总分配样本数: 25272
  w_locals: 2456.80 MB
  gradient: 2456.80 MB
Round 98, Test Accuracy: 67.94000244140625, Loss: 0.916829949092865, Global training time: 0.017944357053445038

[INFO] Non-IID 总分配样本数: 21805
  w_locals: 2456.80 MB
  gradient: 2456.80 MB
Round 99, Test Accuracy: 68.12000274658203, Loss: 0.9178752694129944, Global training time: 0.02568240288498161

[INFO] Non-IID 总分配样本数: 27777
  w_locals: 2456.80 MB
  gradient: 2456.80 MB
Round 100, Test Accuracy: 67.73999786376953, Loss: 0.9246592617034912, Global training time: 0.021217883929000876

成功保存数据pkl文件
OnlineFL已训练完成，最终结果： {'ais': 2, 'test_accuracies': [tensor(67.7400)], 'global_round_accuracies': [[tensor(10.0100), tensor(9.9900), tensor(10.3000), tensor(10.0800), tensor(11.3500), tensor(10.), tensor(10.0400), tensor(10.8400), tensor(10.3900), tensor(13.6200), tensor(23.0400), tensor(22.9200), tensor(27.9700), tensor(27.3100), tensor(30.1300), tensor(31.3600), tensor(31.6700), tensor(34.8600), tensor(33.7800), tensor(36.4100), tensor(37.2000), tensor(37.5100), tensor(38.3600), tensor(39.9800), tensor(39.9000), tensor(40.8400), tensor(41.5800), tensor(41.7000), tensor(43.6900), tensor(43.2300), tensor(43.3400), tensor(45.4100), tensor(45.5300), tensor(47.2500), tensor(46.5300), tensor(48.0100), tensor(48.6300), tensor(48.4700), tensor(49.5800), tensor(50.1100), tensor(50.7300), tensor(51.3500), tensor(51.1500), tensor(50.4200), tensor(52.3800), tensor(52.9400), tensor(53.5800), tensor(53.7400), tensor(54.2700), tensor(51.2900), tensor(53.5900), tensor(54.2600), tensor(55.8100), tensor(55.2700), tensor(56.1800), tensor(57.3200), tensor(57.7900), tensor(57.8300), tensor(58.4000), tensor(57.4500), tensor(57.2100), tensor(58.8800), tensor(58.7200), tensor(59.9000), tensor(59.3200), tensor(60.), tensor(59.8200), tensor(60.8000), tensor(60.3600), tensor(61.2000), tensor(61.4500), tensor(61.8800), tensor(61.8400), tensor(62.0100), tensor(62.1000), tensor(62.4600), tensor(62.6300), tensor(63.5900), tensor(63.9000), tensor(64.5300), tensor(63.9600), tensor(62.9000), tensor(64.4300), tensor(63.1700), tensor(62.8800), tensor(65.7900), tensor(63.3000), tensor(65.9300), tensor(65.6300), tensor(64.2000), tensor(66.1800), tensor(65.5900), tensor(66.6000), tensor(67.0300), tensor(67.0900), tensor(67.0400), tensor(67.8600), tensor(67.9400), tensor(68.1200), tensor(67.7400)]], 'global_round_times': [[np.float64(0.015514539863974818), np.float64(0.03331956440454608), np.float64(0.05213632980522375), np.float64(0.02970186893307573), np.float64(0.05361155010621766), np.float64(0.04876191447203243), np.float64(0.05556040761485431), np.float64(0.0447281709309866), np.float64(0.03090917365333062), np.float64(0.04066599958028792), np.float64(0.028874532300573057), np.float64(0.059548302211056676), np.float64(0.052417618048503895), np.float64(0.04826768942871596), np.float64(0.03895034315606794), np.float64(0.04115995148986276), np.float64(0.06006894091179877), np.float64(0.03656015522748358), np.float64(0.08686977003180121), np.float64(0.03553958322044062), np.float64(0.014930758205273197), np.float64(0.02859379439964527), np.float64(0.03791517635058832), np.float64(0.03645086378001668), np.float64(0.0665765400453442), np.float64(0.03272986865582505), np.float64(0.05197210450808608), np.float64(0.04231742969185125), np.float64(0.05973070034476323), np.float64(0.03706072364241732), np.float64(0.061765194191139045), np.float64(0.0333198213530861), np.float64(0.02137327997084904), np.float64(0.03800140386415556), np.float64(0.04053604157319384), np.float64(0.032459580448509655), np.float64(0.03003534910281558), np.float64(0.03039826724340884), np.float64(0.04500452430113328), np.float64(0.056035572026783345), np.float64(0.0112493745552839), np.float64(0.019202580273040306), np.float64(0.009370413705991131), np.float64(0.018019674377331634), np.float64(0.027935911554284938), np.float64(0.04460604632670552), np.float64(0.026852716410635205), np.float64(0.022112222569996204), np.float64(0.03650641023118507), np.float64(0.010278421448331963), np.float64(0.027757791537845817), np.float64(0.018268149971602945), np.float64(0.030474879475031493), np.float64(0.020433502322495103), np.float64(0.030139924514485633), np.float64(0.028586126578539452), np.float64(0.035669610191579555), np.float64(0.02325358286291982), np.float64(0.030046436620006296), np.float64(0.01641071387379374), np.float64(0.011566781192698961), np.float64(0.03511102120147645), np.float64(0.03991092917976237), np.float64(0.05252192454835191), np.float64(0.03278580549981341), np.float64(0.04766146113138622), np.float64(0.05027987409613344), np.float64(0.05617229889587507), np.float64(0.05924018431763063), np.float64(0.0554504600324035), np.float64(0.02963275590518738), np.float64(0.044079206191683554), np.float64(0.05769210918420376), np.float64(0.05035609286517028), np.float64(0.04371084262860169), np.float64(0.04027892086112512), np.float64(0.06778429540830166), np.float64(0.06421654019612329), np.float64(0.04488282281231428), np.float64(0.01983744036983219), np.float64(0.008484662785177132), np.float64(0.02756771849192252), np.float64(0.01781588244207715), np.float64(0.042665836869176764), np.float64(0.01188520711869341), np.float64(0.03800510487330365), np.float64(0.022598494256551274), np.float64(0.01962802855922402), np.float64(0.015686130934097715), np.float64(0.02525216375538651), np.float64(0.021697192962436575), np.float64(0.030391814770937782), np.float64(0.04020501861797112), np.float64(0.027982253580407054), np.float64(0.02122595034462189), np.float64(0.026572967828517563), np.float64(0.027973590917263095), np.float64(0.017944357053445038), np.float64(0.02568240288498161), np.float64(0.021217883929000876)]]}

Time Slot 5 Results:
  Selected Devices: [4, 14, 29, 40, 47]
  Total Offload Data: 0.0000
  Sample Device Computation F: [np.float64(72.43092839636374), np.float64(43.124255555488794), np.float64(70.85833758123958), np.float64(120.28530369882444), np.float64(147.7395913108063)]
  Sample Final Data Amounts: [np.float64(0.0), np.float64(0.0), np.float64(0.0), np.float64(0.0), np.float64(84.95141983590874)]

Time Slot 10 Results:
  Selected Devices: [4, 14, 29, 40, 47]
  Total Offload Data: 0.0000
  Sample Device Computation F: [np.float64(163.1699510520597), np.float64(36.36667942735024), np.float64(67.1761541609422), np.float64(260.4664018175096), np.float64(157.2757060813715)]
  Sample Final Data Amounts: [np.float64(0.0), np.float64(0.0), np.float64(0.0), np.float64(0.0), np.float64(53.67827630653243)]

Time Slot 15 Results:
  Selected Devices: [4, 14, 29, 40, 47]
  Total Offload Data: 0.0000
  Sample Device Computation F: [np.float64(181.0397563383447), np.float64(51.98316822495741), np.float64(33.40256729422279), np.float64(101.9767226484743), np.float64(90.01512970822141)]
  Sample Final Data Amounts: [np.float64(0.0), np.float64(0.0), np.float64(0.0), np.float64(0.0), np.float64(76.80761523865364)]

Time Slot 20 Results:
  Selected Devices: [4, 14, 29, 40, 47]
  Total Offload Data: 0.0000
  Sample Device Computation F: [np.float64(71.01199933340008), np.float64(35.777044062655186), np.float64(72.0486287154061), np.float64(210.11550790971077), np.float64(153.49221237801416)]
  Sample Final Data Amounts: [np.float64(0.0), np.float64(0.0), np.float64(0.0), np.float64(0.0), np.float64(101.71137608728152)]

Time Slot 25 Results:
  Selected Devices: [12, 18, 26, 38, 42]
  Total Offload Data: 0.0000
  Sample Device Computation F: [np.float64(134.50814538716918), np.float64(42.25733086514728), np.float64(49.184202785138055), np.float64(114.91122929326198), np.float64(124.16784402960184)]
  Sample Final Data Amounts: [np.float64(0.0), np.float64(0.0), np.float64(0.0), np.float64(0.0), np.float64(0.0)]

Time Slot 30 Results:
  Selected Devices: [12, 18, 26, 38, 42]
  Total Offload Data: 0.0000
  Sample Device Computation F: [np.float64(193.16678335603666), np.float64(44.11961415875542), np.float64(45.00560404581462), np.float64(173.636591014116), np.float64(78.43053497051638)]
  Sample Final Data Amounts: [np.float64(0.0), np.float64(0.0), np.float64(0.0), np.float64(0.0), np.float64(0.0)]

Time Slot 35 Results:
  Selected Devices: [12, 18, 26, 38, 42]
  Total Offload Data: 0.0000
  Sample Device Computation F: [np.float64(156.6368475980026), np.float64(46.19282170672403), np.float64(30.33331678269476), np.float64(115.16473765601712), np.float64(96.67633634950009)]
  Sample Final Data Amounts: [np.float64(0.0), np.float64(0.0), np.float64(0.0), np.float64(0.0), np.float64(0.0)]

Time Slot 40 Results:
  Selected Devices: [12, 18, 26, 38, 42]
  Total Offload Data: 157.1288
  Sample Device Computation F: [np.float64(117.18192276084595), np.float64(28.09458983908196), np.float64(61.516534582642834), np.float64(186.75184368112627), np.float64(66.78514049940657)]
  Sample Final Data Amounts: [np.float64(0.0), np.float64(0.0), np.float64(0.0), np.float64(0.0), np.float64(0.0)]

Time Slot 45 Results:
  Selected Devices: [3, 17, 18, 26, 35]
  Total Offload Data: 0.0000
  Sample Device Computation F: [np.float64(135.49540385793208), np.float64(27.652374711807227), np.float64(72.08304411191543), np.float64(262.5569013248089), np.float64(138.44437082267223)]
  Sample Final Data Amounts: [np.float64(0.0), np.float64(0.0), np.float64(0.0), np.float64(41.04910044155302), np.float64(0.0)]

Time Slot 50 Results:
  Selected Devices: [3, 17, 18, 26, 35]
  Total Offload Data: 0.0000
  Sample Device Computation F: [np.float64(163.40441234032107), np.float64(30.422039622890217), np.float64(46.97678728538321), np.float64(119.72014773692955), np.float64(156.42917621370313)]
  Sample Final Data Amounts: [np.float64(0.0), np.float64(0.0), np.float64(0.0), np.float64(58.568737505991784), np.float64(0.0)]

Time Slot 55 Results:
  Selected Devices: [3, 17, 18, 26, 35]
  Total Offload Data: 84.6549
  Sample Device Computation F: [np.float64(83.44041985502597), np.float64(49.4264073788433), np.float64(32.83272166251919), np.float64(193.02718230040637), np.float64(140.85744917900885)]
  Sample Final Data Amounts: [np.float64(0.0), np.float64(0.0), np.float64(0.0), np.float64(64.32272700587276), np.float64(0.0)]

Time Slot 60 Results:
  Selected Devices: [3, 17, 18, 26, 35]
  Total Offload Data: 0.0000
  Sample Device Computation F: [np.float64(198.22039509769417), np.float64(17.696030737663527), np.float64(60.68008366280356), np.float64(108.96160060337782), np.float64(96.66708351848828)]
  Sample Final Data Amounts: [np.float64(0.0), np.float64(0.0), np.float64(0.0), np.float64(57.76766369132589), np.float64(0.0)]

Time Slot 65 Results:
  Selected Devices: [21, 41, 42, 47, 49]
  Total Offload Data: 25.0106
  Sample Device Computation F: [np.float64(126.27832315257444), np.float64(35.00597408393769), np.float64(54.221204590319985), np.float64(269.5593015832771), np.float64(106.45985845670715)]
  Sample Final Data Amounts: [np.float64(0.0), np.float64(0.0), np.float64(0.0), np.float64(0.0), np.float64(0.0)]

Time Slot 70 Results:
  Selected Devices: [21, 41, 42, 47, 49]
  Total Offload Data: 0.0000
  Sample Device Computation F: [np.float64(188.17735077080866), np.float64(36.851761468737536), np.float64(32.933984027330126), np.float64(159.00769350205454), np.float64(67.28432327362249)]
  Sample Final Data Amounts: [np.float64(0.0), np.float64(0.0), np.float64(0.0), np.float64(0.0), np.float64(0.0)]

Time Slot 75 Results:
  Selected Devices: [21, 41, 42, 47, 49]
  Total Offload Data: 241.7779
  Sample Device Computation F: [np.float64(106.5095635929296), np.float64(48.919631903604625), np.float64(53.33646862155487), np.float64(227.2545325708839), np.float64(153.6703843712483)]
  Sample Final Data Amounts: [np.float64(0.0), np.float64(0.0), np.float64(0.0), np.float64(0.0), np.float64(0.0)]

Time Slot 80 Results:
  Selected Devices: [21, 41, 42, 47, 49]
  Total Offload Data: 0.0000
  Sample Device Computation F: [np.float64(118.12357444026802), np.float64(45.928693766776966), np.float64(67.89407180493102), np.float64(116.31847475378822), np.float64(138.9807418195671)]
  Sample Final Data Amounts: [np.float64(0.0), np.float64(0.0), np.float64(0.0), np.float64(0.0), np.float64(0.0)]

Time Slot 85 Results:
  Selected Devices: [7, 14, 18, 31, 40]
  Total Offload Data: 0.0000
  Sample Device Computation F: [np.float64(136.21916441452373), np.float64(17.582699914660783), np.float64(31.707333592640058), np.float64(226.87000615067123), np.float64(118.3858815689685)]
  Sample Final Data Amounts: [np.float64(0.0), np.float64(0.0), np.float64(0.0), np.float64(0.0), np.float64(0.0)]

Time Slot 90 Results:
  Selected Devices: [7, 14, 18, 31, 40]
  Total Offload Data: 0.0000
  Sample Device Computation F: [np.float64(116.33349809117763), np.float64(41.65099557699248), np.float64(65.93832452259366), np.float64(132.66738089618485), np.float64(143.2935922440669)]
  Sample Final Data Amounts: [np.float64(0.0), np.float64(0.0), np.float64(0.0), np.float64(0.0), np.float64(0.0)]

Time Slot 95 Results:
  Selected Devices: [7, 14, 18, 31, 40]
  Total Offload Data: 18.5928
  Sample Device Computation F: [np.float64(114.98098827661902), np.float64(47.470194863065956), np.float64(44.91210223967515), np.float64(229.49460653617885), np.float64(98.52378333126306)]
  Sample Final Data Amounts: [np.float64(0.0), np.float64(0.0), np.float64(0.0), np.float64(0.0), np.float64(0.0)]

Time Slot 100 Results:
  Selected Devices: [7, 14, 18, 31, 40]
  Total Offload Data: 0.0000
  Sample Device Computation F: [np.float64(88.3332751327795), np.float64(48.18630236154838), np.float64(38.81063438793997), np.float64(159.78221362035345), np.float64(72.65249654119928)]
  Sample Final Data Amounts: [np.float64(0.0), np.float64(0.0), np.float64(0.0), np.float64(0.0), np.float64(0.0)]

=== 仿真结果 (N=50) ===
平均吞吐量:
  提出的方法 (T=20): 317.9881
  本地执行: 218.6793
  静态编排: 131.0283
  提出的方法 (T1=20): 317.9881WARNING:root:[WARNING] 可供补充的样本不足，仅剩 1865，将启用重复采样

step1 获取到100个时隙的工作节点以及实际训练量
目标准确率：55.0，目标epoch：100
non-iid
[WARNING] 请求样本数超过数据集，按比例缩放: 0.6767
[INFO] Non-IID 总分配样本数: 49946
  w_locals: 2456.80 MB
  gradient: 2456.80 MB
Round 1, Test Accuracy: 10.039999961853027, Loss: 2.30227511138916, Global training time: 0.029225016701321695

[INFO] Non-IID 总分配样本数: 26297
  w_locals: 2456.80 MB
  gradient: 2456.80 MB
Round 2, Test Accuracy: 11.829999923706055, Loss: 2.2976759765625, Global training time: 0.03645409315253525

[INFO] Non-IID 总分配样本数: 22862
  w_locals: 2456.80 MB
  gradient: 2456.80 MB
Round 3, Test Accuracy: 15.0600004196167, Loss: 2.294544177246094, Global training time: 0.04493129527706194

[INFO] Non-IID 总分配样本数: 24660
  w_locals: 2456.80 MB
  gradient: 2456.80 MB
Round 4, Test Accuracy: 12.399999618530273, Loss: 2.2912767581939697, Global training time: 0.02646059455086864

[INFO] Non-IID 总分配样本数: 29933
  w_locals: 2456.80 MB
  gradient: 2456.80 MB
Round 5, Test Accuracy: 10.0, Loss: 2.285464888381958, Global training time: 0.0417292999087943

[INFO] Non-IID 总分配样本数: 28601
  w_locals: 2456.80 MB
  gradient: 2456.80 MB
Round 6, Test Accuracy: 17.559999465942383, Loss: 2.274965450668335, Global training time: 0.042999858425670355

[INFO] Non-IID 总分配样本数: 27923
  w_locals: 2456.80 MB
  gradient: 2456.80 MB
Round 7, Test Accuracy: 12.970000267028809, Loss: 2.2578012435913086, Global training time: 0.05221372149347646

[INFO] Non-IID 总分配样本数: 32266
  w_locals: 2456.80 MB
  gradient: 2456.80 MB
Round 8, Test Accuracy: 21.920000076293945, Loss: 2.2105619060516357, Global training time: 0.051260126165125715

[INFO] Non-IID 总分配样本数: 26864
  w_locals: 2456.80 MB
  gradient: 2456.80 MB
Round 9, Test Accuracy: 21.1200008392334, Loss: 2.1446857315063474, Global training time: 0.038671348186862894

[INFO] Non-IID 总分配样本数: 24213
  w_locals: 2456.80 MB
  gradient: 2456.80 MB
Round 10, Test Accuracy: 25.739999771118164, Loss: 2.0796182624816892, Global training time: 0.03108508786722602

[INFO] Non-IID 总分配样本数: 27775
  w_locals: 2456.80 MB
  gradient: 2456.80 MB
Round 11, Test Accuracy: 26.5, Loss: 2.010907001495361, Global training time: 0.02585454722182582

[INFO] Non-IID 总分配样本数: 23184
  w_locals: 2456.80 MB
  gradient: 2456.80 MB
Round 12, Test Accuracy: 29.1200008392334, Loss: 1.9745178398132324, Global training time: 0.043434931278573015

[INFO] Non-IID 总分配样本数: 24580
  w_locals: 2456.80 MB
  gradient: 2456.80 MB
Round 13, Test Accuracy: 29.540000915527344, Loss: 1.9447236318588257, Global training time: 0.05294825415076094

[INFO] Non-IID 总分配样本数: 26473
  w_locals: 2456.80 MB
  gradient: 2456.80 MB
Round 14, Test Accuracy: 31.899999618530273, Loss: 1.8930254165649414, Global training time: 0.02119463242194789

[INFO] Non-IID 总分配样本数: 26864
  w_locals: 2456.80 MB
  gradient: 2456.80 MB
Round 15, Test Accuracy: 31.670000076293945, Loss: 1.8490705200195312, Global training time: 0.046670763106710214

[INFO] Non-IID 总分配样本数: 21548
  w_locals: 2456.80 MB
  gradient: 2456.80 MB
Round 16, Test Accuracy: 31.56999969482422, Loss: 1.8655034990310668, Global training time: 0.06330179557557832

[INFO] Non-IID 总分配样本数: 26222
  w_locals: 2456.80 MB
  gradient: 2456.80 MB
Round 17, Test Accuracy: 33.959999084472656, Loss: 1.797200917816162, Global training time: 0.052363910358634386

[INFO] Non-IID 总分配样本数: 22074
  w_locals: 2456.80 MB
  gradient: 2456.80 MB
Round 18, Test Accuracy: 35.720001220703125, Loss: 1.7436737266540527, Global training time: 0.04089577766272197

[INFO] Non-IID 总分配样本数: 31274
  w_locals: 2456.80 MB
  gradient: 2456.80 MB
Round 19, Test Accuracy: 36.119998931884766, Loss: 1.6992391159057618, Global training time: 0.057528499736755105

[INFO] Non-IID 总分配样本数: 29847
WARNING:root:[WARNING] 可供补充的样本不足，仅剩 1276，将启用重复采样
  w_locals: 2456.80 MB
  gradient: 2456.80 MB
Round 20, Test Accuracy: 37.619998931884766, Loss: 1.6883403018951415, Global training time: 0.03793005974917201

[WARNING] 请求样本数超过数据集，按比例缩放: 0.6960
[INFO] Non-IID 总分配样本数: 49986
  w_locals: 2456.80 MB
  gradient: 2456.80 MB
Round 21, Test Accuracy: 37.0, Loss: 1.6635680309295655, Global training time: 0.03140913169100267

[INFO] Non-IID 总分配样本数: 20102
  w_locals: 2456.80 MB
  gradient: 2456.80 MB
Round 22, Test Accuracy: 37.59000015258789, Loss: 1.633414577293396, Global training time: 0.03831234089190113

[INFO] Non-IID 总分配样本数: 22794
  w_locals: 2456.80 MB
  gradient: 2456.80 MB
Round 23, Test Accuracy: 38.869998931884766, Loss: 1.6221715297698975, Global training time: 0.03356366186803694

[INFO] Non-IID 总分配样本数: 26424
  w_locals: 2456.80 MB
  gradient: 2456.80 MB
Round 24, Test Accuracy: 39.58000183105469, Loss: 1.6136336587905884, Global training time: 0.03725935981320693

[INFO] Non-IID 总分配样本数: 21847
  w_locals: 2456.80 MB
  gradient: 2456.80 MB
Round 25, Test Accuracy: 39.15999984741211, Loss: 1.6373899229049682, Global training time: 0.039147191803164824

[INFO] Non-IID 总分配样本数: 29942
  w_locals: 2456.80 MB
  gradient: 2456.80 MB
Round 26, Test Accuracy: 40.220001220703125, Loss: 1.6077697790145875, Global training time: 0.05014743974367669

[INFO] Non-IID 总分配样本数: 25897
  w_locals: 2456.80 MB
  gradient: 2456.80 MB
Round 27, Test Accuracy: 41.59000015258789, Loss: 1.5701478065490722, Global training time: 0.03816554961666325

[INFO] Non-IID 总分配样本数: 24672
  w_locals: 2456.80 MB
  gradient: 2456.80 MB
Round 28, Test Accuracy: 41.86000061035156, Loss: 1.581662815475464, Global training time: 0.044123778107399

[INFO] Non-IID 总分配样本数: 24921
  w_locals: 2456.80 MB
  gradient: 2456.80 MB
Round 29, Test Accuracy: 43.45000076293945, Loss: 1.5194553630828858, Global training time: 0.05211825209870387

[INFO] Non-IID 总分配样本数: 23887
  w_locals: 2456.80 MB
  gradient: 2456.80 MB
Round 30, Test Accuracy: 42.939998626708984, Loss: 1.5125191928863526, Global training time: 0.04661828032426342

[INFO] Non-IID 总分配样本数: 23105
  w_locals: 2456.80 MB
  gradient: 2456.80 MB
Round 31, Test Accuracy: 42.40999984741211, Loss: 1.5695532146453857, Global training time: 0.019351393954170616

[INFO] Non-IID 总分配样本数: 26222
  w_locals: 2456.80 MB
  gradient: 2456.80 MB
Round 32, Test Accuracy: 43.709999084472656, Loss: 1.4965530073165894, Global training time: 0.03578423804722392

[INFO] Non-IID 总分配样本数: 32240
  w_locals: 2456.80 MB
  gradient: 2456.80 MB
Round 33, Test Accuracy: 45.029998779296875, Loss: 1.5061979305267335, Global training time: 0.05467656102724505

[INFO] Non-IID 总分配样本数: 26636
  w_locals: 2456.80 MB
  gradient: 2456.80 MB
Round 34, Test Accuracy: 45.18000030517578, Loss: 1.4689451026916505, Global training time: 0.061432020367083943

[INFO] Non-IID 总分配样本数: 30635
  w_locals: 2456.80 MB
  gradient: 2456.80 MB
Round 35, Test Accuracy: 46.36000061035156, Loss: 1.4542224517822266, Global training time: 0.06854242401629222

[INFO] Non-IID 总分配样本数: 22021
  w_locals: 2456.80 MB
  gradient: 2456.80 MB
Round 36, Test Accuracy: 47.29999923706055, Loss: 1.4279306344985963, Global training time: 0.054632955924009276

[INFO] Non-IID 总分配样本数: 27975
  w_locals: 2456.80 MB
  gradient: 2456.80 MB
Round 37, Test Accuracy: 47.33000183105469, Loss: 1.4203987913131715, Global training time: 0.03960866456394862

[INFO] Non-IID 总分配样本数: 28158
  w_locals: 2456.80 MB
  gradient: 2456.80 MB
Round 38, Test Accuracy: 48.77000045776367, Loss: 1.397997034072876, Global training time: 0.032316151859089016

[INFO] Non-IID 总分配样本数: 29057
  w_locals: 2456.80 MB
  gradient: 2456.80 MB
Round 39, Test Accuracy: 48.5, Loss: 1.3939069972991944, Global training time: 0.04614861925642412

[INFO] Non-IID 总分配样本数: 29715
WARNING:root:[WARNING] 可供补充的样本不足，仅剩 1736，将启用重复采样
  w_locals: 2456.80 MB
  gradient: 2456.80 MB
Round 40, Test Accuracy: 48.90999984741211, Loss: 1.3931381298065186, Global training time: 0.031376405520254926

[WARNING] 请求样本数超过数据集，按比例缩放: 0.6305
[INFO] Non-IID 总分配样本数: 49973
  w_locals: 2456.80 MB
  gradient: 2456.80 MB
Round 41, Test Accuracy: 50.08000183105469, Loss: 1.3630858966827393, Global training time: 0.023166216777260936

[INFO] Non-IID 总分配样本数: 22985
  w_locals: 2456.80 MB
  gradient: 2456.80 MB
Round 42, Test Accuracy: 50.09000015258789, Loss: 1.3659946535110474, Global training time: 0.033621233593673104

[INFO] Non-IID 总分配样本数: 14919
  w_locals: 2456.80 MB
  gradient: 2456.80 MB
Round 43, Test Accuracy: 49.369998931884766, Loss: 1.3638453145980836, Global training time: 0.02699699575200505

[INFO] Non-IID 总分配样本数: 26307
  w_locals: 2456.80 MB
  gradient: 2456.80 MB
Round 44, Test Accuracy: 50.38999938964844, Loss: 1.3629125423431396, Global training time: 0.03319468396078501

[INFO] Non-IID 总分配样本数: 15860
  w_locals: 2456.80 MB
  gradient: 2456.80 MB
Round 45, Test Accuracy: 50.52000045776367, Loss: 1.3470992099761963, Global training time: 0.015492641380265532

[INFO] Non-IID 总分配样本数: 17106
  w_locals: 2456.80 MB
  gradient: 2456.80 MB
Round 46, Test Accuracy: 49.20000076293945, Loss: 1.365602755355835, Global training time: 0.027441914423008255

[INFO] Non-IID 总分配样本数: 28062
  w_locals: 2456.80 MB
  gradient: 2456.80 MB
Round 47, Test Accuracy: 50.88999938964844, Loss: 1.363498643875122, Global training time: 0.04513243255442749

[INFO] Non-IID 总分配样本数: 22933
  w_locals: 2456.80 MB
  gradient: 2456.80 MB
Round 48, Test Accuracy: 51.84000015258789, Loss: 1.3226589645385742, Global training time: 0.027034739740836235

[INFO] Non-IID 总分配样本数: 24016
  w_locals: 2456.80 MB
  gradient: 2456.80 MB
Round 49, Test Accuracy: 51.65999984741211, Loss: 1.3204324504852294, Global training time: 0.055312368371542485

[INFO] Non-IID 总分配样本数: 21725
  w_locals: 2456.80 MB
  gradient: 2456.80 MB
Round 50, Test Accuracy: 52.41999816894531, Loss: 1.314818772506714, Global training time: 0.02621643487488318

[INFO] Non-IID 总分配样本数: 21330
  w_locals: 2456.80 MB
  gradient: 2456.80 MB
Round 51, Test Accuracy: 52.119998931884766, Loss: 1.321741544151306, Global training time: 0.05010121909535331

[INFO] Non-IID 总分配样本数: 21459
  w_locals: 2456.80 MB
  gradient: 2456.80 MB
Round 52, Test Accuracy: 52.68000030517578, Loss: 1.2951598712921142, Global training time: 0.037569745092277736

[INFO] Non-IID 总分配样本数: 29936
  w_locals: 2456.80 MB
  gradient: 2456.80 MB
Round 53, Test Accuracy: 53.060001373291016, Loss: 1.2836665260314941, Global training time: 0.054226218818103626

[INFO] Non-IID 总分配样本数: 20138
  w_locals: 2456.80 MB
  gradient: 2456.80 MB
Round 54, Test Accuracy: 53.61000061035156, Loss: 1.2883590799331666, Global training time: 0.03354283038494572

[INFO] Non-IID 总分配样本数: 21084
  w_locals: 2456.80 MB
  gradient: 2456.80 MB
Round 55, Test Accuracy: 54.380001068115234, Loss: 1.2622901485443114, Global training time: 0.028668028214708024

[INFO] Non-IID 总分配样本数: 27744
  w_locals: 2456.80 MB
  gradient: 2456.80 MB
Round 56, Test Accuracy: 53.970001220703125, Loss: 1.2620762531280518, Global training time: 0.05487309908986304

[INFO] Non-IID 总分配样本数: 24518
  w_locals: 2456.80 MB
  gradient: 2456.80 MB
Round 57, Test Accuracy: 54.099998474121094, Loss: 1.264549104499817, Global training time: 0.054625925067627125

[INFO] Non-IID 总分配样本数: 24250
  w_locals: 2456.80 MB
  gradient: 2456.80 MB
Round 58, Test Accuracy: 55.119998931884766, Loss: 1.235430415725708, Global training time: 0.0375329382852707

[INFO] Non-IID 总分配样本数: 27600
  w_locals: 2456.80 MB
  gradient: 2456.80 MB
Round 59, Test Accuracy: 54.560001373291016, Loss: 1.2507716201782226, Global training time: 0.0451647976860198

[INFO] Non-IID 总分配样本数: 20158
WARNING:root:[WARNING] 可供补充的样本不足，仅剩 3169，将启用重复采样
  w_locals: 2456.80 MB
  gradient: 2456.80 MB
Round 60, Test Accuracy: 56.41999816894531, Loss: 1.2097052865982056, Global training time: 0.031430563064190474

[WARNING] 请求样本数超过数据集，按比例缩放: 0.7076
[INFO] Non-IID 总分配样本数: 49880
  w_locals: 2456.80 MB
  gradient: 2456.80 MB
Round 61, Test Accuracy: 55.279998779296875, Loss: 1.2354050067901612, Global training time: 0.020358431003346538

[INFO] Non-IID 总分配样本数: 17709
  w_locals: 2456.80 MB
  gradient: 2456.80 MB
Round 62, Test Accuracy: 55.56999969482422, Loss: 1.2214479877471924, Global training time: 0.025152564952927343

[INFO] Non-IID 总分配样本数: 24423
  w_locals: 2456.80 MB
  gradient: 2456.80 MB
Round 63, Test Accuracy: 56.25, Loss: 1.209951304626465, Global training time: 0.031082494242118716

[INFO] Non-IID 总分配样本数: 18843
  w_locals: 2456.80 MB
  gradient: 2456.80 MB
Round 64, Test Accuracy: 57.34000015258789, Loss: 1.1962438145637513, Global training time: 0.020792381600536137

[INFO] Non-IID 总分配样本数: 26284
  w_locals: 2456.80 MB
  gradient: 2456.80 MB
Round 65, Test Accuracy: 56.689998626708984, Loss: 1.1985489484786986, Global training time: 0.03871485880432227

[INFO] Non-IID 总分配样本数: 20268
  w_locals: 2456.80 MB
  gradient: 2456.80 MB
Round 66, Test Accuracy: 55.93000030517578, Loss: 1.2052912738800048, Global training time: 0.02161528436104205

[INFO] Non-IID 总分配样本数: 14319
  w_locals: 2456.80 MB
  gradient: 2456.80 MB
Round 67, Test Accuracy: 57.27000045776367, Loss: 1.1732840061187744, Global training time: 0.01777159968025687

[INFO] Non-IID 总分配样本数: 27240
  w_locals: 2456.80 MB
  gradient: 2456.80 MB
Round 68, Test Accuracy: 58.22999954223633, Loss: 1.1619144130706787, Global training time: 0.04467706379086433

[INFO] Non-IID 总分配样本数: 22980
  w_locals: 2456.80 MB
  gradient: 2456.80 MB
Round 69, Test Accuracy: 57.849998474121094, Loss: 1.1653795831680298, Global training time: 0.029391484041660667

[INFO] Non-IID 总分配样本数: 20295
  w_locals: 2456.80 MB
  gradient: 2456.80 MB
Round 70, Test Accuracy: 57.90999984741211, Loss: 1.1627962629318238, Global training time: 0.02860535216284145

[INFO] Non-IID 总分配样本数: 23811
  w_locals: 2456.80 MB
  gradient: 2456.80 MB
Round 71, Test Accuracy: 57.7400016784668, Loss: 1.174677857398987, Global training time: 0.047867263210916854

[INFO] Non-IID 总分配样本数: 16170
  w_locals: 2456.80 MB
  gradient: 2456.80 MB
Round 72, Test Accuracy: 57.209999084472656, Loss: 1.175128850364685, Global training time: 0.03100691559279965

[INFO] Non-IID 总分配样本数: 23159
  w_locals: 2456.80 MB
  gradient: 2456.80 MB
Round 73, Test Accuracy: 58.130001068115234, Loss: 1.1584036684036254, Global training time: 0.02517973455645168

[INFO] Non-IID 总分配样本数: 22929
  w_locals: 2456.80 MB
  gradient: 2456.80 MB
Round 74, Test Accuracy: 59.099998474121094, Loss: 1.1314221654891967, Global training time: 0.028896276986875174

[INFO] Non-IID 总分配样本数: 17839
  w_locals: 2456.80 MB
  gradient: 2456.80 MB
Round 75, Test Accuracy: 56.86000061035156, Loss: 1.212430834388733, Global training time: 0.034693993501491535

[INFO] Non-IID 总分配样本数: 23567
  w_locals: 2456.80 MB
  gradient: 2456.80 MB
Round 76, Test Accuracy: 59.869998931884766, Loss: 1.1194225988388062, Global training time: 0.05273384714548668

[INFO] Non-IID 总分配样本数: 21228
  w_locals: 2456.80 MB
  gradient: 2456.80 MB
Round 77, Test Accuracy: 59.43000030517578, Loss: 1.121488458251953, Global training time: 0.04649551173892307

[INFO] Non-IID 总分配样本数: 16401
  w_locals: 2456.80 MB
  gradient: 2456.80 MB
Round 78, Test Accuracy: 58.77000045776367, Loss: 1.1271325267791747, Global training time: 0.01634276163566617

[INFO] Non-IID 总分配样本数: 22428
  w_locals: 2456.80 MB
  gradient: 2456.80 MB
Round 79, Test Accuracy: 59.81999969482422, Loss: 1.1203489812850953, Global training time: 0.05557440603318748

[INFO] Non-IID 总分配样本数: 22394
WARNING:root:[WARNING] 可供补充的样本不足，仅剩 1923，将启用重复采样
  w_locals: 2456.80 MB
  gradient: 2456.80 MB
Round 80, Test Accuracy: 60.15999984741211, Loss: 1.1061566075325011, Global training time: 0.05732913796109062

[WARNING] 请求样本数超过数据集，按比例缩放: 0.6446
[INFO] Non-IID 总分配样本数: 49945
  w_locals: 2456.80 MB
  gradient: 2456.80 MB
Round 81, Test Accuracy: 60.459999084472656, Loss: 1.095725266456604, Global training time: 0.02603091716288015

[INFO] Non-IID 总分配样本数: 26603
  w_locals: 2456.80 MB
  gradient: 2456.80 MB
Round 82, Test Accuracy: 59.11000061035156, Loss: 1.1458816093444824, Global training time: 0.03331842497041795

[INFO] Non-IID 总分配样本数: 20470
  w_locals: 2456.80 MB
  gradient: 2456.80 MB
Round 83, Test Accuracy: 60.13999938964844, Loss: 1.0997038945198059, Global training time: 0.02479735459430103

[INFO] Non-IID 总分配样本数: 32774
  w_locals: 2456.80 MB
  gradient: 2456.80 MB
Round 84, Test Accuracy: 60.75, Loss: 1.1018200942039489, Global training time: 0.05482829842863281

[INFO] Non-IID 总分配样本数: 20211
  w_locals: 2456.80 MB
  gradient: 2456.80 MB
Round 85, Test Accuracy: 61.29999923706055, Loss: 1.0754503023147584, Global training time: 0.02758875683950744

[INFO] Non-IID 总分配样本数: 20739
  w_locals: 2456.80 MB
  gradient: 2456.80 MB
Round 86, Test Accuracy: 60.81999969482422, Loss: 1.1067981197357177, Global training time: 0.039167758955038635

[INFO] Non-IID 总分配样本数: 24442
  w_locals: 2456.80 MB
  gradient: 2456.80 MB
Round 87, Test Accuracy: 61.75, Loss: 1.0701259831428527, Global training time: 0.03342079294818571

[INFO] Non-IID 总分配样本数: 28227
  w_locals: 2456.80 MB
  gradient: 2456.80 MB
Round 88, Test Accuracy: 60.63999938964844, Loss: 1.088865062904358, Global training time: 0.02903141262594382

[INFO] Non-IID 总分配样本数: 27343
  w_locals: 2456.80 MB
  gradient: 2456.80 MB
Round 89, Test Accuracy: 62.63999938964844, Loss: 1.0436709634780883, Global training time: 0.04565094893872782

[INFO] Non-IID 总分配样本数: 30548
  w_locals: 2456.80 MB
  gradient: 2456.80 MB
Round 90, Test Accuracy: 62.79999923706055, Loss: 1.05450524559021, Global training time: 0.03306208045290822

[INFO] Non-IID 总分配样本数: 27054
  w_locals: 2456.80 MB
  gradient: 2456.80 MB
Round 91, Test Accuracy: 62.72999954223633, Loss: 1.0482685007095336, Global training time: 0.049226146807773506

[INFO] Non-IID 总分配样本数: 30629
  w_locals: 2456.80 MB
  gradient: 2456.80 MB
Round 92, Test Accuracy: 59.02000045776367, Loss: 1.1458471336364746, Global training time: 0.05789452145299507

[INFO] Non-IID 总分配样本数: 29239
  w_locals: 2456.80 MB
  gradient: 2456.80 MB
Round 93, Test Accuracy: 62.45000076293945, Loss: 1.053387312412262, Global training time: 0.039775135885869915

[INFO] Non-IID 总分配样本数: 30152
  w_locals: 2456.80 MB
  gradient: 2456.80 MB
Round 94, Test Accuracy: 64.13999938964844, Loss: 1.0160640024185181, Global training time: 0.03803955720395736

[INFO] Non-IID 总分配样本数: 26603
  w_locals: 2456.80 MB
  gradient: 2456.80 MB
Round 95, Test Accuracy: 64.38999938964844, Loss: 1.0110442504882813, Global training time: 0.0308461739912185

[INFO] Non-IID 总分配样本数: 27448
  w_locals: 2456.80 MB
  gradient: 2456.80 MB
Round 96, Test Accuracy: 64.23999786376953, Loss: 1.0135282968521118, Global training time: 0.038739252049380175

[INFO] Non-IID 总分配样本数: 30835
  w_locals: 2456.80 MB
  gradient: 2456.80 MB
Round 97, Test Accuracy: 63.66999816894531, Loss: 1.0273297815322875, Global training time: 0.053739219256697245

[INFO] Non-IID 总分配样本数: 23609
  w_locals: 2456.80 MB
  gradient: 2456.80 MB
Round 98, Test Accuracy: 63.95000076293945, Loss: 1.0161546323776245, Global training time: 0.03601593029946549

[INFO] Non-IID 总分配样本数: 22289
  w_locals: 2456.80 MB
  gradient: 2456.80 MB
Round 99, Test Accuracy: 64.58000183105469, Loss: 1.007318946170807, Global training time: 0.03686496344578043

[INFO] Non-IID 总分配样本数: 26323
  w_locals: 2456.80 MB
  gradient: 2456.80 MB
Round 100, Test Accuracy: 65.6500015258789, Loss: 0.9819192052841187, Global training time: 0.051619644706597786

成功保存数据pkl文件
OnlineFL已训练完成，最终结果： {'ais': 2, 'test_accuracies': [tensor(65.6500)], 'global_round_accuracies': [[tensor(10.0400), tensor(11.8300), tensor(15.0600), tensor(12.4000), tensor(10.), tensor(17.5600), tensor(12.9700), tensor(21.9200), tensor(21.1200), tensor(25.7400), tensor(26.5000), tensor(29.1200), tensor(29.5400), tensor(31.9000), tensor(31.6700), tensor(31.5700), tensor(33.9600), tensor(35.7200), tensor(36.1200), tensor(37.6200), tensor(37.), tensor(37.5900), tensor(38.8700), tensor(39.5800), tensor(39.1600), tensor(40.2200), tensor(41.5900), tensor(41.8600), tensor(43.4500), tensor(42.9400), tensor(42.4100), tensor(43.7100), tensor(45.0300), tensor(45.1800), tensor(46.3600), tensor(47.3000), tensor(47.3300), tensor(48.7700), tensor(48.5000), tensor(48.9100), tensor(50.0800), tensor(50.0900), tensor(49.3700), tensor(50.3900), tensor(50.5200), tensor(49.2000), tensor(50.8900), tensor(51.8400), tensor(51.6600), tensor(52.4200), tensor(52.1200), tensor(52.6800), tensor(53.0600), tensor(53.6100), tensor(54.3800), tensor(53.9700), tensor(54.1000), tensor(55.1200), tensor(54.5600), tensor(56.4200), tensor(55.2800), tensor(55.5700), tensor(56.2500), tensor(57.3400), tensor(56.6900), tensor(55.9300), tensor(57.2700), tensor(58.2300), tensor(57.8500), tensor(57.9100), tensor(57.7400), tensor(57.2100), tensor(58.1300), tensor(59.1000), tensor(56.8600), tensor(59.8700), tensor(59.4300), tensor(58.7700), tensor(59.8200), tensor(60.1600), tensor(60.4600), tensor(59.1100), tensor(60.1400), tensor(60.7500), tensor(61.3000), tensor(60.8200), tensor(61.7500), tensor(60.6400), tensor(62.6400), tensor(62.8000), tensor(62.7300), tensor(59.0200), tensor(62.4500), tensor(64.1400), tensor(64.3900), tensor(64.2400), tensor(63.6700), tensor(63.9500), tensor(64.5800), tensor(65.6500)]], 'global_round_times': [[np.float64(0.029225016701321695), np.float64(0.03645409315253525), np.float64(0.04493129527706194), np.float64(0.02646059455086864), np.float64(0.0417292999087943), np.float64(0.042999858425670355), np.float64(0.05221372149347646), np.float64(0.051260126165125715), np.float64(0.038671348186862894), np.float64(0.03108508786722602), np.float64(0.02585454722182582), np.float64(0.043434931278573015), np.float64(0.05294825415076094), np.float64(0.02119463242194789), np.float64(0.046670763106710214), np.float64(0.06330179557557832), np.float64(0.052363910358634386), np.float64(0.04089577766272197), np.float64(0.057528499736755105), np.float64(0.03793005974917201), np.float64(0.03140913169100267), np.float64(0.03831234089190113), np.float64(0.03356366186803694), np.float64(0.03725935981320693), np.float64(0.039147191803164824), np.float64(0.05014743974367669), np.float64(0.03816554961666325), np.float64(0.044123778107399), np.float64(0.05211825209870387), np.float64(0.04661828032426342), np.float64(0.019351393954170616), np.float64(0.03578423804722392), np.float64(0.05467656102724505), np.float64(0.061432020367083943), np.float64(0.06854242401629222), np.float64(0.054632955924009276), np.float64(0.03960866456394862), np.float64(0.032316151859089016), np.float64(0.04614861925642412), np.float64(0.031376405520254926), np.float64(0.023166216777260936), np.float64(0.033621233593673104), np.float64(0.02699699575200505), np.float64(0.03319468396078501), np.float64(0.015492641380265532), np.float64(0.027441914423008255), np.float64(0.04513243255442749), np.float64(0.027034739740836235), np.float64(0.055312368371542485), np.float64(0.02621643487488318), np.float64(0.05010121909535331), np.float64(0.037569745092277736), np.float64(0.054226218818103626), np.float64(0.03354283038494572), np.float64(0.028668028214708024), np.float64(0.05487309908986304), np.float64(0.054625925067627125), np.float64(0.0375329382852707), np.float64(0.0451647976860198), np.float64(0.031430563064190474), np.float64(0.020358431003346538), np.float64(0.025152564952927343), np.float64(0.031082494242118716), np.float64(0.020792381600536137), np.float64(0.03871485880432227), np.float64(0.02161528436104205), np.float64(0.01777159968025687), np.float64(0.04467706379086433), np.float64(0.029391484041660667), np.float64(0.02860535216284145), np.float64(0.047867263210916854), np.float64(0.03100691559279965), np.float64(0.02517973455645168), np.float64(0.028896276986875174), np.float64(0.034693993501491535), np.float64(0.05273384714548668), np.float64(0.04649551173892307), np.float64(0.01634276163566617), np.float64(0.05557440603318748), np.float64(0.05732913796109062), np.float64(0.02603091716288015), np.float64(0.03331842497041795), np.float64(0.02479735459430103), np.float64(0.05482829842863281), np.float64(0.02758875683950744), np.float64(0.039167758955038635), np.float64(0.03342079294818571), np.float64(0.02903141262594382), np.float64(0.04565094893872782), np.float64(0.03306208045290822), np.float64(0.049226146807773506), np.float64(0.05789452145299507), np.float64(0.039775135885869915), np.float64(0.03803955720395736), np.float64(0.0308461739912185), np.float64(0.038739252049380175), np.float64(0.053739219256697245), np.float64(0.03601593029946549), np.float64(0.03686496344578043), np.float64(0.051619644706597786)]]}

Time Slot 5 Results:
  Selected Devices: [4, 14, 29, 40, 47]
  Total Offload Data: 0.0000
  Sample Device Computation F: [np.float64(72.43092839636374), np.float64(43.124255555488794), np.float64(70.85833758123958), np.float64(120.28530369882444), np.float64(147.7395913108063)]
  Sample Final Data Amounts: [np.float64(0.0), np.float64(0.0), np.float64(0.0), np.float64(0.0), np.float64(84.95141983590874)]

Time Slot 10 Results:
  Selected Devices: [4, 14, 29, 40, 47]
  Total Offload Data: 0.0000
  Sample Device Computation F: [np.float64(163.1699510520597), np.float64(36.36667942735024), np.float64(67.1761541609422), np.float64(260.4664018175096), np.float64(157.2757060813715)]
  Sample Final Data Amounts: [np.float64(0.0), np.float64(0.0), np.float64(0.0), np.float64(0.0), np.float64(53.67827630653243)]

Time Slot 15 Results:
  Selected Devices: [4, 14, 29, 40, 47]
  Total Offload Data: 0.0000
  Sample Device Computation F: [np.float64(181.0397563383447), np.float64(51.98316822495741), np.float64(33.40256729422279), np.float64(101.9767226484743), np.float64(90.01512970822141)]
  Sample Final Data Amounts: [np.float64(0.0), np.float64(0.0), np.float64(0.0), np.float64(0.0), np.float64(76.80761523865364)]

Time Slot 20 Results:
  Selected Devices: [4, 14, 29, 40, 47]
  Total Offload Data: 0.0000
  Sample Device Computation F: [np.float64(71.01199933340008), np.float64(35.777044062655186), np.float64(72.0486287154061), np.float64(210.11550790971077), np.float64(153.49221237801416)]
  Sample Final Data Amounts: [np.float64(0.0), np.float64(0.0), np.float64(0.0), np.float64(0.0), np.float64(101.71137608728152)]

Time Slot 25 Results:
  Selected Devices: [12, 18, 26, 38, 42]
  Total Offload Data: 0.0000
  Sample Device Computation F: [np.float64(134.50814538716918), np.float64(42.25733086514728), np.float64(49.184202785138055), np.float64(114.91122929326198), np.float64(124.16784402960184)]
  Sample Final Data Amounts: [np.float64(0.0), np.float64(0.0), np.float64(0.0), np.float64(0.0), np.float64(0.0)]

Time Slot 30 Results:
  Selected Devices: [12, 18, 26, 38, 42]
  Total Offload Data: 0.0000
  Sample Device Computation F: [np.float64(193.16678335603666), np.float64(44.11961415875542), np.float64(45.00560404581462), np.float64(173.636591014116), np.float64(78.43053497051638)]
  Sample Final Data Amounts: [np.float64(0.0), np.float64(0.0), np.float64(0.0), np.float64(0.0), np.float64(0.0)]

Time Slot 35 Results:
  Selected Devices: [12, 18, 26, 38, 42]
  Total Offload Data: 0.0000
  Sample Device Computation F: [np.float64(156.6368475980026), np.float64(46.19282170672403), np.float64(30.33331678269476), np.float64(115.16473765601712), np.float64(96.67633634950009)]
  Sample Final Data Amounts: [np.float64(0.0), np.float64(0.0), np.float64(0.0), np.float64(0.0), np.float64(0.0)]

Time Slot 40 Results:
  Selected Devices: [12, 18, 26, 38, 42]
  Total Offload Data: 157.1288
  Sample Device Computation F: [np.float64(117.18192276084595), np.float64(28.09458983908196), np.float64(61.516534582642834), np.float64(186.75184368112627), np.float64(66.78514049940657)]
  Sample Final Data Amounts: [np.float64(0.0), np.float64(0.0), np.float64(0.0), np.float64(0.0), np.float64(0.0)]

Time Slot 45 Results:
  Selected Devices: [3, 17, 18, 26, 35]
  Total Offload Data: 0.0000
  Sample Device Computation F: [np.float64(135.49540385793208), np.float64(27.652374711807227), np.float64(72.08304411191543), np.float64(262.5569013248089), np.float64(138.44437082267223)]
  Sample Final Data Amounts: [np.float64(0.0), np.float64(0.0), np.float64(0.0), np.float64(41.04910044155302), np.float64(0.0)]

Time Slot 50 Results:
  Selected Devices: [3, 17, 18, 26, 35]
  Total Offload Data: 0.0000
  Sample Device Computation F: [np.float64(163.40441234032107), np.float64(30.422039622890217), np.float64(46.97678728538321), np.float64(119.72014773692955), np.float64(156.42917621370313)]
  Sample Final Data Amounts: [np.float64(0.0), np.float64(0.0), np.float64(0.0), np.float64(58.568737505991784), np.float64(0.0)]

Time Slot 55 Results:
  Selected Devices: [3, 17, 18, 26, 35]
  Total Offload Data: 84.6549
  Sample Device Computation F: [np.float64(83.44041985502597), np.float64(49.4264073788433), np.float64(32.83272166251919), np.float64(193.02718230040637), np.float64(140.85744917900885)]
  Sample Final Data Amounts: [np.float64(0.0), np.float64(0.0), np.float64(0.0), np.float64(64.32272700587276), np.float64(0.0)]

Time Slot 60 Results:
  Selected Devices: [3, 17, 18, 26, 35]
  Total Offload Data: 0.0000
  Sample Device Computation F: [np.float64(198.22039509769417), np.float64(17.696030737663527), np.float64(60.68008366280356), np.float64(108.96160060337782), np.float64(96.66708351848828)]
  Sample Final Data Amounts: [np.float64(0.0), np.float64(0.0), np.float64(0.0), np.float64(57.76766369132589), np.float64(0.0)]

Time Slot 65 Results:
  Selected Devices: [21, 41, 42, 47, 49]
  Total Offload Data: 25.0106
  Sample Device Computation F: [np.float64(126.27832315257444), np.float64(35.00597408393769), np.float64(54.221204590319985), np.float64(269.5593015832771), np.float64(106.45985845670715)]
  Sample Final Data Amounts: [np.float64(0.0), np.float64(0.0), np.float64(0.0), np.float64(0.0), np.float64(0.0)]

Time Slot 70 Results:
  Selected Devices: [21, 41, 42, 47, 49]
  Total Offload Data: 0.0000
  Sample Device Computation F: [np.float64(188.17735077080866), np.float64(36.851761468737536), np.float64(32.933984027330126), np.float64(159.00769350205454), np.float64(67.28432327362249)]
  Sample Final Data Amounts: [np.float64(0.0), np.float64(0.0), np.float64(0.0), np.float64(0.0), np.float64(0.0)]

Time Slot 75 Results:
  Selected Devices: [21, 41, 42, 47, 49]
  Total Offload Data: 241.7779
  Sample Device Computation F: [np.float64(106.5095635929296), np.float64(48.919631903604625), np.float64(53.33646862155487), np.float64(227.2545325708839), np.float64(153.6703843712483)]
  Sample Final Data Amounts: [np.float64(0.0), np.float64(0.0), np.float64(0.0), np.float64(0.0), np.float64(0.0)]

Time Slot 80 Results:
  Selected Devices: [21, 41, 42, 47, 49]
  Total Offload Data: 0.0000
  Sample Device Computation F: [np.float64(118.12357444026802), np.float64(45.928693766776966), np.float64(67.89407180493102), np.float64(116.31847475378822), np.float64(138.9807418195671)]
  Sample Final Data Amounts: [np.float64(0.0), np.float64(0.0), np.float64(0.0), np.float64(0.0), np.float64(0.0)]

Time Slot 85 Results:
  Selected Devices: [7, 14, 18, 31, 40]
  Total Offload Data: 0.0000
  Sample Device Computation F: [np.float64(136.21916441452373), np.float64(17.582699914660783), np.float64(31.707333592640058), np.float64(226.87000615067123), np.float64(118.3858815689685)]
  Sample Final Data Amounts: [np.float64(0.0), np.float64(0.0), np.float64(0.0), np.float64(0.0), np.float64(0.0)]

Time Slot 90 Results:
  Selected Devices: [7, 14, 18, 31, 40]
  Total Offload Data: 0.0000
  Sample Device Computation F: [np.float64(116.33349809117763), np.float64(41.65099557699248), np.float64(65.93832452259366), np.float64(132.66738089618485), np.float64(143.2935922440669)]
  Sample Final Data Amounts: [np.float64(0.0), np.float64(0.0), np.float64(0.0), np.float64(0.0), np.float64(0.0)]

Time Slot 95 Results:
  Selected Devices: [7, 14, 18, 31, 40]
  Total Offload Data: 18.5928
  Sample Device Computation F: [np.float64(114.98098827661902), np.float64(47.470194863065956), np.float64(44.91210223967515), np.float64(229.49460653617885), np.float64(98.52378333126306)]
  Sample Final Data Amounts: [np.float64(0.0), np.float64(0.0), np.float64(0.0), np.float64(0.0), np.float64(0.0)]

Time Slot 100 Results:
  Selected Devices: [7, 14, 18, 31, 40]
  Total Offload Data: 0.0000
  Sample Device Computation F: [np.float64(88.3332751327795), np.float64(48.18630236154838), np.float64(38.81063438793997), np.float64(159.78221362035345), np.float64(72.65249654119928)]
  Sample Final Data Amounts: [np.float64(0.0), np.float64(0.0), np.float64(0.0), np.float64(0.0), np.float64(0.0)]

=== 仿真结果 (N=50) ===
平均吞吐量:
  提出的方法 (T=20): 317.9881
  本地执行: 218.6793
  静态编排: 131.0283
  提出的方法 (T1=20): 317.9881WARNING:root:[WARNING] 可供补充的样本不足，仅剩 2403，将启用重复采样

step1 获取到100个时隙的工作节点以及实际训练量
目标准确率：55.0，目标epoch：100
non-iid
[WARNING] 请求样本数超过数据集，按比例缩放: 0.6767
[INFO] Non-IID 总分配样本数: 49925
  w_locals: 2456.80 MB
  gradient: 2456.80 MB
Round 1, Test Accuracy: 10.390000343322754, Loss: 2.3004028255462647, Global training time: 0.03254645625672059

[INFO] Non-IID 总分配样本数: 26297
  w_locals: 2456.80 MB
  gradient: 2456.80 MB
Round 2, Test Accuracy: 10.369999885559082, Loss: 2.2982967864990234, Global training time: 0.03763449551284702

[INFO] Non-IID 总分配样本数: 22862
  w_locals: 2456.80 MB
  gradient: 2456.80 MB
Round 3, Test Accuracy: 10.0, Loss: 2.296432825469971, Global training time: 0.047398744376814406

[INFO] Non-IID 总分配样本数: 24660
  w_locals: 2456.80 MB
  gradient: 2456.80 MB
Round 4, Test Accuracy: 12.0600004196167, Loss: 2.2935413291931153, Global training time: 0.028947228148767653

[INFO] Non-IID 总分配样本数: 29933
  w_locals: 2456.80 MB
  gradient: 2456.80 MB
Round 5, Test Accuracy: 14.699999809265137, Loss: 2.288591363143921, Global training time: 0.04194506366415541

[INFO] Non-IID 总分配样本数: 28601
  w_locals: 2456.80 MB
  gradient: 2456.80 MB
Round 6, Test Accuracy: 16.6299991607666, Loss: 2.2819095806121825, Global training time: 0.04260491532795609

[INFO] Non-IID 总分配样本数: 27923
  w_locals: 2456.80 MB
  gradient: 2456.80 MB
Round 7, Test Accuracy: 11.34000015258789, Loss: 2.271282504272461, Global training time: 0.056911325003359665

[INFO] Non-IID 总分配样本数: 32266
  w_locals: 2456.80 MB
  gradient: 2456.80 MB
Round 8, Test Accuracy: 15.029999732971191, Loss: 2.2506220893859865, Global training time: 0.04543380528077384

[INFO] Non-IID 总分配样本数: 26864
  w_locals: 2456.80 MB
  gradient: 2456.80 MB
Round 9, Test Accuracy: 20.34000015258789, Loss: 2.219044359207153, Global training time: 0.037275613878029

[INFO] Non-IID 总分配样本数: 24213
  w_locals: 2456.80 MB
  gradient: 2456.80 MB
Round 10, Test Accuracy: 20.239999771118164, Loss: 2.1705185081481932, Global training time: 0.028942591449541578

[INFO] Non-IID 总分配样本数: 27775
  w_locals: 2456.80 MB
  gradient: 2456.80 MB
Round 11, Test Accuracy: 23.40999984741211, Loss: 2.1085937017440797, Global training time: 0.024335266094520046

[INFO] Non-IID 总分配样本数: 23184
  w_locals: 2456.80 MB
  gradient: 2456.80 MB
Round 12, Test Accuracy: 23.459999084472656, Loss: 2.0617758096694945, Global training time: 0.04227163540753177

[INFO] Non-IID 总分配样本数: 24580
  w_locals: 2456.80 MB
  gradient: 2456.80 MB
Round 13, Test Accuracy: 23.549999237060547, Loss: 2.023625555038452, Global training time: 0.046719549858392835

[INFO] Non-IID 总分配样本数: 26473
  w_locals: 2456.80 MB
  gradient: 2456.80 MB
Round 14, Test Accuracy: 25.239999771118164, Loss: 1.9951919214248657, Global training time: 0.021052805891377195

[INFO] Non-IID 总分配样本数: 26864
  w_locals: 2456.80 MB
  gradient: 2456.80 MB
Round 15, Test Accuracy: 27.440000534057617, Loss: 1.9614465209960938, Global training time: 0.04091980559408753

[INFO] Non-IID 总分配样本数: 21548
  w_locals: 2456.80 MB
  gradient: 2456.80 MB
Round 16, Test Accuracy: 27.809999465942383, Loss: 1.9341841102600097, Global training time: 0.04088604416468394

[INFO] Non-IID 总分配样本数: 26222
  w_locals: 2456.80 MB
  gradient: 2456.80 MB
Round 17, Test Accuracy: 28.850000381469727, Loss: 1.8989049112319947, Global training time: 0.05242093774284263

[INFO] Non-IID 总分配样本数: 22074
  w_locals: 2456.80 MB
  gradient: 2456.80 MB
Round 18, Test Accuracy: 29.510000228881836, Loss: 1.9168581979751587, Global training time: 0.041848991792037465

[INFO] Non-IID 总分配样本数: 31274
  w_locals: 2456.80 MB
  gradient: 2456.80 MB
Round 19, Test Accuracy: 31.149999618530273, Loss: 1.8282342744827271, Global training time: 0.055827371184647236

[INFO] Non-IID 总分配样本数: 29847
WARNING:root:[WARNING] 可供补充的样本不足，仅剩 175，将启用重复采样
  w_locals: 2456.80 MB
  gradient: 2456.80 MB
Round 20, Test Accuracy: 32.209999084472656, Loss: 1.7905952198028565, Global training time: 0.03493114526166187

[WARNING] 请求样本数超过数据集，按比例缩放: 0.6960
[INFO] Non-IID 总分配样本数: 50016
  w_locals: 2456.80 MB
  gradient: 2456.80 MB
Round 21, Test Accuracy: 28.860000610351562, Loss: 1.8686293296813965, Global training time: 0.027292294913549214

[INFO] Non-IID 总分配样本数: 20102
  w_locals: 2456.80 MB
  gradient: 2456.80 MB
Round 22, Test Accuracy: 33.900001525878906, Loss: 1.7492488939285278, Global training time: 0.03509224463516332

[INFO] Non-IID 总分配样本数: 22794
  w_locals: 2456.80 MB
  gradient: 2456.80 MB
Round 23, Test Accuracy: 35.470001220703125, Loss: 1.7196015754699707, Global training time: 0.030024267694218457

[INFO] Non-IID 总分配样本数: 26424
  w_locals: 2456.80 MB
  gradient: 2456.80 MB
Round 24, Test Accuracy: 36.380001068115234, Loss: 1.7000845006942749, Global training time: 0.035088077510835154

[INFO] Non-IID 总分配样本数: 21847
  w_locals: 2456.80 MB
  gradient: 2456.80 MB
Round 25, Test Accuracy: 36.310001373291016, Loss: 1.6808556705474853, Global training time: 0.0416042106667421

[INFO] Non-IID 总分配样本数: 29942
  w_locals: 2456.80 MB
  gradient: 2456.80 MB
Round 26, Test Accuracy: 37.939998626708984, Loss: 1.6576672441482545, Global training time: 0.043832403039815136

[INFO] Non-IID 总分配样本数: 25897
  w_locals: 2456.80 MB
  gradient: 2456.80 MB
Round 27, Test Accuracy: 38.599998474121094, Loss: 1.6344679615020752, Global training time: 0.04013441793611434

[INFO] Non-IID 总分配样本数: 24672
  w_locals: 2456.80 MB
  gradient: 2456.80 MB
Round 28, Test Accuracy: 37.59000015258789, Loss: 1.6520630630493165, Global training time: 0.039161008101486164

[INFO] Non-IID 总分配样本数: 24921
  w_locals: 2456.80 MB
  gradient: 2456.80 MB
Round 29, Test Accuracy: 39.77000045776367, Loss: 1.598349888420105, Global training time: 0.054003406519731165

[INFO] Non-IID 总分配样本数: 23887
  w_locals: 2456.80 MB
  gradient: 2456.80 MB
Round 30, Test Accuracy: 41.150001525878906, Loss: 1.5740137071609497, Global training time: 0.04281018008886285

[INFO] Non-IID 总分配样本数: 23105
  w_locals: 2456.80 MB
  gradient: 2456.80 MB
Round 31, Test Accuracy: 41.209999084472656, Loss: 1.5581281364440918, Global training time: 0.02416997955002303

[INFO] Non-IID 总分配样本数: 26222
  w_locals: 2456.80 MB
  gradient: 2456.80 MB
Round 32, Test Accuracy: 41.66999816894531, Loss: 1.5448808994293213, Global training time: 0.035382826260552655

[INFO] Non-IID 总分配样本数: 32240
  w_locals: 2456.80 MB
  gradient: 2456.80 MB
Round 33, Test Accuracy: 42.91999816894531, Loss: 1.5243778030395507, Global training time: 0.054264756872664154

[INFO] Non-IID 总分配样本数: 26636
  w_locals: 2456.80 MB
  gradient: 2456.80 MB
Round 34, Test Accuracy: 43.43000030517578, Loss: 1.5162062551498412, Global training time: 0.06357028362725956

[INFO] Non-IID 总分配样本数: 30635
  w_locals: 2456.80 MB
  gradient: 2456.80 MB
Round 35, Test Accuracy: 44.439998626708984, Loss: 1.496534931755066, Global training time: 0.07084913078625041

[INFO] Non-IID 总分配样本数: 22021
  w_locals: 2456.80 MB
  gradient: 2456.80 MB
Round 36, Test Accuracy: 44.93000030517578, Loss: 1.474008701324463, Global training time: 0.03901547306669665

[INFO] Non-IID 总分配样本数: 27975
  w_locals: 2456.80 MB
  gradient: 2456.80 MB
Round 37, Test Accuracy: 45.77000045776367, Loss: 1.4580644321441651, Global training time: 0.03922790189257267

[INFO] Non-IID 总分配样本数: 28158
  w_locals: 2456.80 MB
  gradient: 2456.80 MB
Round 38, Test Accuracy: 46.27000045776367, Loss: 1.446645440673828, Global training time: 0.026686711090985474

[INFO] Non-IID 总分配样本数: 29057
  w_locals: 2456.80 MB
  gradient: 2456.80 MB
Round 39, Test Accuracy: 46.560001373291016, Loss: 1.4386320941925048, Global training time: 0.053929084211014215

[INFO] Non-IID 总分配样本数: 29715
WARNING:root:[WARNING] 可供补充的样本不足，仅剩 1711，将启用重复采样
  w_locals: 2456.80 MB
  gradient: 2456.80 MB
Round 40, Test Accuracy: 47.709999084472656, Loss: 1.4055625104904175, Global training time: 0.036399717625088014

[WARNING] 请求样本数超过数据集，按比例缩放: 0.6305
[INFO] Non-IID 总分配样本数: 49983
  w_locals: 2456.80 MB
  gradient: 2456.80 MB
Round 41, Test Accuracy: 47.220001220703125, Loss: 1.4179881837844848, Global training time: 0.019010458093184003

[INFO] Non-IID 总分配样本数: 22985
  w_locals: 2456.80 MB
  gradient: 2456.80 MB
Round 42, Test Accuracy: 48.279998779296875, Loss: 1.3845714447021484, Global training time: 0.03384202609110561

[INFO] Non-IID 总分配样本数: 14919
  w_locals: 2456.80 MB
  gradient: 2456.80 MB
Round 43, Test Accuracy: 48.189998626708984, Loss: 1.3987487697601317, Global training time: 0.02054425134787593

[INFO] Non-IID 总分配样本数: 26307
  w_locals: 2456.80 MB
  gradient: 2456.80 MB
Round 44, Test Accuracy: 49.619998931884766, Loss: 1.367909997177124, Global training time: 0.02896057345508773

[INFO] Non-IID 总分配样本数: 15860
  w_locals: 2456.80 MB
  gradient: 2456.80 MB
Round 45, Test Accuracy: 49.279998779296875, Loss: 1.3713364124298095, Global training time: 0.01345280392788371

[INFO] Non-IID 总分配样本数: 17106
  w_locals: 2456.80 MB
  gradient: 2456.80 MB
Round 46, Test Accuracy: 49.459999084472656, Loss: 1.366237869644165, Global training time: 0.023026911030199517

[INFO] Non-IID 总分配样本数: 28062
  w_locals: 2456.80 MB
  gradient: 2456.80 MB
Round 47, Test Accuracy: 48.93000030517578, Loss: 1.3611872493743897, Global training time: 0.042796244618551665

[INFO] Non-IID 总分配样本数: 22933
  w_locals: 2456.80 MB
  gradient: 2456.80 MB
Round 48, Test Accuracy: 49.41999816894531, Loss: 1.3786639862060548, Global training time: 0.0233459237961336

[INFO] Non-IID 总分配样本数: 24016
  w_locals: 2456.80 MB
  gradient: 2456.80 MB
Round 49, Test Accuracy: 50.88999938964844, Loss: 1.3345823080062866, Global training time: 0.05093987549068665

[INFO] Non-IID 总分配样本数: 21725
  w_locals: 2456.80 MB
  gradient: 2456.80 MB
Round 50, Test Accuracy: 48.04999923706055, Loss: 1.4253695852279664, Global training time: 0.023814096432657073

[INFO] Non-IID 总分配样本数: 21330
  w_locals: 2456.80 MB
  gradient: 2456.80 MB
Round 51, Test Accuracy: 51.66999816894531, Loss: 1.3121219928741454, Global training time: 0.04601100969476907

[INFO] Non-IID 总分配样本数: 21459
  w_locals: 2456.80 MB
  gradient: 2456.80 MB
Round 52, Test Accuracy: 51.689998626708984, Loss: 1.3152817941665649, Global training time: 0.030357822570996233

[INFO] Non-IID 总分配样本数: 29936
  w_locals: 2456.80 MB
  gradient: 2456.80 MB
Round 53, Test Accuracy: 52.470001220703125, Loss: 1.299598694229126, Global training time: 0.04872812483622779

[INFO] Non-IID 总分配样本数: 20138
  w_locals: 2456.80 MB
  gradient: 2456.80 MB
Round 54, Test Accuracy: 51.790000915527344, Loss: 1.3252839183807372, Global training time: 0.030709282719530863

[INFO] Non-IID 总分配样本数: 21084
  w_locals: 2456.80 MB
  gradient: 2456.80 MB
Round 55, Test Accuracy: 53.11000061035156, Loss: 1.2902888370513916, Global training time: 0.02413935268935962

[INFO] Non-IID 总分配样本数: 27744
  w_locals: 2456.80 MB
  gradient: 2456.80 MB
Round 56, Test Accuracy: 52.20000076293945, Loss: 1.3008822566986085, Global training time: 0.05033959865287408

[INFO] Non-IID 总分配样本数: 24518
  w_locals: 2456.80 MB
  gradient: 2456.80 MB
Round 57, Test Accuracy: 50.849998474121094, Loss: 1.3409199058532715, Global training time: 0.0526972253511228

[INFO] Non-IID 总分配样本数: 24250
  w_locals: 2456.80 MB
  gradient: 2456.80 MB
Round 58, Test Accuracy: 52.95000076293945, Loss: 1.2832498954772948, Global training time: 0.03861774230409177

[INFO] Non-IID 总分配样本数: 27600
  w_locals: 2456.80 MB
  gradient: 2456.80 MB
Round 59, Test Accuracy: 53.68000030517578, Loss: 1.261975605583191, Global training time: 0.040495799524727344

[INFO] Non-IID 总分配样本数: 20158
WARNING:root:[WARNING] 可供补充的样本不足，仅剩 2696，将启用重复采样
  w_locals: 2456.80 MB
  gradient: 2456.80 MB
Round 60, Test Accuracy: 53.84000015258789, Loss: 1.2615083347320557, Global training time: 0.02815675594710333

[WARNING] 请求样本数超过数据集，按比例缩放: 0.7076
[INFO] Non-IID 总分配样本数: 49876
  w_locals: 2456.80 MB
  gradient: 2456.80 MB
Round 61, Test Accuracy: 55.54999923706055, Loss: 1.231502452468872, Global training time: 0.019994053002570854

[INFO] Non-IID 总分配样本数: 17709
  w_locals: 2456.80 MB
  gradient: 2456.80 MB
Round 62, Test Accuracy: 55.43000030517578, Loss: 1.2272681415557862, Global training time: 0.025549346251120285

[INFO] Non-IID 总分配样本数: 24423
  w_locals: 2456.80 MB
  gradient: 2456.80 MB
Round 63, Test Accuracy: 54.599998474121094, Loss: 1.2403545324325562, Global training time: 0.027811729480205806

[INFO] Non-IID 总分配样本数: 18843
  w_locals: 2456.80 MB
  gradient: 2456.80 MB
Round 64, Test Accuracy: 55.83000183105469, Loss: 1.210868791770935, Global training time: 0.02109009132826273

[INFO] Non-IID 总分配样本数: 26284
  w_locals: 2456.80 MB
  gradient: 2456.80 MB
Round 65, Test Accuracy: 56.939998626708984, Loss: 1.1957023323059082, Global training time: 0.030672450808092225

[INFO] Non-IID 总分配样本数: 20268
  w_locals: 2456.80 MB
  gradient: 2456.80 MB
Round 66, Test Accuracy: 55.380001068115234, Loss: 1.2109613826751708, Global training time: 0.020292330435752542

[INFO] Non-IID 总分配样本数: 14319
  w_locals: 2456.80 MB
  gradient: 2456.80 MB
Round 67, Test Accuracy: 56.310001373291016, Loss: 1.2030751749038697, Global training time: 0.01593001726867971

[INFO] Non-IID 总分配样本数: 27240
  w_locals: 2456.80 MB
  gradient: 2456.80 MB
Round 68, Test Accuracy: 57.029998779296875, Loss: 1.1831624942779542, Global training time: 0.04761549870364585

[INFO] Non-IID 总分配样本数: 22980
  w_locals: 2456.80 MB
  gradient: 2456.80 MB
Round 69, Test Accuracy: 57.0, Loss: 1.1892985219955445, Global training time: 0.025838913659929755

[INFO] Non-IID 总分配样本数: 20295
  w_locals: 2456.80 MB
  gradient: 2456.80 MB
Round 70, Test Accuracy: 56.790000915527344, Loss: 1.1839597450256347, Global training time: 0.030972994052715284

[INFO] Non-IID 总分配样本数: 23811
  w_locals: 2456.80 MB
  gradient: 2456.80 MB
Round 71, Test Accuracy: 56.400001525878906, Loss: 1.1940222370147706, Global training time: 0.04267333933611494

[INFO] Non-IID 总分配样本数: 16170
  w_locals: 2456.80 MB
  gradient: 2456.80 MB
Round 72, Test Accuracy: 58.040000915527344, Loss: 1.1635358472824098, Global training time: 0.030112191648670045

[INFO] Non-IID 总分配样本数: 23159
  w_locals: 2456.80 MB
  gradient: 2456.80 MB
Round 73, Test Accuracy: 58.58000183105469, Loss: 1.1468260076522827, Global training time: 0.028609445162874444

[INFO] Non-IID 总分配样本数: 22929
  w_locals: 2456.80 MB
  gradient: 2456.80 MB
Round 74, Test Accuracy: 57.9900016784668, Loss: 1.15592607421875, Global training time: 0.027444468001127004

[INFO] Non-IID 总分配样本数: 17839
  w_locals: 2456.80 MB
  gradient: 2456.80 MB
Round 75, Test Accuracy: 57.58000183105469, Loss: 1.163686481285095, Global training time: 0.03532211978465837

[INFO] Non-IID 总分配样本数: 23567
  w_locals: 2456.80 MB
  gradient: 2456.80 MB
Round 76, Test Accuracy: 58.86000061035156, Loss: 1.1385537378311157, Global training time: 0.050638283951932615

[INFO] Non-IID 总分配样本数: 21228
  w_locals: 2456.80 MB
  gradient: 2456.80 MB
Round 77, Test Accuracy: 58.939998626708984, Loss: 1.1394510297775269, Global training time: 0.04869361270034299

[INFO] Non-IID 总分配样本数: 16401
  w_locals: 2456.80 MB
  gradient: 2456.80 MB
Round 78, Test Accuracy: 58.189998626708984, Loss: 1.1575289264678954, Global training time: 0.016845188364119672

[INFO] Non-IID 总分配样本数: 22428
  w_locals: 2456.80 MB
  gradient: 2456.80 MB
Round 79, Test Accuracy: 59.68000030517578, Loss: 1.127313812828064, Global training time: 0.05360374842688673

[INFO] Non-IID 总分配样本数: 22394
WARNING:root:[WARNING] 可供补充的样本不足，仅剩 1862，将启用重复采样
  w_locals: 2456.80 MB
  gradient: 2456.80 MB
Round 80, Test Accuracy: 60.119998931884766, Loss: 1.112907557106018, Global training time: 0.051554484617912066

[WARNING] 请求样本数超过数据集，按比例缩放: 0.6446
[INFO] Non-IID 总分配样本数: 49959
  w_locals: 2456.80 MB
  gradient: 2456.80 MB
Round 81, Test Accuracy: 59.93000030517578, Loss: 1.1044839973449707, Global training time: 0.02440932133393333

[INFO] Non-IID 总分配样本数: 26603
  w_locals: 2456.80 MB
  gradient: 2456.80 MB
Round 82, Test Accuracy: 59.66999816894531, Loss: 1.117501142311096, Global training time: 0.03256976424537082

[INFO] Non-IID 总分配样本数: 20470
  w_locals: 2456.80 MB
  gradient: 2456.80 MB
Round 83, Test Accuracy: 60.40999984741211, Loss: 1.0907643262863158, Global training time: 0.026458895245520593

[INFO] Non-IID 总分配样本数: 32774
  w_locals: 2456.80 MB
  gradient: 2456.80 MB
Round 84, Test Accuracy: 60.880001068115234, Loss: 1.0909344734191895, Global training time: 0.05724543428544119

[INFO] Non-IID 总分配样本数: 20211
  w_locals: 2456.80 MB
  gradient: 2456.80 MB
Round 85, Test Accuracy: 61.4900016784668, Loss: 1.070457304573059, Global training time: 0.02674763430600859

[INFO] Non-IID 总分配样本数: 20739
  w_locals: 2456.80 MB
  gradient: 2456.80 MB
Round 86, Test Accuracy: 61.25, Loss: 1.0834829563140869, Global training time: 0.03989742118870338

[INFO] Non-IID 总分配样本数: 24442
  w_locals: 2456.80 MB
  gradient: 2456.80 MB
Round 87, Test Accuracy: 61.79999923706055, Loss: 1.066263383102417, Global training time: 0.03829768741725509

[INFO] Non-IID 总分配样本数: 28227
  w_locals: 2456.80 MB
  gradient: 2456.80 MB
Round 88, Test Accuracy: 61.959999084472656, Loss: 1.0556032669067383, Global training time: 0.02940132839821963

[INFO] Non-IID 总分配样本数: 27343
  w_locals: 2456.80 MB
  gradient: 2456.80 MB
Round 89, Test Accuracy: 61.97999954223633, Loss: 1.0664196620941162, Global training time: 0.044377722082460755

[INFO] Non-IID 总分配样本数: 30548
  w_locals: 2456.80 MB
  gradient: 2456.80 MB
Round 90, Test Accuracy: 62.130001068115234, Loss: 1.060309221458435, Global training time: 0.031218466660738617

[INFO] Non-IID 总分配样本数: 27054
  w_locals: 2456.80 MB
  gradient: 2456.80 MB
Round 91, Test Accuracy: 62.970001220703125, Loss: 1.0551175867080689, Global training time: 0.045246278493101304

[INFO] Non-IID 总分配样本数: 30629
  w_locals: 2456.80 MB
  gradient: 2456.80 MB
Round 92, Test Accuracy: 62.40999984741211, Loss: 1.0499433210372924, Global training time: 0.05668784490755808

[INFO] Non-IID 总分配样本数: 29239
  w_locals: 2456.80 MB
  gradient: 2456.80 MB
Round 93, Test Accuracy: 63.29999923706055, Loss: 1.0374363634109498, Global training time: 0.04375491989319516

[INFO] Non-IID 总分配样本数: 30152
  w_locals: 2456.80 MB
  gradient: 2456.80 MB
Round 94, Test Accuracy: 63.47999954223633, Loss: 1.036246427154541, Global training time: 0.03434673015712027

[INFO] Non-IID 总分配样本数: 26603
  w_locals: 2456.80 MB
  gradient: 2456.80 MB
Round 95, Test Accuracy: 61.959999084472656, Loss: 1.060927029800415, Global training time: 0.029724963675254693

[INFO] Non-IID 总分配样本数: 27448
  w_locals: 2456.80 MB
  gradient: 2456.80 MB
Round 96, Test Accuracy: 62.970001220703125, Loss: 1.0223769384384156, Global training time: 0.03332607623618173

[INFO] Non-IID 总分配样本数: 30835
  w_locals: 2456.80 MB
  gradient: 2456.80 MB
Round 97, Test Accuracy: 63.380001068115234, Loss: 1.0294309556961059, Global training time: 0.044571516799741535

[INFO] Non-IID 总分配样本数: 23609
  w_locals: 2456.80 MB
  gradient: 2456.80 MB
Round 98, Test Accuracy: 63.47999954223633, Loss: 1.0135695809364318, Global training time: 0.03418745635110561

[INFO] Non-IID 总分配样本数: 22289
  w_locals: 2456.80 MB
  gradient: 2456.80 MB
Round 99, Test Accuracy: 64.5999984741211, Loss: 0.9944749079704285, Global training time: 0.036527507966191856

[INFO] Non-IID 总分配样本数: 26323
  w_locals: 2456.80 MB
  gradient: 2456.80 MB
Round 100, Test Accuracy: 64.72000122070312, Loss: 0.9940173965454101, Global training time: 0.049085047742586506

成功保存数据pkl文件
OnlineFL已训练完成，最终结果： {'ais': 2, 'test_accuracies': [tensor(64.7200)], 'global_round_accuracies': [[tensor(10.3900), tensor(10.3700), tensor(10.), tensor(12.0600), tensor(14.7000), tensor(16.6300), tensor(11.3400), tensor(15.0300), tensor(20.3400), tensor(20.2400), tensor(23.4100), tensor(23.4600), tensor(23.5500), tensor(25.2400), tensor(27.4400), tensor(27.8100), tensor(28.8500), tensor(29.5100), tensor(31.1500), tensor(32.2100), tensor(28.8600), tensor(33.9000), tensor(35.4700), tensor(36.3800), tensor(36.3100), tensor(37.9400), tensor(38.6000), tensor(37.5900), tensor(39.7700), tensor(41.1500), tensor(41.2100), tensor(41.6700), tensor(42.9200), tensor(43.4300), tensor(44.4400), tensor(44.9300), tensor(45.7700), tensor(46.2700), tensor(46.5600), tensor(47.7100), tensor(47.2200), tensor(48.2800), tensor(48.1900), tensor(49.6200), tensor(49.2800), tensor(49.4600), tensor(48.9300), tensor(49.4200), tensor(50.8900), tensor(48.0500), tensor(51.6700), tensor(51.6900), tensor(52.4700), tensor(51.7900), tensor(53.1100), tensor(52.2000), tensor(50.8500), tensor(52.9500), tensor(53.6800), tensor(53.8400), tensor(55.5500), tensor(55.4300), tensor(54.6000), tensor(55.8300), tensor(56.9400), tensor(55.3800), tensor(56.3100), tensor(57.0300), tensor(57.), tensor(56.7900), tensor(56.4000), tensor(58.0400), tensor(58.5800), tensor(57.9900), tensor(57.5800), tensor(58.8600), tensor(58.9400), tensor(58.1900), tensor(59.6800), tensor(60.1200), tensor(59.9300), tensor(59.6700), tensor(60.4100), tensor(60.8800), tensor(61.4900), tensor(61.2500), tensor(61.8000), tensor(61.9600), tensor(61.9800), tensor(62.1300), tensor(62.9700), tensor(62.4100), tensor(63.3000), tensor(63.4800), tensor(61.9600), tensor(62.9700), tensor(63.3800), tensor(63.4800), tensor(64.6000), tensor(64.7200)]], 'global_round_times': [[np.float64(0.03254645625672059), np.float64(0.03763449551284702), np.float64(0.047398744376814406), np.float64(0.028947228148767653), np.float64(0.04194506366415541), np.float64(0.04260491532795609), np.float64(0.056911325003359665), np.float64(0.04543380528077384), np.float64(0.037275613878029), np.float64(0.028942591449541578), np.float64(0.024335266094520046), np.float64(0.04227163540753177), np.float64(0.046719549858392835), np.float64(0.021052805891377195), np.float64(0.04091980559408753), np.float64(0.04088604416468394), np.float64(0.05242093774284263), np.float64(0.041848991792037465), np.float64(0.055827371184647236), np.float64(0.03493114526166187), np.float64(0.027292294913549214), np.float64(0.03509224463516332), np.float64(0.030024267694218457), np.float64(0.035088077510835154), np.float64(0.0416042106667421), np.float64(0.043832403039815136), np.float64(0.04013441793611434), np.float64(0.039161008101486164), np.float64(0.054003406519731165), np.float64(0.04281018008886285), np.float64(0.02416997955002303), np.float64(0.035382826260552655), np.float64(0.054264756872664154), np.float64(0.06357028362725956), np.float64(0.07084913078625041), np.float64(0.03901547306669665), np.float64(0.03922790189257267), np.float64(0.026686711090985474), np.float64(0.053929084211014215), np.float64(0.036399717625088014), np.float64(0.019010458093184003), np.float64(0.03384202609110561), np.float64(0.02054425134787593), np.float64(0.02896057345508773), np.float64(0.01345280392788371), np.float64(0.023026911030199517), np.float64(0.042796244618551665), np.float64(0.0233459237961336), np.float64(0.05093987549068665), np.float64(0.023814096432657073), np.float64(0.04601100969476907), np.float64(0.030357822570996233), np.float64(0.04872812483622779), np.float64(0.030709282719530863), np.float64(0.02413935268935962), np.float64(0.05033959865287408), np.float64(0.0526972253511228), np.float64(0.03861774230409177), np.float64(0.040495799524727344), np.float64(0.02815675594710333), np.float64(0.019994053002570854), np.float64(0.025549346251120285), np.float64(0.027811729480205806), np.float64(0.02109009132826273), np.float64(0.030672450808092225), np.float64(0.020292330435752542), np.float64(0.01593001726867971), np.float64(0.04761549870364585), np.float64(0.025838913659929755), np.float64(0.030972994052715284), np.float64(0.04267333933611494), np.float64(0.030112191648670045), np.float64(0.028609445162874444), np.float64(0.027444468001127004), np.float64(0.03532211978465837), np.float64(0.050638283951932615), np.float64(0.04869361270034299), np.float64(0.016845188364119672), np.float64(0.05360374842688673), np.float64(0.051554484617912066), np.float64(0.02440932133393333), np.float64(0.03256976424537082), np.float64(0.026458895245520593), np.float64(0.05724543428544119), np.float64(0.02674763430600859), np.float64(0.03989742118870338), np.float64(0.03829768741725509), np.float64(0.02940132839821963), np.float64(0.044377722082460755), np.float64(0.031218466660738617), np.float64(0.045246278493101304), np.float64(0.05668784490755808), np.float64(0.04375491989319516), np.float64(0.03434673015712027), np.float64(0.029724963675254693), np.float64(0.03332607623618173), np.float64(0.044571516799741535), np.float64(0.03418745635110561), np.float64(0.036527507966191856), np.float64(0.049085047742586506)]]}

Time Slot 5 Results:
  Selected Devices: [4, 14, 29, 40, 47]
  Total Offload Data: 0.0000
  Sample Device Computation F: [np.float64(72.43092839636374), np.float64(43.124255555488794), np.float64(70.85833758123958), np.float64(120.28530369882444), np.float64(147.7395913108063)]
  Sample Final Data Amounts: [np.float64(0.0), np.float64(0.0), np.float64(0.0), np.float64(0.0), np.float64(84.95141983590874)]

Time Slot 10 Results:
  Selected Devices: [4, 14, 29, 40, 47]
  Total Offload Data: 0.0000
  Sample Device Computation F: [np.float64(163.1699510520597), np.float64(36.36667942735024), np.float64(67.1761541609422), np.float64(260.4664018175096), np.float64(157.2757060813715)]
  Sample Final Data Amounts: [np.float64(0.0), np.float64(0.0), np.float64(0.0), np.float64(0.0), np.float64(53.67827630653243)]

Time Slot 15 Results:
  Selected Devices: [4, 14, 29, 40, 47]
  Total Offload Data: 0.0000
  Sample Device Computation F: [np.float64(181.0397563383447), np.float64(51.98316822495741), np.float64(33.40256729422279), np.float64(101.9767226484743), np.float64(90.01512970822141)]
  Sample Final Data Amounts: [np.float64(0.0), np.float64(0.0), np.float64(0.0), np.float64(0.0), np.float64(76.80761523865364)]

Time Slot 20 Results:
  Selected Devices: [4, 14, 29, 40, 47]
  Total Offload Data: 0.0000
  Sample Device Computation F: [np.float64(71.01199933340008), np.float64(35.777044062655186), np.float64(72.0486287154061), np.float64(210.11550790971077), np.float64(153.49221237801416)]
  Sample Final Data Amounts: [np.float64(0.0), np.float64(0.0), np.float64(0.0), np.float64(0.0), np.float64(101.71137608728152)]

Time Slot 25 Results:
  Selected Devices: [12, 18, 26, 38, 42]
  Total Offload Data: 0.0000
  Sample Device Computation F: [np.float64(134.50814538716918), np.float64(42.25733086514728), np.float64(49.184202785138055), np.float64(114.91122929326198), np.float64(124.16784402960184)]
  Sample Final Data Amounts: [np.float64(0.0), np.float64(0.0), np.float64(0.0), np.float64(0.0), np.float64(0.0)]

Time Slot 30 Results:
  Selected Devices: [12, 18, 26, 38, 42]
  Total Offload Data: 0.0000
  Sample Device Computation F: [np.float64(193.16678335603666), np.float64(44.11961415875542), np.float64(45.00560404581462), np.float64(173.636591014116), np.float64(78.43053497051638)]
  Sample Final Data Amounts: [np.float64(0.0), np.float64(0.0), np.float64(0.0), np.float64(0.0), np.float64(0.0)]

Time Slot 35 Results:
  Selected Devices: [12, 18, 26, 38, 42]
  Total Offload Data: 0.0000
  Sample Device Computation F: [np.float64(156.6368475980026), np.float64(46.19282170672403), np.float64(30.33331678269476), np.float64(115.16473765601712), np.float64(96.67633634950009)]
  Sample Final Data Amounts: [np.float64(0.0), np.float64(0.0), np.float64(0.0), np.float64(0.0), np.float64(0.0)]

Time Slot 40 Results:
  Selected Devices: [12, 18, 26, 38, 42]
  Total Offload Data: 157.1288
  Sample Device Computation F: [np.float64(117.18192276084595), np.float64(28.09458983908196), np.float64(61.516534582642834), np.float64(186.75184368112627), np.float64(66.78514049940657)]
  Sample Final Data Amounts: [np.float64(0.0), np.float64(0.0), np.float64(0.0), np.float64(0.0), np.float64(0.0)]

Time Slot 45 Results:
  Selected Devices: [3, 17, 18, 26, 35]
  Total Offload Data: 0.0000
  Sample Device Computation F: [np.float64(135.49540385793208), np.float64(27.652374711807227), np.float64(72.08304411191543), np.float64(262.5569013248089), np.float64(138.44437082267223)]
  Sample Final Data Amounts: [np.float64(0.0), np.float64(0.0), np.float64(0.0), np.float64(41.04910044155302), np.float64(0.0)]

Time Slot 50 Results:
  Selected Devices: [3, 17, 18, 26, 35]
  Total Offload Data: 0.0000
  Sample Device Computation F: [np.float64(163.40441234032107), np.float64(30.422039622890217), np.float64(46.97678728538321), np.float64(119.72014773692955), np.float64(156.42917621370313)]
  Sample Final Data Amounts: [np.float64(0.0), np.float64(0.0), np.float64(0.0), np.float64(58.568737505991784), np.float64(0.0)]

Time Slot 55 Results:
  Selected Devices: [3, 17, 18, 26, 35]
  Total Offload Data: 84.6549
  Sample Device Computation F: [np.float64(83.44041985502597), np.float64(49.4264073788433), np.float64(32.83272166251919), np.float64(193.02718230040637), np.float64(140.85744917900885)]
  Sample Final Data Amounts: [np.float64(0.0), np.float64(0.0), np.float64(0.0), np.float64(64.32272700587276), np.float64(0.0)]

Time Slot 60 Results:
  Selected Devices: [3, 17, 18, 26, 35]
  Total Offload Data: 0.0000
  Sample Device Computation F: [np.float64(198.22039509769417), np.float64(17.696030737663527), np.float64(60.68008366280356), np.float64(108.96160060337782), np.float64(96.66708351848828)]
  Sample Final Data Amounts: [np.float64(0.0), np.float64(0.0), np.float64(0.0), np.float64(57.76766369132589), np.float64(0.0)]

Time Slot 65 Results:
  Selected Devices: [21, 41, 42, 47, 49]
  Total Offload Data: 25.0106
  Sample Device Computation F: [np.float64(126.27832315257444), np.float64(35.00597408393769), np.float64(54.221204590319985), np.float64(269.5593015832771), np.float64(106.45985845670715)]
  Sample Final Data Amounts: [np.float64(0.0), np.float64(0.0), np.float64(0.0), np.float64(0.0), np.float64(0.0)]

Time Slot 70 Results:
  Selected Devices: [21, 41, 42, 47, 49]
  Total Offload Data: 0.0000
  Sample Device Computation F: [np.float64(188.17735077080866), np.float64(36.851761468737536), np.float64(32.933984027330126), np.float64(159.00769350205454), np.float64(67.28432327362249)]
  Sample Final Data Amounts: [np.float64(0.0), np.float64(0.0), np.float64(0.0), np.float64(0.0), np.float64(0.0)]

Time Slot 75 Results:
  Selected Devices: [21, 41, 42, 47, 49]
  Total Offload Data: 241.7779
  Sample Device Computation F: [np.float64(106.5095635929296), np.float64(48.919631903604625), np.float64(53.33646862155487), np.float64(227.2545325708839), np.float64(153.6703843712483)]
  Sample Final Data Amounts: [np.float64(0.0), np.float64(0.0), np.float64(0.0), np.float64(0.0), np.float64(0.0)]

Time Slot 80 Results:
  Selected Devices: [21, 41, 42, 47, 49]
  Total Offload Data: 0.0000
  Sample Device Computation F: [np.float64(118.12357444026802), np.float64(45.928693766776966), np.float64(67.89407180493102), np.float64(116.31847475378822), np.float64(138.9807418195671)]
  Sample Final Data Amounts: [np.float64(0.0), np.float64(0.0), np.float64(0.0), np.float64(0.0), np.float64(0.0)]

Time Slot 85 Results:
  Selected Devices: [7, 14, 18, 31, 40]
  Total Offload Data: 0.0000
  Sample Device Computation F: [np.float64(136.21916441452373), np.float64(17.582699914660783), np.float64(31.707333592640058), np.float64(226.87000615067123), np.float64(118.3858815689685)]
  Sample Final Data Amounts: [np.float64(0.0), np.float64(0.0), np.float64(0.0), np.float64(0.0), np.float64(0.0)]

Time Slot 90 Results:
  Selected Devices: [7, 14, 18, 31, 40]
  Total Offload Data: 0.0000
  Sample Device Computation F: [np.float64(116.33349809117763), np.float64(41.65099557699248), np.float64(65.93832452259366), np.float64(132.66738089618485), np.float64(143.2935922440669)]
  Sample Final Data Amounts: [np.float64(0.0), np.float64(0.0), np.float64(0.0), np.float64(0.0), np.float64(0.0)]

Time Slot 95 Results:
  Selected Devices: [7, 14, 18, 31, 40]
  Total Offload Data: 18.5928
  Sample Device Computation F: [np.float64(114.98098827661902), np.float64(47.470194863065956), np.float64(44.91210223967515), np.float64(229.49460653617885), np.float64(98.52378333126306)]
  Sample Final Data Amounts: [np.float64(0.0), np.float64(0.0), np.float64(0.0), np.float64(0.0), np.float64(0.0)]

Time Slot 100 Results:
  Selected Devices: [7, 14, 18, 31, 40]
  Total Offload Data: 0.0000
  Sample Device Computation F: [np.float64(88.3332751327795), np.float64(48.18630236154838), np.float64(38.81063438793997), np.float64(159.78221362035345), np.float64(72.65249654119928)]
  Sample Final Data Amounts: [np.float64(0.0), np.float64(0.0), np.float64(0.0), np.float64(0.0), np.float64(0.0)]

=== 仿真结果 (N=50) ===
平均吞吐量:
  提出的方法 (T=20): 317.9881
  本地执行: 218.6793
  静态编排: 131.0283
  提出的方法 (T1=20): 317.9881WARNING:root:[WARNING] 可供补充的样本不足，仅剩 2280，将启用重复采样

step1 获取到100个时隙的工作节点以及实际训练量
目标准确率：55.0，目标epoch：100
non-iid
[WARNING] 请求样本数超过数据集，按比例缩放: 0.6767
[INFO] Non-IID 总分配样本数: 49923
  w_locals: 2456.80 MB
  gradient: 2456.80 MB
Round 1, Test Accuracy: 10.0, Loss: 2.3008295848846436, Global training time: 0.026881100642008608

[INFO] Non-IID 总分配样本数: 26297
  w_locals: 2456.80 MB
  gradient: 2456.80 MB
Round 2, Test Accuracy: 13.279999732971191, Loss: 2.298350637435913, Global training time: 0.03729657841574495

[INFO] Non-IID 总分配样本数: 22862
  w_locals: 2456.80 MB
  gradient: 2456.80 MB
Round 3, Test Accuracy: 10.0, Loss: 2.2948973526000978, Global training time: 0.04364364526577067

[INFO] Non-IID 总分配样本数: 24660
  w_locals: 2456.80 MB
  gradient: 2456.80 MB
Round 4, Test Accuracy: 11.579999923706055, Loss: 2.2914930221557617, Global training time: 0.029382735782776545

[INFO] Non-IID 总分配样本数: 29933
  w_locals: 2456.80 MB
  gradient: 2456.80 MB
Round 5, Test Accuracy: 13.220000267028809, Loss: 2.285326671218872, Global training time: 0.043349299410355334

[INFO] Non-IID 总分配样本数: 28601
  w_locals: 2456.80 MB
  gradient: 2456.80 MB
Round 6, Test Accuracy: 12.979999542236328, Loss: 2.276391557312012, Global training time: 0.03616770957644241

[INFO] Non-IID 总分配样本数: 27923
  w_locals: 2456.80 MB
  gradient: 2456.80 MB
Round 7, Test Accuracy: 10.920000076293945, Loss: 2.259628422164917, Global training time: 0.05005216386045349

[INFO] Non-IID 总分配样本数: 32266
  w_locals: 2456.80 MB
  gradient: 2456.80 MB
Round 8, Test Accuracy: 23.389999389648438, Loss: 2.2129938884735108, Global training time: 0.04885584121704127

[INFO] Non-IID 总分配样本数: 26864
  w_locals: 2456.80 MB
  gradient: 2456.80 MB
Round 9, Test Accuracy: 20.610000610351562, Loss: 2.1479280378341676, Global training time: 0.03970352489577994

[INFO] Non-IID 总分配样本数: 24213
  w_locals: 2456.80 MB
  gradient: 2456.80 MB
Round 10, Test Accuracy: 25.790000915527344, Loss: 2.075166679573059, Global training time: 0.031745838564711276

[INFO] Non-IID 总分配样本数: 27775
  w_locals: 2456.80 MB
  gradient: 2456.80 MB
Round 11, Test Accuracy: 26.09000015258789, Loss: 1.9983029386520386, Global training time: 0.024702781273783656

[INFO] Non-IID 总分配样本数: 23184
  w_locals: 2456.80 MB
  gradient: 2456.80 MB
Round 12, Test Accuracy: 28.489999771118164, Loss: 1.9577857612609864, Global training time: 0.037987530391700906

[INFO] Non-IID 总分配样本数: 24580
  w_locals: 2456.80 MB
  gradient: 2456.80 MB
Round 13, Test Accuracy: 28.600000381469727, Loss: 1.922769376373291, Global training time: 0.047646168524523504

[INFO] Non-IID 总分配样本数: 26473
  w_locals: 2456.80 MB
  gradient: 2456.80 MB
Round 14, Test Accuracy: 30.649999618530273, Loss: 1.895162756538391, Global training time: 0.020757397169833814

[INFO] Non-IID 总分配样本数: 26864
  w_locals: 2456.80 MB
  gradient: 2456.80 MB
Round 15, Test Accuracy: 29.81999969482422, Loss: 1.8566043649673463, Global training time: 0.03311378365607743

[INFO] Non-IID 总分配样本数: 21548
  w_locals: 2456.80 MB
  gradient: 2456.80 MB
Round 16, Test Accuracy: 32.66999816894531, Loss: 1.818568451690674, Global training time: 0.038766344752086575

[INFO] Non-IID 总分配样本数: 26222
  w_locals: 2456.80 MB
  gradient: 2456.80 MB
Round 17, Test Accuracy: 33.7400016784668, Loss: 1.7823111227035522, Global training time: 0.05166303072523507

[INFO] Non-IID 总分配样本数: 22074
  w_locals: 2456.80 MB
  gradient: 2456.80 MB
Round 18, Test Accuracy: 34.13999938964844, Loss: 1.748777141571045, Global training time: 0.03955134870346504

[INFO] Non-IID 总分配样本数: 31274
  w_locals: 2456.80 MB
  gradient: 2456.80 MB
Round 19, Test Accuracy: 33.959999084472656, Loss: 1.7440666677474976, Global training time: 0.056837465360840764

[INFO] Non-IID 总分配样本数: 29847
WARNING:root:[WARNING] 可供补充的样本不足，仅剩 560，将启用重复采样
  w_locals: 2456.80 MB
  gradient: 2456.80 MB
Round 20, Test Accuracy: 35.900001525878906, Loss: 1.7088667625427245, Global training time: 0.03145415315501788

[WARNING] 请求样本数超过数据集，按比例缩放: 0.6960
[INFO] Non-IID 总分配样本数: 50011
  w_locals: 2456.80 MB
  gradient: 2456.80 MB
Round 21, Test Accuracy: 37.2599983215332, Loss: 1.6632092222213746, Global training time: 0.0235566868272621

[INFO] Non-IID 总分配样本数: 20102
  w_locals: 2456.80 MB
  gradient: 2456.80 MB
Round 22, Test Accuracy: 37.93000030517578, Loss: 1.6332252841949464, Global training time: 0.03447352722759419

[INFO] Non-IID 总分配样本数: 22794
  w_locals: 2456.80 MB
  gradient: 2456.80 MB
Round 23, Test Accuracy: 39.47999954223633, Loss: 1.6231799871444703, Global training time: 0.02909540466843479

[INFO] Non-IID 总分配样本数: 26424
  w_locals: 2456.80 MB
  gradient: 2456.80 MB
Round 24, Test Accuracy: 39.439998626708984, Loss: 1.6132270374298097, Global training time: 0.03202519756242214

[INFO] Non-IID 总分配样本数: 21847
  w_locals: 2456.80 MB
  gradient: 2456.80 MB
Round 25, Test Accuracy: 39.68000030517578, Loss: 1.5942700971603394, Global training time: 0.03839254377632023

[INFO] Non-IID 总分配样本数: 29942
  w_locals: 2456.80 MB
  gradient: 2456.80 MB
Round 26, Test Accuracy: 40.34000015258789, Loss: 1.6065069160461425, Global training time: 0.04527554561667436

[INFO] Non-IID 总分配样本数: 25897
  w_locals: 2456.80 MB
  gradient: 2456.80 MB
Round 27, Test Accuracy: 41.849998474121094, Loss: 1.5572237031936647, Global training time: 0.0391990983972061

[INFO] Non-IID 总分配样本数: 24672
  w_locals: 2456.80 MB
  gradient: 2456.80 MB
Round 28, Test Accuracy: 42.310001373291016, Loss: 1.5452584774017335, Global training time: 0.04761117342388895

[INFO] Non-IID 总分配样本数: 24921
  w_locals: 2456.80 MB
  gradient: 2456.80 MB
Round 29, Test Accuracy: 43.029998779296875, Loss: 1.517896194076538, Global training time: 0.053605318431540844

[INFO] Non-IID 总分配样本数: 23887
  w_locals: 2456.80 MB
  gradient: 2456.80 MB
Round 30, Test Accuracy: 41.93000030517578, Loss: 1.5549104572296142, Global training time: 0.043250732418154435

[INFO] Non-IID 总分配样本数: 23105
  w_locals: 2456.80 MB
  gradient: 2456.80 MB
Round 31, Test Accuracy: 44.13999938964844, Loss: 1.4923642919540405, Global training time: 0.02270640194151728

[INFO] Non-IID 总分配样本数: 26222
  w_locals: 2456.80 MB
  gradient: 2456.80 MB
Round 32, Test Accuracy: 44.45000076293945, Loss: 1.4939246025085449, Global training time: 0.03698497670085482

[INFO] Non-IID 总分配样本数: 32240
  w_locals: 2456.80 MB
  gradient: 2456.80 MB
Round 33, Test Accuracy: 43.97999954223633, Loss: 1.485880941581726, Global training time: 0.05454633789842436

[INFO] Non-IID 总分配样本数: 26636
  w_locals: 2456.80 MB
  gradient: 2456.80 MB
Round 34, Test Accuracy: 46.279998779296875, Loss: 1.4523723596572875, Global training time: 0.053391527158499714

[INFO] Non-IID 总分配样本数: 30635
  w_locals: 2456.80 MB
  gradient: 2456.80 MB
Round 35, Test Accuracy: 46.33000183105469, Loss: 1.471810844230652, Global training time: 0.065787089724744

[INFO] Non-IID 总分配样本数: 22021
  w_locals: 2456.80 MB
  gradient: 2456.80 MB
Round 36, Test Accuracy: 47.34000015258789, Loss: 1.4260816013336182, Global training time: 0.05244538685174584

[INFO] Non-IID 总分配样本数: 27975
  w_locals: 2456.80 MB
  gradient: 2456.80 MB
Round 37, Test Accuracy: 47.09000015258789, Loss: 1.4332475103378295, Global training time: 0.03773683030812427

[INFO] Non-IID 总分配样本数: 28158
  w_locals: 2456.80 MB
  gradient: 2456.80 MB
Round 38, Test Accuracy: 48.20000076293945, Loss: 1.414961597442627, Global training time: 0.03000560738396473

[INFO] Non-IID 总分配样本数: 29057
  w_locals: 2456.80 MB
  gradient: 2456.80 MB
Round 39, Test Accuracy: 49.15999984741211, Loss: 1.385633226776123, Global training time: 0.04586592315054941

[INFO] Non-IID 总分配样本数: 29715
WARNING:root:[WARNING] 可供补充的样本不足，仅剩 1166，将启用重复采样
  w_locals: 2456.80 MB
  gradient: 2456.80 MB
Round 40, Test Accuracy: 48.099998474121094, Loss: 1.40579534034729, Global training time: 0.03554012055660253

[WARNING] 请求样本数超过数据集，按比例缩放: 0.6305
[INFO] Non-IID 总分配样本数: 49985
  w_locals: 2456.80 MB
  gradient: 2456.80 MB
Round 41, Test Accuracy: 49.970001220703125, Loss: 1.3712028484344483, Global training time: 0.020033413175740138

[INFO] Non-IID 总分配样本数: 22985
  w_locals: 2456.80 MB
  gradient: 2456.80 MB
Round 42, Test Accuracy: 49.650001525878906, Loss: 1.3661293941497803, Global training time: 0.03644381292786107

[INFO] Non-IID 总分配样本数: 14919
  w_locals: 2456.80 MB
  gradient: 2456.80 MB
Round 43, Test Accuracy: 47.869998931884766, Loss: 1.399006373977661, Global training time: 0.023157722831882697

[INFO] Non-IID 总分配样本数: 26307
  w_locals: 2456.80 MB
  gradient: 2456.80 MB
Round 44, Test Accuracy: 49.66999816894531, Loss: 1.3732864469528199, Global training time: 0.030858385756596787

[INFO] Non-IID 总分配样本数: 15860
  w_locals: 2456.80 MB
  gradient: 2456.80 MB
Round 45, Test Accuracy: 51.0, Loss: 1.3370904121398925, Global training time: 0.015321709174207996

[INFO] Non-IID 总分配样本数: 17106
  w_locals: 2456.80 MB
  gradient: 2456.80 MB
Round 46, Test Accuracy: 51.5099983215332, Loss: 1.3339626384735108, Global training time: 0.026760664336857927

[INFO] Non-IID 总分配样本数: 28062
  w_locals: 2456.80 MB
  gradient: 2456.80 MB
Round 47, Test Accuracy: 49.939998626708984, Loss: 1.3818289825439454, Global training time: 0.04434603471651461

[INFO] Non-IID 总分配样本数: 22933
  w_locals: 2456.80 MB
  gradient: 2456.80 MB
Round 48, Test Accuracy: 52.040000915527344, Loss: 1.3253929065704346, Global training time: 0.026687740828940827

[INFO] Non-IID 总分配样本数: 24016
  w_locals: 2456.80 MB
  gradient: 2456.80 MB
Round 49, Test Accuracy: 52.459999084472656, Loss: 1.2985945543289183, Global training time: 0.04266137788392391

[INFO] Non-IID 总分配样本数: 21725
  w_locals: 2456.80 MB
  gradient: 2456.80 MB
Round 50, Test Accuracy: 51.0099983215332, Loss: 1.3484137134552001, Global training time: 0.02845689217150891

[INFO] Non-IID 总分配样本数: 21330
  w_locals: 2456.80 MB
  gradient: 2456.80 MB
Round 51, Test Accuracy: 53.2599983215332, Loss: 1.2878940605163574, Global training time: 0.05083809157391972

[INFO] Non-IID 总分配样本数: 21459
  w_locals: 2456.80 MB
  gradient: 2456.80 MB
Round 52, Test Accuracy: 53.08000183105469, Loss: 1.2870373666763306, Global training time: 0.03275721889183971

[INFO] Non-IID 总分配样本数: 29936
  w_locals: 2456.80 MB
  gradient: 2456.80 MB
Round 53, Test Accuracy: 53.83000183105469, Loss: 1.2702249963760377, Global training time: 0.05582329291050615

[INFO] Non-IID 总分配样本数: 20138
  w_locals: 2456.80 MB
  gradient: 2456.80 MB
Round 54, Test Accuracy: 54.11000061035156, Loss: 1.2691720804214477, Global training time: 0.028207290292544446

[INFO] Non-IID 总分配样本数: 21084
  w_locals: 2456.80 MB
  gradient: 2456.80 MB
Round 55, Test Accuracy: 54.38999938964844, Loss: 1.254225138092041, Global training time: 0.02713527616591831

[INFO] Non-IID 总分配样本数: 27744
  w_locals: 2456.80 MB
  gradient: 2456.80 MB
Round 56, Test Accuracy: 54.08000183105469, Loss: 1.2673623201370239, Global training time: 0.05187876012920425

[INFO] Non-IID 总分配样本数: 24518
  w_locals: 2456.80 MB
  gradient: 2456.80 MB
Round 57, Test Accuracy: 54.290000915527344, Loss: 1.2500394519805909, Global training time: 0.05789929825301567

[INFO] Non-IID 总分配样本数: 24250
  w_locals: 2456.80 MB
  gradient: 2456.80 MB
Round 58, Test Accuracy: 53.58000183105469, Loss: 1.2722393362045288, Global training time: 0.040402290513846445

[INFO] Non-IID 总分配样本数: 27600
  w_locals: 2456.80 MB
  gradient: 2456.80 MB
Round 59, Test Accuracy: 54.54999923706055, Loss: 1.2513095952987672, Global training time: 0.04436047615603113

[INFO] Non-IID 总分配样本数: 20158
WARNING:root:[WARNING] 可供补充的样本不足，仅剩 2757，将启用重复采样
  w_locals: 2456.80 MB
  gradient: 2456.80 MB
Round 60, Test Accuracy: 56.060001373291016, Loss: 1.2156584290504455, Global training time: 0.032679440275452706

[WARNING] 请求样本数超过数据集，按比例缩放: 0.7076
[INFO] Non-IID 总分配样本数: 49896
  w_locals: 2456.80 MB
  gradient: 2456.80 MB
Round 61, Test Accuracy: 54.869998931884766, Loss: 1.2429801591873169, Global training time: 0.020190772301015215

[INFO] Non-IID 总分配样本数: 17709
  w_locals: 2456.80 MB
  gradient: 2456.80 MB
Round 62, Test Accuracy: 55.79999923706055, Loss: 1.2203624822616577, Global training time: 0.02458847832262602

[INFO] Non-IID 总分配样本数: 24423
  w_locals: 2456.80 MB
  gradient: 2456.80 MB
Round 63, Test Accuracy: 57.0099983215332, Loss: 1.1954002778053283, Global training time: 0.03192944547407758

[INFO] Non-IID 总分配样本数: 18843
  w_locals: 2456.80 MB
  gradient: 2456.80 MB
Round 64, Test Accuracy: 55.900001525878906, Loss: 1.211362929725647, Global training time: 0.020979459023711733

[INFO] Non-IID 总分配样本数: 26284
  w_locals: 2456.80 MB
  gradient: 2456.80 MB
Round 65, Test Accuracy: 56.400001525878906, Loss: 1.2041839617729186, Global training time: 0.03735194484000048

[INFO] Non-IID 总分配样本数: 20268
  w_locals: 2456.80 MB
  gradient: 2456.80 MB
Round 66, Test Accuracy: 55.47999954223633, Loss: 1.2322956389427184, Global training time: 0.017635886442007996

[INFO] Non-IID 总分配样本数: 14319
  w_locals: 2456.80 MB
  gradient: 2456.80 MB
Round 67, Test Accuracy: 57.040000915527344, Loss: 1.1992008472442628, Global training time: 0.018627350318399506

[INFO] Non-IID 总分配样本数: 27240
  w_locals: 2456.80 MB
  gradient: 2456.80 MB
Round 68, Test Accuracy: 57.970001220703125, Loss: 1.1619201685905456, Global training time: 0.04573900082881622

[INFO] Non-IID 总分配样本数: 22980
  w_locals: 2456.80 MB
  gradient: 2456.80 MB
Round 69, Test Accuracy: 57.91999816894531, Loss: 1.1624795969963073, Global training time: 0.02847547314895321

[INFO] Non-IID 总分配样本数: 20295
  w_locals: 2456.80 MB
  gradient: 2456.80 MB
Round 70, Test Accuracy: 58.43000030517578, Loss: 1.1615379014968872, Global training time: 0.024411377450384155

[INFO] Non-IID 总分配样本数: 23811
  w_locals: 2456.80 MB
  gradient: 2456.80 MB
Round 71, Test Accuracy: 57.68000030517578, Loss: 1.1773168947219848, Global training time: 0.04814759635851079

[INFO] Non-IID 总分配样本数: 16170
  w_locals: 2456.80 MB
  gradient: 2456.80 MB
Round 72, Test Accuracy: 57.369998931884766, Loss: 1.1798731553077697, Global training time: 0.026992327040586305

[INFO] Non-IID 总分配样本数: 23159
  w_locals: 2456.80 MB
  gradient: 2456.80 MB
Round 73, Test Accuracy: 58.279998779296875, Loss: 1.1571382316589356, Global training time: 0.02464881589284265

[INFO] Non-IID 总分配样本数: 22929
  w_locals: 2456.80 MB
  gradient: 2456.80 MB
Round 74, Test Accuracy: 59.33000183105469, Loss: 1.1304503814697267, Global training time: 0.026598543429240964

[INFO] Non-IID 总分配样本数: 17839
  w_locals: 2456.80 MB
  gradient: 2456.80 MB
Round 75, Test Accuracy: 59.220001220703125, Loss: 1.1349424993515014, Global training time: 0.03133885128407971

[INFO] Non-IID 总分配样本数: 23567
  w_locals: 2456.80 MB
  gradient: 2456.80 MB
Round 76, Test Accuracy: 59.86000061035156, Loss: 1.1161680934906006, Global training time: 0.04994386515250869

[INFO] Non-IID 总分配样本数: 21228
  w_locals: 2456.80 MB
  gradient: 2456.80 MB
Round 77, Test Accuracy: 60.099998474121094, Loss: 1.104144426345825, Global training time: 0.038930269046052124

[INFO] Non-IID 总分配样本数: 16401
  w_locals: 2456.80 MB
  gradient: 2456.80 MB
Round 78, Test Accuracy: 58.150001525878906, Loss: 1.166326925945282, Global training time: 0.014540072276254238

[INFO] Non-IID 总分配样本数: 22428
  w_locals: 2456.80 MB
  gradient: 2456.80 MB
Round 79, Test Accuracy: 60.279998779296875, Loss: 1.1006456098556519, Global training time: 0.051663313227969306

[INFO] Non-IID 总分配样本数: 22394
WARNING:root:[WARNING] 可供补充的样本不足，仅剩 1714，将启用重复采样
  w_locals: 2456.80 MB
  gradient: 2456.80 MB
Round 80, Test Accuracy: 56.97999954223633, Loss: 1.2174298797607421, Global training time: 0.045845290283861855

[WARNING] 请求样本数超过数据集，按比例缩放: 0.6446
[INFO] Non-IID 总分配样本数: 49958
  w_locals: 2456.80 MB
  gradient: 2456.80 MB
Round 81, Test Accuracy: 60.13999938964844, Loss: 1.1081509744644165, Global training time: 0.025173034787998875

[INFO] Non-IID 总分配样本数: 26603
  w_locals: 2456.80 MB
  gradient: 2456.80 MB
Round 82, Test Accuracy: 60.540000915527344, Loss: 1.0964505342483521, Global training time: 0.029333403151398096

[INFO] Non-IID 总分配样本数: 20470
  w_locals: 2456.80 MB
  gradient: 2456.80 MB
Round 83, Test Accuracy: 61.22999954223633, Loss: 1.0792942586898804, Global training time: 0.022231518343617935

[INFO] Non-IID 总分配样本数: 32774
  w_locals: 2456.80 MB
  gradient: 2456.80 MB
Round 84, Test Accuracy: 61.97999954223633, Loss: 1.067900345802307, Global training time: 0.05244883883560364

[INFO] Non-IID 总分配样本数: 20211
  w_locals: 2456.80 MB
  gradient: 2456.80 MB
Round 85, Test Accuracy: 61.63999938964844, Loss: 1.073097246646881, Global training time: 0.024731938631326618

[INFO] Non-IID 总分配样本数: 20739
  w_locals: 2456.80 MB
  gradient: 2456.80 MB
Round 86, Test Accuracy: 61.0099983215332, Loss: 1.088822508430481, Global training time: 0.033425395518954

[INFO] Non-IID 总分配样本数: 24442
  w_locals: 2456.80 MB
  gradient: 2456.80 MB
Round 87, Test Accuracy: 60.540000915527344, Loss: 1.1015678087234497, Global training time: 0.02952273259223861

[INFO] Non-IID 总分配样本数: 28227
  w_locals: 2456.80 MB
  gradient: 2456.80 MB
Round 88, Test Accuracy: 61.16999816894531, Loss: 1.0856186538696289, Global training time: 0.027895540062482363

[INFO] Non-IID 总分配样本数: 27343
  w_locals: 2456.80 MB
  gradient: 2456.80 MB
Round 89, Test Accuracy: 61.459999084472656, Loss: 1.0788135308265685, Global training time: 0.04068802637693282

[INFO] Non-IID 总分配样本数: 30548
  w_locals: 2456.80 MB
  gradient: 2456.80 MB
Round 90, Test Accuracy: 63.11000061035156, Loss: 1.0308006754875183, Global training time: 0.031432016817325645

[INFO] Non-IID 总分配样本数: 27054
  w_locals: 2456.80 MB
  gradient: 2456.80 MB
Round 91, Test Accuracy: 62.630001068115234, Loss: 1.0413170919418335, Global training time: 0.04480832497410791

[INFO] Non-IID 总分配样本数: 30629
  w_locals: 2456.80 MB
  gradient: 2456.80 MB
Round 92, Test Accuracy: 61.290000915527344, Loss: 1.1057640628814698, Global training time: 0.0594899563691234

[INFO] Non-IID 总分配样本数: 29239
  w_locals: 2456.80 MB
  gradient: 2456.80 MB
Round 93, Test Accuracy: 63.130001068115234, Loss: 1.035440391254425, Global training time: 0.03962111917614063

[INFO] Non-IID 总分配样本数: 30152
  w_locals: 2456.80 MB
  gradient: 2456.80 MB
Round 94, Test Accuracy: 63.380001068115234, Loss: 1.0227952079772948, Global training time: 0.034880772189837296

[INFO] Non-IID 总分配样本数: 26603
  w_locals: 2456.80 MB
  gradient: 2456.80 MB
Round 95, Test Accuracy: 63.720001220703125, Loss: 1.0131086174964905, Global training time: 0.0320822929487811

[INFO] Non-IID 总分配样本数: 27448
  w_locals: 2456.80 MB
  gradient: 2456.80 MB
Round 96, Test Accuracy: 63.900001525878906, Loss: 1.0251607719421387, Global training time: 0.03579856707740133

[INFO] Non-IID 总分配样本数: 30835
  w_locals: 2456.80 MB
  gradient: 2456.80 MB
Round 97, Test Accuracy: 64.2699966430664, Loss: 1.0120527314186096, Global training time: 0.04317911176677294

[INFO] Non-IID 总分配样本数: 23609
  w_locals: 2456.80 MB
  gradient: 2456.80 MB
Round 98, Test Accuracy: 64.43000030517578, Loss: 0.9993205659866333, Global training time: 0.029788221150561765

[INFO] Non-IID 总分配样本数: 22289
  w_locals: 2456.80 MB
  gradient: 2456.80 MB
Round 99, Test Accuracy: 58.5, Loss: 1.1724695536613465, Global training time: 0.03430249123622101

[INFO] Non-IID 总分配样本数: 26323
  w_locals: 2456.80 MB
  gradient: 2456.80 MB
Round 100, Test Accuracy: 64.12999725341797, Loss: 1.0133143211364746, Global training time: 0.04812026334454545

成功保存数据pkl文件
OnlineFL已训练完成，最终结果： {'ais': 2, 'test_accuracies': [tensor(64.1300)], 'global_round_accuracies': [[tensor(10.), tensor(13.2800), tensor(10.), tensor(11.5800), tensor(13.2200), tensor(12.9800), tensor(10.9200), tensor(23.3900), tensor(20.6100), tensor(25.7900), tensor(26.0900), tensor(28.4900), tensor(28.6000), tensor(30.6500), tensor(29.8200), tensor(32.6700), tensor(33.7400), tensor(34.1400), tensor(33.9600), tensor(35.9000), tensor(37.2600), tensor(37.9300), tensor(39.4800), tensor(39.4400), tensor(39.6800), tensor(40.3400), tensor(41.8500), tensor(42.3100), tensor(43.0300), tensor(41.9300), tensor(44.1400), tensor(44.4500), tensor(43.9800), tensor(46.2800), tensor(46.3300), tensor(47.3400), tensor(47.0900), tensor(48.2000), tensor(49.1600), tensor(48.1000), tensor(49.9700), tensor(49.6500), tensor(47.8700), tensor(49.6700), tensor(51.), tensor(51.5100), tensor(49.9400), tensor(52.0400), tensor(52.4600), tensor(51.0100), tensor(53.2600), tensor(53.0800), tensor(53.8300), tensor(54.1100), tensor(54.3900), tensor(54.0800), tensor(54.2900), tensor(53.5800), tensor(54.5500), tensor(56.0600), tensor(54.8700), tensor(55.8000), tensor(57.0100), tensor(55.9000), tensor(56.4000), tensor(55.4800), tensor(57.0400), tensor(57.9700), tensor(57.9200), tensor(58.4300), tensor(57.6800), tensor(57.3700), tensor(58.2800), tensor(59.3300), tensor(59.2200), tensor(59.8600), tensor(60.1000), tensor(58.1500), tensor(60.2800), tensor(56.9800), tensor(60.1400), tensor(60.5400), tensor(61.2300), tensor(61.9800), tensor(61.6400), tensor(61.0100), tensor(60.5400), tensor(61.1700), tensor(61.4600), tensor(63.1100), tensor(62.6300), tensor(61.2900), tensor(63.1300), tensor(63.3800), tensor(63.7200), tensor(63.9000), tensor(64.2700), tensor(64.4300), tensor(58.5000), tensor(64.1300)]], 'global_round_times': [[np.float64(0.026881100642008608), np.float64(0.03729657841574495), np.float64(0.04364364526577067), np.float64(0.029382735782776545), np.float64(0.043349299410355334), np.float64(0.03616770957644241), np.float64(0.05005216386045349), np.float64(0.04885584121704127), np.float64(0.03970352489577994), np.float64(0.031745838564711276), np.float64(0.024702781273783656), np.float64(0.037987530391700906), np.float64(0.047646168524523504), np.float64(0.020757397169833814), np.float64(0.03311378365607743), np.float64(0.038766344752086575), np.float64(0.05166303072523507), np.float64(0.03955134870346504), np.float64(0.056837465360840764), np.float64(0.03145415315501788), np.float64(0.0235566868272621), np.float64(0.03447352722759419), np.float64(0.02909540466843479), np.float64(0.03202519756242214), np.float64(0.03839254377632023), np.float64(0.04527554561667436), np.float64(0.0391990983972061), np.float64(0.04761117342388895), np.float64(0.053605318431540844), np.float64(0.043250732418154435), np.float64(0.02270640194151728), np.float64(0.03698497670085482), np.float64(0.05454633789842436), np.float64(0.053391527158499714), np.float64(0.065787089724744), np.float64(0.05244538685174584), np.float64(0.03773683030812427), np.float64(0.03000560738396473), np.float64(0.04586592315054941), np.float64(0.03554012055660253), np.float64(0.020033413175740138), np.float64(0.03644381292786107), np.float64(0.023157722831882697), np.float64(0.030858385756596787), np.float64(0.015321709174207996), np.float64(0.026760664336857927), np.float64(0.04434603471651461), np.float64(0.026687740828940827), np.float64(0.04266137788392391), np.float64(0.02845689217150891), np.float64(0.05083809157391972), np.float64(0.03275721889183971), np.float64(0.05582329291050615), np.float64(0.028207290292544446), np.float64(0.02713527616591831), np.float64(0.05187876012920425), np.float64(0.05789929825301567), np.float64(0.040402290513846445), np.float64(0.04436047615603113), np.float64(0.032679440275452706), np.float64(0.020190772301015215), np.float64(0.02458847832262602), np.float64(0.03192944547407758), np.float64(0.020979459023711733), np.float64(0.03735194484000048), np.float64(0.017635886442007996), np.float64(0.018627350318399506), np.float64(0.04573900082881622), np.float64(0.02847547314895321), np.float64(0.024411377450384155), np.float64(0.04814759635851079), np.float64(0.026992327040586305), np.float64(0.02464881589284265), np.float64(0.026598543429240964), np.float64(0.03133885128407971), np.float64(0.04994386515250869), np.float64(0.038930269046052124), np.float64(0.014540072276254238), np.float64(0.051663313227969306), np.float64(0.045845290283861855), np.float64(0.025173034787998875), np.float64(0.029333403151398096), np.float64(0.022231518343617935), np.float64(0.05244883883560364), np.float64(0.024731938631326618), np.float64(0.033425395518954), np.float64(0.02952273259223861), np.float64(0.027895540062482363), np.float64(0.04068802637693282), np.float64(0.031432016817325645), np.float64(0.04480832497410791), np.float64(0.0594899563691234), np.float64(0.03962111917614063), np.float64(0.034880772189837296), np.float64(0.0320822929487811), np.float64(0.03579856707740133), np.float64(0.04317911176677294), np.float64(0.029788221150561765), np.float64(0.03430249123622101), np.float64(0.04812026334454545)]]}

Time Slot 5 Results:
  Selected Devices: [4, 14, 29, 40, 47]
  Total Offload Data: 0.0000
  Sample Device Computation F: [np.float64(72.43092839636374), np.float64(43.124255555488794), np.float64(70.85833758123958), np.float64(120.28530369882444), np.float64(147.7395913108063)]
  Sample Final Data Amounts: [np.float64(0.0), np.float64(0.0), np.float64(0.0), np.float64(0.0), np.float64(84.95141983590874)]

Time Slot 10 Results:
  Selected Devices: [4, 14, 29, 40, 47]
  Total Offload Data: 0.0000
  Sample Device Computation F: [np.float64(163.1699510520597), np.float64(36.36667942735024), np.float64(67.1761541609422), np.float64(260.4664018175096), np.float64(157.2757060813715)]
  Sample Final Data Amounts: [np.float64(0.0), np.float64(0.0), np.float64(0.0), np.float64(0.0), np.float64(53.67827630653243)]

Time Slot 15 Results:
  Selected Devices: [4, 14, 29, 40, 47]
  Total Offload Data: 0.0000
  Sample Device Computation F: [np.float64(181.0397563383447), np.float64(51.98316822495741), np.float64(33.40256729422279), np.float64(101.9767226484743), np.float64(90.01512970822141)]
  Sample Final Data Amounts: [np.float64(0.0), np.float64(0.0), np.float64(0.0), np.float64(0.0), np.float64(76.80761523865364)]

Time Slot 20 Results:
  Selected Devices: [4, 14, 29, 40, 47]
  Total Offload Data: 0.0000
  Sample Device Computation F: [np.float64(71.01199933340008), np.float64(35.777044062655186), np.float64(72.0486287154061), np.float64(210.11550790971077), np.float64(153.49221237801416)]
  Sample Final Data Amounts: [np.float64(0.0), np.float64(0.0), np.float64(0.0), np.float64(0.0), np.float64(101.71137608728152)]

Time Slot 25 Results:
  Selected Devices: [12, 18, 26, 38, 42]
  Total Offload Data: 0.0000
  Sample Device Computation F: [np.float64(134.50814538716918), np.float64(42.25733086514728), np.float64(49.184202785138055), np.float64(114.91122929326198), np.float64(124.16784402960184)]
  Sample Final Data Amounts: [np.float64(0.0), np.float64(0.0), np.float64(0.0), np.float64(0.0), np.float64(0.0)]

Time Slot 30 Results:
  Selected Devices: [12, 18, 26, 38, 42]
  Total Offload Data: 0.0000
  Sample Device Computation F: [np.float64(193.16678335603666), np.float64(44.11961415875542), np.float64(45.00560404581462), np.float64(173.636591014116), np.float64(78.43053497051638)]
  Sample Final Data Amounts: [np.float64(0.0), np.float64(0.0), np.float64(0.0), np.float64(0.0), np.float64(0.0)]

Time Slot 35 Results:
  Selected Devices: [12, 18, 26, 38, 42]
  Total Offload Data: 0.0000
  Sample Device Computation F: [np.float64(156.6368475980026), np.float64(46.19282170672403), np.float64(30.33331678269476), np.float64(115.16473765601712), np.float64(96.67633634950009)]
  Sample Final Data Amounts: [np.float64(0.0), np.float64(0.0), np.float64(0.0), np.float64(0.0), np.float64(0.0)]

Time Slot 40 Results:
  Selected Devices: [12, 18, 26, 38, 42]
  Total Offload Data: 157.1288
  Sample Device Computation F: [np.float64(117.18192276084595), np.float64(28.09458983908196), np.float64(61.516534582642834), np.float64(186.75184368112627), np.float64(66.78514049940657)]
  Sample Final Data Amounts: [np.float64(0.0), np.float64(0.0), np.float64(0.0), np.float64(0.0), np.float64(0.0)]

Time Slot 45 Results:
  Selected Devices: [3, 17, 18, 26, 35]
  Total Offload Data: 0.0000
  Sample Device Computation F: [np.float64(135.49540385793208), np.float64(27.652374711807227), np.float64(72.08304411191543), np.float64(262.5569013248089), np.float64(138.44437082267223)]
  Sample Final Data Amounts: [np.float64(0.0), np.float64(0.0), np.float64(0.0), np.float64(41.04910044155302), np.float64(0.0)]

Time Slot 50 Results:
  Selected Devices: [3, 17, 18, 26, 35]
  Total Offload Data: 0.0000
  Sample Device Computation F: [np.float64(163.40441234032107), np.float64(30.422039622890217), np.float64(46.97678728538321), np.float64(119.72014773692955), np.float64(156.42917621370313)]
  Sample Final Data Amounts: [np.float64(0.0), np.float64(0.0), np.float64(0.0), np.float64(58.568737505991784), np.float64(0.0)]

Time Slot 55 Results:
  Selected Devices: [3, 17, 18, 26, 35]
  Total Offload Data: 84.6549
  Sample Device Computation F: [np.float64(83.44041985502597), np.float64(49.4264073788433), np.float64(32.83272166251919), np.float64(193.02718230040637), np.float64(140.85744917900885)]
  Sample Final Data Amounts: [np.float64(0.0), np.float64(0.0), np.float64(0.0), np.float64(64.32272700587276), np.float64(0.0)]

Time Slot 60 Results:
  Selected Devices: [3, 17, 18, 26, 35]
  Total Offload Data: 0.0000
  Sample Device Computation F: [np.float64(198.22039509769417), np.float64(17.696030737663527), np.float64(60.68008366280356), np.float64(108.96160060337782), np.float64(96.66708351848828)]
  Sample Final Data Amounts: [np.float64(0.0), np.float64(0.0), np.float64(0.0), np.float64(57.76766369132589), np.float64(0.0)]

Time Slot 65 Results:
  Selected Devices: [21, 41, 42, 47, 49]
  Total Offload Data: 25.0106
  Sample Device Computation F: [np.float64(126.27832315257444), np.float64(35.00597408393769), np.float64(54.221204590319985), np.float64(269.5593015832771), np.float64(106.45985845670715)]
  Sample Final Data Amounts: [np.float64(0.0), np.float64(0.0), np.float64(0.0), np.float64(0.0), np.float64(0.0)]

Time Slot 70 Results:
  Selected Devices: [21, 41, 42, 47, 49]
  Total Offload Data: 0.0000
  Sample Device Computation F: [np.float64(188.17735077080866), np.float64(36.851761468737536), np.float64(32.933984027330126), np.float64(159.00769350205454), np.float64(67.28432327362249)]
  Sample Final Data Amounts: [np.float64(0.0), np.float64(0.0), np.float64(0.0), np.float64(0.0), np.float64(0.0)]

Time Slot 75 Results:
  Selected Devices: [21, 41, 42, 47, 49]
  Total Offload Data: 241.7779
  Sample Device Computation F: [np.float64(106.5095635929296), np.float64(48.919631903604625), np.float64(53.33646862155487), np.float64(227.2545325708839), np.float64(153.6703843712483)]
  Sample Final Data Amounts: [np.float64(0.0), np.float64(0.0), np.float64(0.0), np.float64(0.0), np.float64(0.0)]

Time Slot 80 Results:
  Selected Devices: [21, 41, 42, 47, 49]
  Total Offload Data: 0.0000
  Sample Device Computation F: [np.float64(118.12357444026802), np.float64(45.928693766776966), np.float64(67.89407180493102), np.float64(116.31847475378822), np.float64(138.9807418195671)]
  Sample Final Data Amounts: [np.float64(0.0), np.float64(0.0), np.float64(0.0), np.float64(0.0), np.float64(0.0)]

Time Slot 85 Results:
  Selected Devices: [7, 14, 18, 31, 40]
  Total Offload Data: 0.0000
  Sample Device Computation F: [np.float64(136.21916441452373), np.float64(17.582699914660783), np.float64(31.707333592640058), np.float64(226.87000615067123), np.float64(118.3858815689685)]
  Sample Final Data Amounts: [np.float64(0.0), np.float64(0.0), np.float64(0.0), np.float64(0.0), np.float64(0.0)]

Time Slot 90 Results:
  Selected Devices: [7, 14, 18, 31, 40]
  Total Offload Data: 0.0000
  Sample Device Computation F: [np.float64(116.33349809117763), np.float64(41.65099557699248), np.float64(65.93832452259366), np.float64(132.66738089618485), np.float64(143.2935922440669)]
  Sample Final Data Amounts: [np.float64(0.0), np.float64(0.0), np.float64(0.0), np.float64(0.0), np.float64(0.0)]

Time Slot 95 Results:
  Selected Devices: [7, 14, 18, 31, 40]
  Total Offload Data: 18.5928
  Sample Device Computation F: [np.float64(114.98098827661902), np.float64(47.470194863065956), np.float64(44.91210223967515), np.float64(229.49460653617885), np.float64(98.52378333126306)]
  Sample Final Data Amounts: [np.float64(0.0), np.float64(0.0), np.float64(0.0), np.float64(0.0), np.float64(0.0)]

Time Slot 100 Results:
  Selected Devices: [7, 14, 18, 31, 40]
  Total Offload Data: 0.0000
  Sample Device Computation F: [np.float64(88.3332751327795), np.float64(48.18630236154838), np.float64(38.81063438793997), np.float64(159.78221362035345), np.float64(72.65249654119928)]
  Sample Final Data Amounts: [np.float64(0.0), np.float64(0.0), np.float64(0.0), np.float64(0.0), np.float64(0.0)]

=== 仿真结果 (N=50) ===
平均吞吐量:
  提出的方法 (T=20): 317.9881
  本地执行: 218.6793
  静态编排: 131.0283
  提出的方法 (T1=20): 317.9881WARNING:root:[WARNING] 可供补充的样本不足，仅剩 2251，将启用重复采样

step1 获取到100个时隙的工作节点以及实际训练量
目标准确率：55.0，目标epoch：100
non-iid
[WARNING] 请求样本数超过数据集，按比例缩放: 0.6767
[INFO] Non-IID 总分配样本数: 49928
  w_locals: 2456.80 MB
  gradient: 2456.80 MB
Round 1, Test Accuracy: 10.0, Loss: 2.3004787563323976, Global training time: 0.028758437935705594

[INFO] Non-IID 总分配样本数: 26297
  w_locals: 2456.80 MB
  gradient: 2456.80 MB
Round 2, Test Accuracy: 10.0, Loss: 2.2985122287750244, Global training time: 0.03449541492371551

[INFO] Non-IID 总分配样本数: 22862
  w_locals: 2456.80 MB
  gradient: 2456.80 MB
Round 3, Test Accuracy: 10.0, Loss: 2.2964148918151857, Global training time: 0.04437364362557972

[INFO] Non-IID 总分配样本数: 24660
  w_locals: 2456.80 MB
  gradient: 2456.80 MB
Round 4, Test Accuracy: 12.399999618530273, Loss: 2.293788430404663, Global training time: 0.026257208750909367

[INFO] Non-IID 总分配样本数: 29933
  w_locals: 2456.80 MB
  gradient: 2456.80 MB
Round 5, Test Accuracy: 10.119999885559082, Loss: 2.290049048614502, Global training time: 0.03900020668404366

[INFO] Non-IID 总分配样本数: 28601
  w_locals: 2456.80 MB
  gradient: 2456.80 MB
Round 6, Test Accuracy: 10.0600004196167, Loss: 2.2850829166412354, Global training time: 0.038122808340303946

[INFO] Non-IID 总分配样本数: 27923
  w_locals: 2456.80 MB
  gradient: 2456.80 MB
Round 7, Test Accuracy: 10.029999732971191, Loss: 2.2775439517974854, Global training time: 0.048467998633879336

[INFO] Non-IID 总分配样本数: 32266
  w_locals: 2456.80 MB
  gradient: 2456.80 MB
Round 8, Test Accuracy: 14.319999694824219, Loss: 2.2614937980651857, Global training time: 0.04872737108338746

[INFO] Non-IID 总分配样本数: 26864
  w_locals: 2456.80 MB
  gradient: 2456.80 MB
Round 9, Test Accuracy: 16.709999084472656, Loss: 2.2372253326416014, Global training time: 0.03535962742364939

[INFO] Non-IID 总分配样本数: 24213
  w_locals: 2456.80 MB
  gradient: 2456.80 MB
Round 10, Test Accuracy: 18.3799991607666, Loss: 2.2021348793029785, Global training time: 0.03241692597005036

[INFO] Non-IID 总分配样本数: 27775
  w_locals: 2456.80 MB
  gradient: 2456.80 MB
Round 11, Test Accuracy: 22.530000686645508, Loss: 2.135035713195801, Global training time: 0.02322213332869818

[INFO] Non-IID 总分配样本数: 23184
  w_locals: 2456.80 MB
  gradient: 2456.80 MB
Round 12, Test Accuracy: 22.520000457763672, Loss: 2.0752014808654784, Global training time: 0.036299204405558144

[INFO] Non-IID 总分配样本数: 24580
  w_locals: 2456.80 MB
  gradient: 2456.80 MB
Round 13, Test Accuracy: 24.020000457763672, Loss: 2.0221178659439087, Global training time: 0.05033732802241235

[INFO] Non-IID 总分配样本数: 26473
  w_locals: 2456.80 MB
  gradient: 2456.80 MB
Round 14, Test Accuracy: 24.739999771118164, Loss: 1.9973979869842529, Global training time: 0.020138895378086028

[INFO] Non-IID 总分配样本数: 26864
  w_locals: 2456.80 MB
  gradient: 2456.80 MB
Round 15, Test Accuracy: 27.559999465942383, Loss: 1.9530728216171265, Global training time: 0.04375467788285947

[INFO] Non-IID 总分配样本数: 21548
  w_locals: 2456.80 MB
  gradient: 2456.80 MB
Round 16, Test Accuracy: 27.270000457763672, Loss: 1.9302685735702514, Global training time: 0.03602440983889715

[INFO] Non-IID 总分配样本数: 26222
  w_locals: 2456.80 MB
  gradient: 2456.80 MB
Round 17, Test Accuracy: 29.139999389648438, Loss: 1.8874460987091064, Global training time: 0.04698770983745035

[INFO] Non-IID 总分配样本数: 22074
  w_locals: 2456.80 MB
  gradient: 2456.80 MB
Round 18, Test Accuracy: 30.829999923706055, Loss: 1.856340393447876, Global training time: 0.03829724215630538

[INFO] Non-IID 总分配样本数: 31274
  w_locals: 2456.80 MB
  gradient: 2456.80 MB
Round 19, Test Accuracy: 30.940000534057617, Loss: 1.8128433811187745, Global training time: 0.05508247887758215

[INFO] Non-IID 总分配样本数: 29847
WARNING:root:[WARNING] 可供补充的样本不足，仅剩 942，将启用重复采样
  w_locals: 2456.80 MB
  gradient: 2456.80 MB
Round 20, Test Accuracy: 32.75, Loss: 1.7773338411331177, Global training time: 0.03297375352092371

[WARNING] 请求样本数超过数据集，按比例缩放: 0.6960
[INFO] Non-IID 总分配样本数: 49998
  w_locals: 2456.80 MB
  gradient: 2456.80 MB
Round 21, Test Accuracy: 32.880001068115234, Loss: 1.790916856956482, Global training time: 0.026473054579850858

[INFO] Non-IID 总分配样本数: 20102
  w_locals: 2456.80 MB
  gradient: 2456.80 MB
Round 22, Test Accuracy: 33.529998779296875, Loss: 1.7361666646957397, Global training time: 0.029553064937116905

[INFO] Non-IID 总分配样本数: 22794
  w_locals: 2456.80 MB
  gradient: 2456.80 MB
Round 23, Test Accuracy: 35.27000045776367, Loss: 1.7193108856201171, Global training time: 0.02777835261912832

[INFO] Non-IID 总分配样本数: 26424
  w_locals: 2456.80 MB
  gradient: 2456.80 MB
Round 24, Test Accuracy: 36.599998474121094, Loss: 1.6880480716705322, Global training time: 0.028928908442530616

[INFO] Non-IID 总分配样本数: 21847
  w_locals: 2456.80 MB
  gradient: 2456.80 MB
Round 25, Test Accuracy: 37.29999923706055, Loss: 1.6844025833129883, Global training time: 0.04097296805088319

[INFO] Non-IID 总分配样本数: 29942
  w_locals: 2456.80 MB
  gradient: 2456.80 MB
Round 26, Test Accuracy: 37.369998931884766, Loss: 1.6647335708618165, Global training time: 0.04557812282809475

[INFO] Non-IID 总分配样本数: 25897
  w_locals: 2456.80 MB
  gradient: 2456.80 MB
Round 27, Test Accuracy: 38.86000061035156, Loss: 1.6262819160461426, Global training time: 0.037766056799954775

[INFO] Non-IID 总分配样本数: 24672
  w_locals: 2456.80 MB
  gradient: 2456.80 MB
Round 28, Test Accuracy: 37.72999954223633, Loss: 1.6702554828643799, Global training time: 0.0434984834079567

[INFO] Non-IID 总分配样本数: 24921
  w_locals: 2456.80 MB
  gradient: 2456.80 MB
Round 29, Test Accuracy: 40.599998474121094, Loss: 1.5719801902770996, Global training time: 0.04913042006821332

[INFO] Non-IID 总分配样本数: 23887
  w_locals: 2456.80 MB
  gradient: 2456.80 MB
Round 30, Test Accuracy: 42.150001525878906, Loss: 1.5581970739364623, Global training time: 0.043566073718378395

[INFO] Non-IID 总分配样本数: 23105
  w_locals: 2456.80 MB
  gradient: 2456.80 MB
Round 31, Test Accuracy: 43.040000915527344, Loss: 1.5331291318893432, Global training time: 0.019649389992042042

[INFO] Non-IID 总分配样本数: 26222
  w_locals: 2456.80 MB
  gradient: 2456.80 MB
Round 32, Test Accuracy: 41.939998626708984, Loss: 1.5388378025054932, Global training time: 0.03803736809149478

[INFO] Non-IID 总分配样本数: 32240
  w_locals: 2456.80 MB
  gradient: 2456.80 MB
Round 33, Test Accuracy: 43.88999938964844, Loss: 1.4901786479949952, Global training time: 0.054566846096355086

[INFO] Non-IID 总分配样本数: 26636
  w_locals: 2456.80 MB
  gradient: 2456.80 MB
Round 34, Test Accuracy: 44.880001068115234, Loss: 1.4698328939437866, Global training time: 0.06150861026229759

[INFO] Non-IID 总分配样本数: 30635
  w_locals: 2456.80 MB
  gradient: 2456.80 MB
Round 35, Test Accuracy: 43.52000045776367, Loss: 1.5005475776672363, Global training time: 0.05721489020134103

[INFO] Non-IID 总分配样本数: 22021
  w_locals: 2456.80 MB
  gradient: 2456.80 MB
Round 36, Test Accuracy: 45.310001373291016, Loss: 1.4714441381454468, Global training time: 0.04952843303465825

[INFO] Non-IID 总分配样本数: 27975
  w_locals: 2456.80 MB
  gradient: 2456.80 MB
Round 37, Test Accuracy: 46.22999954223633, Loss: 1.4389546232223511, Global training time: 0.03862146326732514

[INFO] Non-IID 总分配样本数: 28158
  w_locals: 2456.80 MB
  gradient: 2456.80 MB
Round 38, Test Accuracy: 47.70000076293945, Loss: 1.4113142002105712, Global training time: 0.030587006483752562

[INFO] Non-IID 总分配样本数: 29057
  w_locals: 2456.80 MB
  gradient: 2456.80 MB
Round 39, Test Accuracy: 47.880001068115234, Loss: 1.4044497688293458, Global training time: 0.04906320137084418

[INFO] Non-IID 总分配样本数: 29715
WARNING:root:[WARNING] 可供补充的样本不足，仅剩 972，将启用重复采样
  w_locals: 2456.80 MB
  gradient: 2456.80 MB
Round 40, Test Accuracy: 48.06999969482422, Loss: 1.4009079467773438, Global training time: 0.03441425893207767

[WARNING] 请求样本数超过数据集，按比例缩放: 0.6305
[INFO] Non-IID 总分配样本数: 49994
  w_locals: 2456.80 MB
  gradient: 2456.80 MB
Round 41, Test Accuracy: 48.79999923706055, Loss: 1.3959203157424926, Global training time: 0.017955027338954276

[INFO] Non-IID 总分配样本数: 22985
  w_locals: 2456.80 MB
  gradient: 2456.80 MB
Round 42, Test Accuracy: 47.93000030517578, Loss: 1.4067801736831664, Global training time: 0.0328463089016555

[INFO] Non-IID 总分配样本数: 14919
  w_locals: 2456.80 MB
  gradient: 2456.80 MB
Round 43, Test Accuracy: 49.369998931884766, Loss: 1.3663684659957887, Global training time: 0.021881039709898714

[INFO] Non-IID 总分配样本数: 26307
  w_locals: 2456.80 MB
  gradient: 2456.80 MB
Round 44, Test Accuracy: 49.70000076293945, Loss: 1.3593309558868407, Global training time: 0.028892592594945386

[INFO] Non-IID 总分配样本数: 15860
  w_locals: 2456.80 MB
  gradient: 2456.80 MB
Round 45, Test Accuracy: 50.0, Loss: 1.3725673959732057, Global training time: 0.013654972558296466

[INFO] Non-IID 总分配样本数: 17106
  w_locals: 2456.80 MB
  gradient: 2456.80 MB
Round 46, Test Accuracy: 50.060001373291016, Loss: 1.3540771150588988, Global training time: 0.02326422700269437

[INFO] Non-IID 总分配样本数: 28062
  w_locals: 2456.80 MB
  gradient: 2456.80 MB
Round 47, Test Accuracy: 48.290000915527344, Loss: 1.3984695295333862, Global training time: 0.04083270128976384

[INFO] Non-IID 总分配样本数: 22933
  w_locals: 2456.80 MB
  gradient: 2456.80 MB
Round 48, Test Accuracy: 49.380001068115234, Loss: 1.379338048362732, Global training time: 0.02280209197615447

[INFO] Non-IID 总分配样本数: 24016
  w_locals: 2456.80 MB
  gradient: 2456.80 MB
Round 49, Test Accuracy: 50.880001068115234, Loss: 1.3278449140548707, Global training time: 0.04548624433168464

[INFO] Non-IID 总分配样本数: 21725
  w_locals: 2456.80 MB
  gradient: 2456.80 MB
Round 50, Test Accuracy: 49.9900016784668, Loss: 1.3714869108200074, Global training time: 0.02480276665697126

[INFO] Non-IID 总分配样本数: 21330
  w_locals: 2456.80 MB
  gradient: 2456.80 MB
Round 51, Test Accuracy: 51.970001220703125, Loss: 1.3046586603164674, Global training time: 0.04401859841181542

[INFO] Non-IID 总分配样本数: 21459
  w_locals: 2456.80 MB
  gradient: 2456.80 MB
Round 52, Test Accuracy: 52.849998474121094, Loss: 1.2929120559692382, Global training time: 0.029613279178917533

[INFO] Non-IID 总分配样本数: 29936
  w_locals: 2456.80 MB
  gradient: 2456.80 MB
Round 53, Test Accuracy: 52.4900016784668, Loss: 1.2893702358245849, Global training time: 0.04853866831926927

[INFO] Non-IID 总分配样本数: 20138
  w_locals: 2456.80 MB
  gradient: 2456.80 MB
Round 54, Test Accuracy: 53.599998474121094, Loss: 1.2693643028259278, Global training time: 0.030902331915854946

[INFO] Non-IID 总分配样本数: 21084
  w_locals: 2456.80 MB
  gradient: 2456.80 MB
Round 55, Test Accuracy: 52.95000076293945, Loss: 1.288779655647278, Global training time: 0.02262211642091189

[INFO] Non-IID 总分配样本数: 27744
  w_locals: 2456.80 MB
  gradient: 2456.80 MB
Round 56, Test Accuracy: 53.22999954223633, Loss: 1.2787660804748535, Global training time: 0.047608687315531265

[INFO] Non-IID 总分配样本数: 24518
  w_locals: 2456.80 MB
  gradient: 2456.80 MB
Round 57, Test Accuracy: 54.099998474121094, Loss: 1.2503708389282226, Global training time: 0.05200762780411158

[INFO] Non-IID 总分配样本数: 24250
  w_locals: 2456.80 MB
  gradient: 2456.80 MB
Round 58, Test Accuracy: 54.15999984741211, Loss: 1.2690109035491943, Global training time: 0.037224287886668116

[INFO] Non-IID 总分配样本数: 27600
  w_locals: 2456.80 MB
  gradient: 2456.80 MB
Round 59, Test Accuracy: 55.400001525878906, Loss: 1.2275746074676515, Global training time: 0.04049747536144636

[INFO] Non-IID 总分配样本数: 20158
WARNING:root:[WARNING] 可供补充的样本不足，仅剩 2032，将启用重复采样
  w_locals: 2456.80 MB
  gradient: 2456.80 MB
Round 60, Test Accuracy: 55.209999084472656, Loss: 1.2348193756103516, Global training time: 0.030772932672638916

[WARNING] 请求样本数超过数据集，按比例缩放: 0.7076
[INFO] Non-IID 总分配样本数: 49912
  w_locals: 2456.80 MB
  gradient: 2456.80 MB
Round 61, Test Accuracy: 55.38999938964844, Loss: 1.225575839805603, Global training time: 0.016945536523012325

[INFO] Non-IID 总分配样本数: 17709
  w_locals: 2456.80 MB
  gradient: 2456.80 MB
Round 62, Test Accuracy: 55.09000015258789, Loss: 1.2318491008758545, Global training time: 0.02536799515320483

[INFO] Non-IID 总分配样本数: 24423
  w_locals: 2456.80 MB
  gradient: 2456.80 MB
Round 63, Test Accuracy: 55.529998779296875, Loss: 1.2206090574264525, Global training time: 0.028138108199348498

[INFO] Non-IID 总分配样本数: 18843
  w_locals: 2456.80 MB
  gradient: 2456.80 MB
Round 64, Test Accuracy: 56.41999816894531, Loss: 1.2008852437973023, Global training time: 0.020953047441227987

[INFO] Non-IID 总分配样本数: 26284
  w_locals: 2456.80 MB
  gradient: 2456.80 MB
Round 65, Test Accuracy: 56.06999969482422, Loss: 1.2210315692901612, Global training time: 0.03947684916141372

[INFO] Non-IID 总分配样本数: 20268
  w_locals: 2456.80 MB
  gradient: 2456.80 MB
Round 66, Test Accuracy: 56.599998474121094, Loss: 1.19584376411438, Global training time: 0.018442479456427765

[INFO] Non-IID 总分配样本数: 14319
  w_locals: 2456.80 MB
  gradient: 2456.80 MB
Round 67, Test Accuracy: 56.33000183105469, Loss: 1.2001415922164917, Global training time: 0.01705762429414751

[INFO] Non-IID 总分配样本数: 27240
  w_locals: 2456.80 MB
  gradient: 2456.80 MB
Round 68, Test Accuracy: 56.689998626708984, Loss: 1.1958151752471924, Global training time: 0.03879417142032381

[INFO] Non-IID 总分配样本数: 22980
  w_locals: 2456.80 MB
  gradient: 2456.80 MB
Round 69, Test Accuracy: 54.02000045776367, Loss: 1.2763757566452025, Global training time: 0.02909541831646578

[INFO] Non-IID 总分配样本数: 20295
  w_locals: 2456.80 MB
  gradient: 2456.80 MB
Round 70, Test Accuracy: 58.290000915527344, Loss: 1.1595497802734376, Global training time: 0.02197898945683512

[INFO] Non-IID 总分配样本数: 23811
  w_locals: 2456.80 MB
  gradient: 2456.80 MB
Round 71, Test Accuracy: 57.75, Loss: 1.174101111793518, Global training time: 0.039753913158322

[INFO] Non-IID 总分配样本数: 16170
  w_locals: 2456.80 MB
  gradient: 2456.80 MB
Round 72, Test Accuracy: 58.43000030517578, Loss: 1.151622624206543, Global training time: 0.02624868236990828

[INFO] Non-IID 总分配样本数: 23159
  w_locals: 2456.80 MB
  gradient: 2456.80 MB
Round 73, Test Accuracy: 58.939998626708984, Loss: 1.1422678066253662, Global training time: 0.028143112173443917

[INFO] Non-IID 总分配样本数: 22929
  w_locals: 2456.80 MB
  gradient: 2456.80 MB
Round 74, Test Accuracy: 58.04999923706055, Loss: 1.1609060768127442, Global training time: 0.02459099575676198

[INFO] Non-IID 总分配样本数: 17839
  w_locals: 2456.80 MB
  gradient: 2456.80 MB
Round 75, Test Accuracy: 57.7400016784668, Loss: 1.166004438972473, Global training time: 0.035525225867083246

[INFO] Non-IID 总分配样本数: 23567
  w_locals: 2456.80 MB
  gradient: 2456.80 MB
Round 76, Test Accuracy: 59.029998779296875, Loss: 1.134855622291565, Global training time: 0.04831512445273361

[INFO] Non-IID 总分配样本数: 21228
  w_locals: 2456.80 MB
  gradient: 2456.80 MB
Round 77, Test Accuracy: 58.95000076293945, Loss: 1.1426214569091797, Global training time: 0.039250495943351164

[INFO] Non-IID 总分配样本数: 16401
  w_locals: 2456.80 MB
  gradient: 2456.80 MB
Round 78, Test Accuracy: 58.97999954223633, Loss: 1.1506467723846436, Global training time: 0.015226456473355852

[INFO] Non-IID 总分配样本数: 22428
  w_locals: 2456.80 MB
  gradient: 2456.80 MB
Round 79, Test Accuracy: 59.540000915527344, Loss: 1.1271598314285278, Global training time: 0.05177866759173446

[INFO] Non-IID 总分配样本数: 22394
WARNING:root:[WARNING] 可供补充的样本不足，仅剩 1959，将启用重复采样
  w_locals: 2456.80 MB
  gradient: 2456.80 MB
Round 80, Test Accuracy: 60.279998779296875, Loss: 1.1180009132385254, Global training time: 0.04990549370230367

[WARNING] 请求样本数超过数据集，按比例缩放: 0.6446
[INFO] Non-IID 总分配样本数: 49950
  w_locals: 2456.80 MB
  gradient: 2456.80 MB
Round 81, Test Accuracy: 60.650001525878906, Loss: 1.0954045191764832, Global training time: 0.024038792654886794

[INFO] Non-IID 总分配样本数: 26603
  w_locals: 2456.80 MB
  gradient: 2456.80 MB
Round 82, Test Accuracy: 59.95000076293945, Loss: 1.1154231704711914, Global training time: 0.034772878644127286

[INFO] Non-IID 总分配样本数: 20470
  w_locals: 2456.80 MB
  gradient: 2456.80 MB
Round 83, Test Accuracy: 61.0, Loss: 1.0764611567497253, Global training time: 0.02155824897075611

[INFO] Non-IID 总分配样本数: 32774
  w_locals: 2456.80 MB
  gradient: 2456.80 MB
Round 84, Test Accuracy: 61.41999816894531, Loss: 1.070006782722473, Global training time: 0.04908889202955206

[INFO] Non-IID 总分配样本数: 20211
  w_locals: 2456.80 MB
  gradient: 2456.80 MB
Round 85, Test Accuracy: 61.5099983215332, Loss: 1.0673887390136718, Global training time: 0.024348167603473945

[INFO] Non-IID 总分配样本数: 20739
  w_locals: 2456.80 MB
  gradient: 2456.80 MB
Round 86, Test Accuracy: 58.849998474121094, Loss: 1.1271218536376952, Global training time: 0.033160834254059336

[INFO] Non-IID 总分配样本数: 24442
  w_locals: 2456.80 MB
  gradient: 2456.80 MB
Round 87, Test Accuracy: 60.06999969482422, Loss: 1.0963018174171448, Global training time: 0.030582623344114223

[INFO] Non-IID 总分配样本数: 28227
  w_locals: 2456.80 MB
  gradient: 2456.80 MB
Round 88, Test Accuracy: 62.08000183105469, Loss: 1.056145405960083, Global training time: 0.025517861065608487

[INFO] Non-IID 总分配样本数: 27343
  w_locals: 2456.80 MB
  gradient: 2456.80 MB
Round 89, Test Accuracy: 62.619998931884766, Loss: 1.0447418111801148, Global training time: 0.04386837633154797

[INFO] Non-IID 总分配样本数: 30548
  w_locals: 2456.80 MB
  gradient: 2456.80 MB
Round 90, Test Accuracy: 62.900001525878906, Loss: 1.0326219665527343, Global training time: 0.031751746304349265

[INFO] Non-IID 总分配样本数: 27054
  w_locals: 2456.80 MB
  gradient: 2456.80 MB
Round 91, Test Accuracy: 62.86000061035156, Loss: 1.0518788330078126, Global training time: 0.048408570313361314

[INFO] Non-IID 总分配样本数: 30629
  w_locals: 2456.80 MB
  gradient: 2456.80 MB
Round 92, Test Accuracy: 63.38999938964844, Loss: 1.0259854152679444, Global training time: 0.05540313185860053

[INFO] Non-IID 总分配样本数: 29239
  w_locals: 2456.80 MB
  gradient: 2456.80 MB
Round 93, Test Accuracy: 63.290000915527344, Loss: 1.0154782083511353, Global training time: 0.0435673893287773

[INFO] Non-IID 总分配样本数: 30152
  w_locals: 2456.80 MB
  gradient: 2456.80 MB
Round 94, Test Accuracy: 63.810001373291016, Loss: 1.0170349380493164, Global training time: 0.03338889771344066

[INFO] Non-IID 总分配样本数: 26603
  w_locals: 2456.80 MB
  gradient: 2456.80 MB
Round 95, Test Accuracy: 64.25, Loss: 1.003437974357605, Global training time: 0.02956103996461175

[INFO] Non-IID 总分配样本数: 27448
  w_locals: 2456.80 MB
  gradient: 2456.80 MB
Round 96, Test Accuracy: 64.0199966430664, Loss: 1.0185478811264037, Global training time: 0.03494251412429637

[INFO] Non-IID 总分配样本数: 30835
  w_locals: 2456.80 MB
  gradient: 2456.80 MB
Round 97, Test Accuracy: 63.9900016784668, Loss: 1.0265459581375123, Global training time: 0.04179249951434981

[INFO] Non-IID 总分配样本数: 23609
  w_locals: 2456.80 MB
  gradient: 2456.80 MB
Round 98, Test Accuracy: 64.31999969482422, Loss: 0.9995804999351502, Global training time: 0.028597652267400946

[INFO] Non-IID 总分配样本数: 22289
  w_locals: 2456.80 MB
  gradient: 2456.80 MB
Round 99, Test Accuracy: 60.52000045776367, Loss: 1.1062433636665345, Global training time: 0.033845569280588836

[INFO] Non-IID 总分配样本数: 26323
  w_locals: 2456.80 MB
  gradient: 2456.80 MB
Round 100, Test Accuracy: 65.11000061035156, Loss: 0.9775187825202942, Global training time: 0.045977203229897144

成功保存数据pkl文件
OnlineFL已训练完成，最终结果： {'ais': 2, 'test_accuracies': [tensor(65.1100)], 'global_round_accuracies': [[tensor(10.), tensor(10.), tensor(10.), tensor(12.4000), tensor(10.1200), tensor(10.0600), tensor(10.0300), tensor(14.3200), tensor(16.7100), tensor(18.3800), tensor(22.5300), tensor(22.5200), tensor(24.0200), tensor(24.7400), tensor(27.5600), tensor(27.2700), tensor(29.1400), tensor(30.8300), tensor(30.9400), tensor(32.7500), tensor(32.8800), tensor(33.5300), tensor(35.2700), tensor(36.6000), tensor(37.3000), tensor(37.3700), tensor(38.8600), tensor(37.7300), tensor(40.6000), tensor(42.1500), tensor(43.0400), tensor(41.9400), tensor(43.8900), tensor(44.8800), tensor(43.5200), tensor(45.3100), tensor(46.2300), tensor(47.7000), tensor(47.8800), tensor(48.0700), tensor(48.8000), tensor(47.9300), tensor(49.3700), tensor(49.7000), tensor(50.), tensor(50.0600), tensor(48.2900), tensor(49.3800), tensor(50.8800), tensor(49.9900), tensor(51.9700), tensor(52.8500), tensor(52.4900), tensor(53.6000), tensor(52.9500), tensor(53.2300), tensor(54.1000), tensor(54.1600), tensor(55.4000), tensor(55.2100), tensor(55.3900), tensor(55.0900), tensor(55.5300), tensor(56.4200), tensor(56.0700), tensor(56.6000), tensor(56.3300), tensor(56.6900), tensor(54.0200), tensor(58.2900), tensor(57.7500), tensor(58.4300), tensor(58.9400), tensor(58.0500), tensor(57.7400), tensor(59.0300), tensor(58.9500), tensor(58.9800), tensor(59.5400), tensor(60.2800), tensor(60.6500), tensor(59.9500), tensor(61.), tensor(61.4200), tensor(61.5100), tensor(58.8500), tensor(60.0700), tensor(62.0800), tensor(62.6200), tensor(62.9000), tensor(62.8600), tensor(63.3900), tensor(63.2900), tensor(63.8100), tensor(64.2500), tensor(64.0200), tensor(63.9900), tensor(64.3200), tensor(60.5200), tensor(65.1100)]], 'global_round_times': [[np.float64(0.028758437935705594), np.float64(0.03449541492371551), np.float64(0.04437364362557972), np.float64(0.026257208750909367), np.float64(0.03900020668404366), np.float64(0.038122808340303946), np.float64(0.048467998633879336), np.float64(0.04872737108338746), np.float64(0.03535962742364939), np.float64(0.03241692597005036), np.float64(0.02322213332869818), np.float64(0.036299204405558144), np.float64(0.05033732802241235), np.float64(0.020138895378086028), np.float64(0.04375467788285947), np.float64(0.03602440983889715), np.float64(0.04698770983745035), np.float64(0.03829724215630538), np.float64(0.05508247887758215), np.float64(0.03297375352092371), np.float64(0.026473054579850858), np.float64(0.029553064937116905), np.float64(0.02777835261912832), np.float64(0.028928908442530616), np.float64(0.04097296805088319), np.float64(0.04557812282809475), np.float64(0.037766056799954775), np.float64(0.0434984834079567), np.float64(0.04913042006821332), np.float64(0.043566073718378395), np.float64(0.019649389992042042), np.float64(0.03803736809149478), np.float64(0.054566846096355086), np.float64(0.06150861026229759), np.float64(0.05721489020134103), np.float64(0.04952843303465825), np.float64(0.03862146326732514), np.float64(0.030587006483752562), np.float64(0.04906320137084418), np.float64(0.03441425893207767), np.float64(0.017955027338954276), np.float64(0.0328463089016555), np.float64(0.021881039709898714), np.float64(0.028892592594945386), np.float64(0.013654972558296466), np.float64(0.02326422700269437), np.float64(0.04083270128976384), np.float64(0.02280209197615447), np.float64(0.04548624433168464), np.float64(0.02480276665697126), np.float64(0.04401859841181542), np.float64(0.029613279178917533), np.float64(0.04853866831926927), np.float64(0.030902331915854946), np.float64(0.02262211642091189), np.float64(0.047608687315531265), np.float64(0.05200762780411158), np.float64(0.037224287886668116), np.float64(0.04049747536144636), np.float64(0.030772932672638916), np.float64(0.016945536523012325), np.float64(0.02536799515320483), np.float64(0.028138108199348498), np.float64(0.020953047441227987), np.float64(0.03947684916141372), np.float64(0.018442479456427765), np.float64(0.01705762429414751), np.float64(0.03879417142032381), np.float64(0.02909541831646578), np.float64(0.02197898945683512), np.float64(0.039753913158322), np.float64(0.02624868236990828), np.float64(0.028143112173443917), np.float64(0.02459099575676198), np.float64(0.035525225867083246), np.float64(0.04831512445273361), np.float64(0.039250495943351164), np.float64(0.015226456473355852), np.float64(0.05177866759173446), np.float64(0.04990549370230367), np.float64(0.024038792654886794), np.float64(0.034772878644127286), np.float64(0.02155824897075611), np.float64(0.04908889202955206), np.float64(0.024348167603473945), np.float64(0.033160834254059336), np.float64(0.030582623344114223), np.float64(0.025517861065608487), np.float64(0.04386837633154797), np.float64(0.031751746304349265), np.float64(0.048408570313361314), np.float64(0.05540313185860053), np.float64(0.0435673893287773), np.float64(0.03338889771344066), np.float64(0.02956103996461175), np.float64(0.03494251412429637), np.float64(0.04179249951434981), np.float64(0.028597652267400946), np.float64(0.033845569280588836), np.float64(0.045977203229897144)]]}

Time Slot 5 Results:
  Selected Devices: [12, 19, 38, 40, 49]
  Total Offload Data: 0.0000
  Sample Device Computation F: [np.float64(38.12804097178537), np.float64(32.800017812083276), np.float64(47.529751695610486), np.float64(60.81407568364755), np.float64(78.37175110498431)]
  Sample Final Data Amounts: [np.float64(0.0), np.float64(0.0), np.float64(0.0), np.float64(0.0), np.float64(0.0)]

Time Slot 10 Results:
  Selected Devices: [12, 19, 38, 40, 49]
  Total Offload Data: 0.0000
  Sample Device Computation F: [np.float64(85.8935639348988), np.float64(27.66025100302489), np.float64(45.059848087389724), np.float64(131.6871054575239), np.float64(83.43039521436891)]
  Sample Final Data Amounts: [np.float64(0.0), np.float64(0.0), np.float64(0.0), np.float64(0.0), np.float64(0.0)]

Time Slot 15 Results:
  Selected Devices: [12, 19, 38, 40, 49]
  Total Offload Data: 0.0000
  Sample Device Computation F: [np.float64(95.3003281887656), np.float64(39.538047016561386), np.float64(22.405489370536195), np.float64(51.55758798799342), np.float64(47.75052698185988)]
  Sample Final Data Amounts: [np.float64(0.0), np.float64(0.0), np.float64(0.0), np.float64(0.0), np.float64(0.0)]

Time Slot 20 Results:
  Selected Devices: [12, 19, 38, 40, 49]
  Total Offload Data: 0.0000
  Sample Device Computation F: [np.float64(37.381108871831074), np.float64(27.21177832296327), np.float64(48.328165036701904), np.float64(106.2306034685938), np.float64(81.42335685588993)]
  Sample Final Data Amounts: [np.float64(0.0), np.float64(0.0), np.float64(0.0), np.float64(0.0), np.float64(0.0)]

Time Slot 25 Results:
  Selected Devices: [7, 12, 30, 40, 47]
  Total Offload Data: 0.0000
  Sample Device Computation F: [np.float64(70.80583104355622), np.float64(32.140640741832215), np.float64(32.99136030455077), np.float64(58.09704078761626), np.float64(65.86759365712881)]
  Sample Final Data Amounts: [np.float64(0.0), np.float64(0.0), np.float64(0.0), np.float64(0.0), np.float64(0.0)]

Time Slot 30 Results:
  Selected Devices: [7, 12, 30, 40, 47]
  Total Offload Data: 0.0000
  Sample Device Computation F: [np.float64(101.68406222660957), np.float64(33.55708084994945), np.float64(30.188475460012487), np.float64(87.78752235453854), np.float64(41.605221127280046)]
  Sample Final Data Amounts: [np.float64(0.0), np.float64(0.0), np.float64(0.0), np.float64(0.0), np.float64(0.0)]

Time Slot 35 Results:
  Selected Devices: [7, 12, 30, 40, 47]
  Total Offload Data: 0.0000
  Sample Device Computation F: [np.float64(82.45450217379471), np.float64(35.13394852280742), np.float64(20.346723674300385), np.float64(58.22521003427361), np.float64(51.2841121523434)]
  Sample Final Data Amounts: [np.float64(0.0), np.float64(0.0), np.float64(0.0), np.float64(0.0), np.float64(0.0)]

Time Slot 40 Results:
  Selected Devices: [7, 12, 30, 40, 47]
  Total Offload Data: 157.1288
  Sample Device Computation F: [np.float64(61.68521170581083), np.float64(21.36855547475705), np.float64(41.26353670850966), np.float64(94.41835707644911), np.float64(35.42766270227294)]
  Sample Final Data Amounts: [np.float64(0.0), np.float64(0.0), np.float64(0.0), np.float64(0.0), np.float64(0.0)]

Time Slot 45 Results:
  Selected Devices: [3, 17, 26, 35, 47]
  Total Offload Data: 0.0000
  Sample Device Computation F: [np.float64(71.32552935830098), np.float64(21.03220963261908), np.float64(48.351249903020125), np.float64(132.74402422768262), np.float64(73.4408947238437)]
  Sample Final Data Amounts: [np.float64(0.0), np.float64(0.0), np.float64(0.0), np.float64(41.04910044155302), np.float64(0.0)]

Time Slot 50 Results:
  Selected Devices: [3, 17, 26, 35, 47]
  Total Offload Data: 0.0000
  Sample Device Computation F: [np.float64(86.01698565270706), np.float64(23.138798076798295), np.float64(31.510688951344086), np.float64(60.52834304314314), np.float64(82.98133462402066)]
  Sample Final Data Amounts: [np.float64(0.0), np.float64(0.0), np.float64(0.0), np.float64(58.568737505991784), np.float64(0.0)]

Time Slot 55 Results:
  Selected Devices: [3, 17, 26, 35, 47]
  Total Offload Data: 0.0000
  Sample Device Computation F: [np.float64(43.9234981156906), np.float64(37.593391967713686), np.float64(22.02325317499114), np.float64(97.59105487076116), np.float64(74.72096579119751)]
  Sample Final Data Amounts: [np.float64(0.0), np.float64(0.0), np.float64(0.0), np.float64(64.32272700587276), np.float64(0.0)]

Time Slot 60 Results:
  Selected Devices: [3, 17, 26, 35, 47]
  Total Offload Data: 0.0000
  Sample Device Computation F: [np.float64(104.3443113744182), np.float64(13.459481582277668), np.float64(40.70246929029731), np.float64(55.08901604718612), np.float64(51.279203782402476)]
  Sample Final Data Amounts: [np.float64(0.0), np.float64(0.0), np.float64(0.0), np.float64(55.08901604718612), np.float64(0.0)]

Time Slot 65 Results:
  Selected Devices: [0, 4, 18, 35, 41]
  Total Offload Data: 0.0000
  Sample Device Computation F: [np.float64(66.47360714006015), np.float64(26.62530769963265), np.float64(36.37003744069098), np.float64(136.28431124688427), np.float64(56.47399898439165)]
  Sample Final Data Amounts: [np.float64(19.685977816269702), np.float64(0.0), np.float64(0.0), np.float64(0.0), np.float64(56.47399898439165)]

Time Slot 70 Results:
  Selected Devices: [0, 4, 18, 35, 41]
  Total Offload Data: 0.0000
  Sample Device Computation F: [np.float64(99.0575973414089), np.float64(28.029201130809753), np.float64(22.091177080911965), np.float64(80.39141615444649), np.float64(35.69246530386159)]
  Sample Final Data Amounts: [np.float64(19.64659814481874), np.float64(0.0), np.float64(0.0), np.float64(0.0), np.float64(35.69246530386159)]

Time Slot 75 Results:
  Selected Devices: [0, 4, 18, 35, 41]
  Total Offload Data: 241.7779
  Sample Device Computation F: [np.float64(56.06722286279673), np.float64(37.207941960509096), np.float64(35.776581788935545), np.float64(114.89578459078828), np.float64(81.51787215123991)]
  Sample Final Data Amounts: [np.float64(26.9074829370179), np.float64(0.0), np.float64(0.0), np.float64(0.0), np.float64(81.51787215123991)]

Time Slot 80 Results:
  Selected Devices: [0, 4, 18, 35, 41]
  Total Offload Data: 0.0000
  Sample Device Computation F: [np.float64(62.180902353563965), np.float64(34.933054593779815), np.float64(45.54140676518914), np.float64(58.80851865989392), np.float64(73.72542464500846)]
  Sample Final Data Amounts: [np.float64(29.974476246790882), np.float64(0.0), np.float64(0.0), np.float64(0.0), np.float64(73.72542464500846)]

Time Slot 85 Results:
  Selected Devices: [14, 21, 31, 35, 49]
  Total Offload Data: 0.0000
  Sample Device Computation F: [np.float64(71.7065209148979), np.float64(13.373282922955537), np.float64(21.268374958137244), np.float64(114.70137498211551), np.float64(62.800423111693746)]
  Sample Final Data Amounts: [np.float64(0.0), np.float64(0.0), np.float64(0.0), np.float64(0.0), np.float64(0.0)]

Time Slot 90 Results:
  Selected Devices: [14, 21, 31, 35, 49]
  Total Offload Data: 0.0000
  Sample Device Computation F: [np.float64(61.23859627117819), np.float64(31.679466212663073), np.float64(44.22954727367504), np.float64(67.07423013847978), np.float64(76.01327204612147)]
  Sample Final Data Amounts: [np.float64(0.0), np.float64(0.0), np.float64(0.0), np.float64(0.0), np.float64(0.0)]

Time Slot 95 Results:
  Selected Devices: [14, 21, 31, 35, 49]
  Total Offload Data: 0.0000
  Sample Device Computation F: [np.float64(60.52662763062683), np.float64(36.10550992696387), np.float64(30.12575711548733), np.float64(116.02832550371235), np.float64(52.264131480607176)]
  Sample Final Data Amounts: [np.float64(0.0), np.float64(0.0), np.float64(0.0), np.float64(0.0), np.float64(0.0)]

Time Slot 100 Results:
  Selected Devices: [14, 21, 31, 35, 49]
  Total Offload Data: 0.0000
  Sample Device Computation F: [np.float64(46.49912417253634), np.float64(36.65017645866473), np.float64(26.033066518008457), np.float64(80.7829995286771), np.float64(38.54013217150498)]
  Sample Final Data Amounts: [np.float64(0.0), np.float64(0.0), np.float64(0.0), np.float64(0.0), np.float64(0.0)]

=== 仿真结果 (N=50) ===
平均吞吐量:
  提出的方法 (T=20): 256.4052
  本地执行: 191.5672
  静态编排: 108.8329
  提出的方法 (T1=20): 256.4052
step1 获取到100个时隙的工作节点以及实际训练量
目标准确率：55.0，目标epoch：100
non-iid
[INFO] Non-IID 总分配样本数: 45679
  w_locals: 2456.80 MB
  gradient: 2456.80 MB
Round 1, Test Accuracy: 10.0, Loss: 2.300865859603882, Global training time: 0.035273222100396524

[INFO] Non-IID 总分配样本数: 20844
  w_locals: 2456.80 MB
  gradient: 2456.80 MB
Round 2, Test Accuracy: 10.020000457763672, Loss: 2.2989498275756834, Global training time: 0.05314623091396175

[INFO] Non-IID 总分配样本数: 16755
  w_locals: 2456.80 MB
  gradient: 2456.80 MB
Round 3, Test Accuracy: 13.649999618530273, Loss: 2.2984820251464844, Global training time: 0.04235277107601171

[INFO] Non-IID 总分配样本数: 22059
  w_locals: 2456.80 MB
  gradient: 2456.80 MB
Round 4, Test Accuracy: 13.140000343322754, Loss: 2.2949404624938965, Global training time: 0.05143288915216046

[INFO] Non-IID 总分配样本数: 25184
  w_locals: 2456.80 MB
  gradient: 2456.80 MB
Round 5, Test Accuracy: 10.0, Loss: 2.288880758666992, Global training time: 0.05362008000625426

[INFO] Non-IID 总分配样本数: 19597
  w_locals: 2456.80 MB
  gradient: 2456.80 MB
Round 6, Test Accuracy: 12.460000038146973, Loss: 2.2861595611572265, Global training time: 0.040922645472058795

[INFO] Non-IID 总分配样本数: 20799
  w_locals: 2456.80 MB
  gradient: 2456.80 MB
Round 7, Test Accuracy: 10.989999771118164, Loss: 2.2793995948791506, Global training time: 0.04478188966146693

[INFO] Non-IID 总分配样本数: 19713
  w_locals: 2456.80 MB
  gradient: 2456.80 MB
Round 8, Test Accuracy: 10.0, Loss: 2.266431327819824, Global training time: 0.04856126504516674

[INFO] Non-IID 总分配样本数: 20360
  w_locals: 2456.80 MB
  gradient: 2456.80 MB
Round 9, Test Accuracy: 12.34000015258789, Loss: 2.2453198806762695, Global training time: 0.047581295104440195

[INFO] Non-IID 总分配样本数: 21782
  w_locals: 2456.80 MB
  gradient: 2456.80 MB
Round 10, Test Accuracy: 20.229999542236328, Loss: 2.207551923751831, Global training time: 0.051718255943611444

[INFO] Non-IID 总分配样本数: 20885
  w_locals: 2456.80 MB
  gradient: 2456.80 MB
Round 11, Test Accuracy: 17.93000030517578, Loss: 2.164829514694214, Global training time: 0.03674874610323479

[INFO] Non-IID 总分配样本数: 18763
  w_locals: 2456.80 MB
  gradient: 2456.80 MB
Round 12, Test Accuracy: 23.31999969482422, Loss: 2.101631533241272, Global training time: 0.04766695830114389

[INFO] Non-IID 总分配样本数: 23242
  w_locals: 2456.80 MB
  gradient: 2456.80 MB
Round 13, Test Accuracy: 26.40999984741211, Loss: 2.0466717555999754, Global training time: 0.06451456596210292

[INFO] Non-IID 总分配样本数: 24163
  w_locals: 2456.80 MB
  gradient: 2456.80 MB
Round 14, Test Accuracy: 24.43000030517578, Loss: 2.0009179470062257, Global training time: 0.03710324125206889

[INFO] Non-IID 总分配样本数: 22841
  w_locals: 2456.80 MB
  gradient: 2456.80 MB
Round 15, Test Accuracy: 29.020000457763672, Loss: 1.95322348613739, Global training time: 0.04840073725764725

[INFO] Non-IID 总分配样本数: 20979
  w_locals: 2456.80 MB
  gradient: 2456.80 MB
Round 16, Test Accuracy: 26.790000915527344, Loss: 1.9337568691253662, Global training time: 0.05510674819103868

[INFO] Non-IID 总分配样本数: 23661
  w_locals: 2456.80 MB
  gradient: 2456.80 MB
Round 17, Test Accuracy: 31.440000534057617, Loss: 1.8838886707305909, Global training time: 0.06981188777498169

[INFO] Non-IID 总分配样本数: 17232
  w_locals: 2456.80 MB
  gradient: 2456.80 MB
Round 18, Test Accuracy: 31.059999465942383, Loss: 1.8670093181610108, Global training time: 0.0279292801906417

[INFO] Non-IID 总分配样本数: 26746
  w_locals: 2456.80 MB
  gradient: 2456.80 MB
Round 19, Test Accuracy: 33.290000915527344, Loss: 1.818868085861206, Global training time: 0.05505265147387347

[INFO] Non-IID 总分配样本数: 24738
  w_locals: 2456.80 MB
  gradient: 2456.80 MB
Round 20, Test Accuracy: 32.59000015258789, Loss: 1.805431453704834, Global training time: 0.040176973597437375

[INFO] Non-IID 总分配样本数: 41912
  w_locals: 2456.80 MB
  gradient: 2456.80 MB
Round 21, Test Accuracy: 34.77000045776367, Loss: 1.7619473705291748, Global training time: 0.04834196441815502

[INFO] Non-IID 总分配样本数: 26570
  w_locals: 2456.80 MB
  gradient: 2456.80 MB
Round 22, Test Accuracy: 34.709999084472656, Loss: 1.7429391605377198, Global training time: 0.052935573766494035

[INFO] Non-IID 总分配样本数: 27404
  w_locals: 2456.80 MB
  gradient: 2456.80 MB
Round 23, Test Accuracy: 36.7400016784668, Loss: 1.7004263568878173, Global training time: 0.08035057082972458

[INFO] Non-IID 总分配样本数: 25062
  w_locals: 2456.80 MB
  gradient: 2456.80 MB
Round 24, Test Accuracy: 36.43000030517578, Loss: 1.6828615377426148, Global training time: 0.05038388786205669

[INFO] Non-IID 总分配样本数: 23868
  w_locals: 2456.80 MB
  gradient: 2456.80 MB
Round 25, Test Accuracy: 36.33000183105469, Loss: 1.6763189350128174, Global training time: 0.04852776997903909

[INFO] Non-IID 总分配样本数: 26472
  w_locals: 2456.80 MB
  gradient: 2456.80 MB
Round 26, Test Accuracy: 39.040000915527344, Loss: 1.6402546882629394, Global training time: 0.046423083248402344

[INFO] Non-IID 总分配样本数: 23404
  w_locals: 2456.80 MB
  gradient: 2456.80 MB
Round 27, Test Accuracy: 39.56999969482422, Loss: 1.6147597244262695, Global training time: 0.03734114603433955

[INFO] Non-IID 总分配样本数: 21268
  w_locals: 2456.80 MB
  gradient: 2456.80 MB
Round 28, Test Accuracy: 39.689998626708984, Loss: 1.6074651893615723, Global training time: 0.04872718847165744

[INFO] Non-IID 总分配样本数: 20727
  w_locals: 2456.80 MB
  gradient: 2456.80 MB
Round 29, Test Accuracy: 40.029998779296875, Loss: 1.5942356616973876, Global training time: 0.04996909486539093

[INFO] Non-IID 总分配样本数: 29797
  w_locals: 2456.80 MB
  gradient: 2456.80 MB
Round 30, Test Accuracy: 41.75, Loss: 1.5709945775985719, Global training time: 0.06527837567360577

[INFO] Non-IID 总分配样本数: 28967
  w_locals: 2456.80 MB
  gradient: 2456.80 MB
Round 31, Test Accuracy: 42.5, Loss: 1.5436791553497315, Global training time: 0.05345283485720939

[INFO] Non-IID 总分配样本数: 27176
  w_locals: 2456.80 MB
  gradient: 2456.80 MB
Round 32, Test Accuracy: 42.5099983215332, Loss: 1.5389112815856933, Global training time: 0.04919745077607709

[INFO] Non-IID 总分配样本数: 25573
  w_locals: 2456.80 MB
  gradient: 2456.80 MB
Round 33, Test Accuracy: 43.15999984741211, Loss: 1.528286879348755, Global training time: 0.05038206527057331

[INFO] Non-IID 总分配样本数: 27867
  w_locals: 2456.80 MB
  gradient: 2456.80 MB
Round 34, Test Accuracy: 43.75, Loss: 1.5225355773925782, Global training time: 0.05329807789411907

[INFO] Non-IID 总分配样本数: 19777
  w_locals: 2456.80 MB
  gradient: 2456.80 MB
Round 35, Test Accuracy: 43.220001220703125, Loss: 1.5022677947998047, Global training time: 0.05057361400905256

[INFO] Non-IID 总分配样本数: 22512
  w_locals: 2456.80 MB
  gradient: 2456.80 MB
Round 36, Test Accuracy: 44.779998779296875, Loss: 1.4934113357543946, Global training time: 0.0524161410429805

[INFO] Non-IID 总分配样本数: 21814
  w_locals: 2456.80 MB
  gradient: 2456.80 MB
Round 37, Test Accuracy: 45.189998626708984, Loss: 1.4761650003433227, Global training time: 0.04777522703377049

[INFO] Non-IID 总分配样本数: 25225
  w_locals: 2456.80 MB
  gradient: 2456.80 MB
Round 38, Test Accuracy: 45.40999984741211, Loss: 1.4610828180313111, Global training time: 0.05800224302551684

[INFO] Non-IID 总分配样本数: 19169
  w_locals: 2456.80 MB
  gradient: 2456.80 MB
Round 39, Test Accuracy: 45.41999816894531, Loss: 1.461597226333618, Global training time: 0.05316889314067594

[INFO] Non-IID 总分配样本数: 23313
  w_locals: 2456.80 MB
  gradient: 2456.80 MB
Round 40, Test Accuracy: 45.86000061035156, Loss: 1.445658949279785, Global training time: 0.05243233498627804

[INFO] Non-IID 总分配样本数: 47490
  w_locals: 2456.80 MB
  gradient: 2456.80 MB
Round 41, Test Accuracy: 47.0, Loss: 1.4366521549224853, Global training time: 0.06492928942860272

[INFO] Non-IID 总分配样本数: 19802
  w_locals: 2456.80 MB
  gradient: 2456.80 MB
Round 42, Test Accuracy: 47.08000183105469, Loss: 1.4181757860183717, Global training time: 0.04885206005283963

[INFO] Non-IID 总分配样本数: 16437
  w_locals: 2456.80 MB
  gradient: 2456.80 MB
Round 43, Test Accuracy: 46.779998779296875, Loss: 1.4324099185943604, Global training time: 0.045963865144499655

[INFO] Non-IID 总分配样本数: 20952
  w_locals: 2456.80 MB
  gradient: 2456.80 MB
Round 44, Test Accuracy: 48.220001220703125, Loss: 1.394750493812561, Global training time: 0.04135105573133677

[INFO] Non-IID 总分配样本数: 17235
  w_locals: 2456.80 MB
  gradient: 2456.80 MB
Round 45, Test Accuracy: 48.31999969482422, Loss: 1.3934138744354247, Global training time: 0.024478379791871095

[INFO] Non-IID 总分配样本数: 17452
  w_locals: 2456.80 MB
  gradient: 2456.80 MB
Round 46, Test Accuracy: 47.869998931884766, Loss: 1.4048367588043214, Global training time: 0.046527591388148534

[INFO] Non-IID 总分配样本数: 23270
  w_locals: 2456.80 MB
  gradient: 2456.80 MB
Round 47, Test Accuracy: 43.29999923706055, Loss: 1.5607015655517578, Global training time: 0.051548807185080966

[INFO] Non-IID 总分配样本数: 24582
  w_locals: 2456.80 MB
  gradient: 2456.80 MB
Round 48, Test Accuracy: 49.13999938964844, Loss: 1.3802480400085448, Global training time: 0.05075714221507595

[INFO] Non-IID 总分配样本数: 22669
  w_locals: 2456.80 MB
  gradient: 2456.80 MB
Round 49, Test Accuracy: 49.130001068115234, Loss: 1.3677510269165039, Global training time: 0.032388263762564186

[INFO] Non-IID 总分配样本数: 23061
  w_locals: 2456.80 MB
  gradient: 2456.80 MB
Round 50, Test Accuracy: 51.15999984741211, Loss: 1.3328807611465454, Global training time: 0.04868073205551258

[INFO] Non-IID 总分配样本数: 16726
  w_locals: 2456.80 MB
  gradient: 2456.80 MB
Round 51, Test Accuracy: 51.0099983215332, Loss: 1.3357478374481202, Global training time: 0.04540187852976429

[INFO] Non-IID 总分配样本数: 16829
  w_locals: 2456.80 MB
  gradient: 2456.80 MB
Round 52, Test Accuracy: 50.150001525878906, Loss: 1.358450852394104, Global training time: 0.043679064809610306

[INFO] Non-IID 总分配样本数: 22874
  w_locals: 2456.80 MB
  gradient: 2456.80 MB
Round 53, Test Accuracy: 51.970001220703125, Loss: 1.3134483245849609, Global training time: 0.04311213127826238

[INFO] Non-IID 总分配样本数: 17888
  w_locals: 2456.80 MB
  gradient: 2456.80 MB
Round 54, Test Accuracy: 51.290000915527344, Loss: 1.3306099416732788, Global training time: 0.046047694715116515

[INFO] Non-IID 总分配样本数: 21781
  w_locals: 2456.80 MB
  gradient: 2456.80 MB
Round 55, Test Accuracy: 52.09000015258789, Loss: 1.3053808099746704, Global training time: 0.04987611216695587

[INFO] Non-IID 总分配样本数: 19409
  w_locals: 2456.80 MB
  gradient: 2456.80 MB
Round 56, Test Accuracy: 52.470001220703125, Loss: 1.2927639556884765, Global training time: 0.05228168740264877

[INFO] Non-IID 总分配样本数: 19993
  w_locals: 2456.80 MB
  gradient: 2456.80 MB
Round 57, Test Accuracy: 53.04999923706055, Loss: 1.284284487915039, Global training time: 0.049724916940940535

[INFO] Non-IID 总分配样本数: 22880
  w_locals: 2456.80 MB
  gradient: 2456.80 MB
Round 58, Test Accuracy: 52.13999938964844, Loss: 1.295065990638733, Global training time: 0.03036642784548145

[INFO] Non-IID 总分配样本数: 17611
  w_locals: 2456.80 MB
  gradient: 2456.80 MB
Round 59, Test Accuracy: 53.0099983215332, Loss: 1.2912241693496704, Global training time: 0.047150294903532786

[INFO] Non-IID 总分配样本数: 20145
  w_locals: 2456.80 MB
  gradient: 2456.80 MB
Round 60, Test Accuracy: 53.61000061035156, Loss: 1.276279224586487, Global training time: 0.04820432082854838

[INFO] Non-IID 总分配样本数: 41014
  w_locals: 2456.80 MB
  gradient: 2456.80 MB
Round 61, Test Accuracy: 52.779998779296875, Loss: 1.28986450214386, Global training time: 0.04990631812127536

[INFO] Non-IID 总分配样本数: 19958
  w_locals: 2456.80 MB
  gradient: 2456.80 MB
Round 62, Test Accuracy: 51.58000183105469, Loss: 1.2976884464263916, Global training time: 0.056669286820410746

[INFO] Non-IID 总分配样本数: 20340
  w_locals: 2456.80 MB
  gradient: 2456.80 MB
Round 63, Test Accuracy: 52.709999084472656, Loss: 1.2986351957321167, Global training time: 0.06290179607014099

[INFO] Non-IID 总分配样本数: 19777
  w_locals: 2456.80 MB
  gradient: 2456.80 MB
Round 64, Test Accuracy: 55.849998474121094, Loss: 1.2245070138931275, Global training time: 0.045890424516022925

[INFO] Non-IID 总分配样本数: 18183
  w_locals: 2456.80 MB
  gradient: 2456.80 MB
Round 65, Test Accuracy: 55.75, Loss: 1.2191749670028686, Global training time: 0.054702043105389134

[INFO] Non-IID 总分配样本数: 20154
  w_locals: 2456.80 MB
  gradient: 2456.80 MB
Round 66, Test Accuracy: 55.7599983215332, Loss: 1.2249139503479003, Global training time: 0.06355035647426208

[INFO] Non-IID 总分配样本数: 15466
  w_locals: 2456.80 MB
  gradient: 2456.80 MB
Round 67, Test Accuracy: 54.0, Loss: 1.2361110668182373, Global training time: 0.051191720672916344

[INFO] Non-IID 总分配样本数: 18874
  w_locals: 2456.80 MB
  gradient: 2456.80 MB
Round 68, Test Accuracy: 56.2599983215332, Loss: 1.209497559928894, Global training time: 0.0466579162389634

[INFO] Non-IID 总分配样本数: 14589
  w_locals: 2456.80 MB
  gradient: 2456.80 MB
Round 69, Test Accuracy: 55.08000183105469, Loss: 1.2330505012512207, Global training time: 0.05711183442544739

[INFO] Non-IID 总分配样本数: 17333
  w_locals: 2456.80 MB
  gradient: 2456.80 MB
Round 70, Test Accuracy: 56.790000915527344, Loss: 1.2014285776138305, Global training time: 0.04629460571442964

[INFO] Non-IID 总分配样本数: 16611
  w_locals: 2456.80 MB
  gradient: 2456.80 MB
Round 71, Test Accuracy: 56.56999969482422, Loss: 1.1949580940246582, Global training time: 0.06144143847905652

[INFO] Non-IID 总分配样本数: 15375
  w_locals: 2456.80 MB
  gradient: 2456.80 MB
Round 72, Test Accuracy: 55.880001068115234, Loss: 1.2182623119354248, Global training time: 0.038965514677819675

[INFO] Non-IID 总分配样本数: 15543
  w_locals: 2456.80 MB
  gradient: 2456.80 MB
Round 73, Test Accuracy: 57.130001068115234, Loss: 1.1836976932525636, Global training time: 0.05195832768879547

[INFO] Non-IID 总分配样本数: 20570
  w_locals: 2456.80 MB
  gradient: 2456.80 MB
Round 74, Test Accuracy: 56.560001373291016, Loss: 1.209817381286621, Global training time: 0.060752711548602074

[INFO] Non-IID 总分配样本数: 20992
  w_locals: 2456.80 MB
  gradient: 2456.80 MB
Round 75, Test Accuracy: 56.220001220703125, Loss: 1.2073145196914672, Global training time: 0.05825803938232527

[INFO] Non-IID 总分配样本数: 19644
  w_locals: 2456.80 MB
  gradient: 2456.80 MB
Round 76, Test Accuracy: 58.08000183105469, Loss: 1.167061421585083, Global training time: 0.051062230590180675

[INFO] Non-IID 总分配样本数: 18042
  w_locals: 2456.80 MB
  gradient: 2456.80 MB
Round 77, Test Accuracy: 58.5, Loss: 1.149733625984192, Global training time: 0.05062288032590897

[INFO] Non-IID 总分配样本数: 17371
  w_locals: 2456.80 MB
  gradient: 2456.80 MB
Round 78, Test Accuracy: 56.65999984741211, Loss: 1.1934352689743042, Global training time: 0.042846975753526535

[INFO] Non-IID 总分配样本数: 20248
  w_locals: 2456.80 MB
  gradient: 2456.80 MB
Round 79, Test Accuracy: 58.779998779296875, Loss: 1.1438116302490235, Global training time: 0.04031219289287727

[INFO] Non-IID 总分配样本数: 20684
  w_locals: 2456.80 MB
  gradient: 2456.80 MB
Round 80, Test Accuracy: 58.90999984741211, Loss: 1.136556752204895, Global training time: 0.053262815236117124

[INFO] Non-IID 总分配样本数: 46566
  w_locals: 2456.80 MB
  gradient: 2456.80 MB
Round 81, Test Accuracy: 58.52000045776367, Loss: 1.142529918861389, Global training time: 0.057102500265328496

[INFO] Non-IID 总分配样本数: 18886
  w_locals: 2456.80 MB
  gradient: 2456.80 MB
Round 82, Test Accuracy: 58.36000061035156, Loss: 1.1407911422729493, Global training time: 0.052872786078164875

[INFO] Non-IID 总分配样本数: 20292
  w_locals: 2456.80 MB
  gradient: 2456.80 MB
Round 83, Test Accuracy: 58.27000045776367, Loss: 1.1413014413833618, Global training time: 0.05077211803722786

[INFO] Non-IID 总分配样本数: 22462
  w_locals: 2456.80 MB
  gradient: 2456.80 MB
Round 84, Test Accuracy: 54.84000015258789, Loss: 1.2547022743225098, Global training time: 0.059579085163885555

[INFO] Non-IID 总分配样本数: 16171
  w_locals: 2456.80 MB
  gradient: 2456.80 MB
Round 85, Test Accuracy: 58.810001373291016, Loss: 1.1466621859550477, Global training time: 0.04961869799508396

[INFO] Non-IID 总分配样本数: 16252
  w_locals: 2456.80 MB
  gradient: 2456.80 MB
Round 86, Test Accuracy: 54.939998626708984, Loss: 1.2717465383529662, Global training time: 0.04312241821836207

[INFO] Non-IID 总分配样本数: 14751
  w_locals: 2456.80 MB
  gradient: 2456.80 MB
Round 87, Test Accuracy: 58.869998931884766, Loss: 1.1468777208328247, Global training time: 0.04432337467877957

[INFO] Non-IID 总分配样本数: 18934
  w_locals: 2456.80 MB
  gradient: 2456.80 MB
Round 88, Test Accuracy: 60.08000183105469, Loss: 1.124086220550537, Global training time: 0.04728695347254239

[INFO] Non-IID 总分配样本数: 20262
  w_locals: 2456.80 MB
  gradient: 2456.80 MB
Round 89, Test Accuracy: 60.540000915527344, Loss: 1.1015398216247558, Global training time: 0.05075986369703305

[INFO] Non-IID 总分配样本数: 18619
  w_locals: 2456.80 MB
  gradient: 2456.80 MB
Round 90, Test Accuracy: 60.97999954223633, Loss: 1.0922364246368408, Global training time: 0.05492984359302543

[INFO] Non-IID 总分配样本数: 17758
  w_locals: 2456.80 MB
  gradient: 2456.80 MB
Round 91, Test Accuracy: 60.33000183105469, Loss: 1.1219800409317016, Global training time: 0.04957123900976759

[INFO] Non-IID 总分配样本数: 19433
  w_locals: 2456.80 MB
  gradient: 2456.80 MB
Round 92, Test Accuracy: 61.220001220703125, Loss: 1.0813087696075439, Global training time: 0.05171827836962279

[INFO] Non-IID 总分配样本数: 19226
  w_locals: 2456.80 MB
  gradient: 2456.80 MB
Round 93, Test Accuracy: 61.27000045776367, Loss: 1.0774404901504517, Global training time: 0.053978922935551725

[INFO] Non-IID 总分配样本数: 14108
  w_locals: 2456.80 MB
  gradient: 2456.80 MB
Round 94, Test Accuracy: 61.81999969482422, Loss: 1.06306508102417, Global training time: 0.05340044639297628

[INFO] Non-IID 总分配样本数: 21604
  w_locals: 2456.80 MB
  gradient: 2456.80 MB
Round 95, Test Accuracy: 61.279998779296875, Loss: 1.0727060218811035, Global training time: 0.05643670515598356

[INFO] Non-IID 总分配样本数: 21242
  w_locals: 2456.80 MB
  gradient: 2456.80 MB
Round 96, Test Accuracy: 61.79999923706055, Loss: 1.0579819641113282, Global training time: 0.052110823093639284

[INFO] Non-IID 总分配样本数: 17232
  w_locals: 2456.80 MB
  gradient: 2456.80 MB
Round 97, Test Accuracy: 61.41999816894531, Loss: 1.0806013708114623, Global training time: 0.051559826237585274

[INFO] Non-IID 总分配样本数: 21387
  w_locals: 2456.80 MB
  gradient: 2456.80 MB
Round 98, Test Accuracy: 60.33000183105469, Loss: 1.1132355237960816, Global training time: 0.04389135514778364

[INFO] Non-IID 总分配样本数: 22553
  w_locals: 2456.80 MB
  gradient: 2456.80 MB
Round 99, Test Accuracy: 62.040000915527344, Loss: 1.0727303869247438, Global training time: 0.05708614879483323

[INFO] Non-IID 总分配样本数: 16002
  w_locals: 2456.80 MB
  gradient: 2456.80 MB
Round 100, Test Accuracy: 62.310001373291016, Loss: 1.0585408725738525, Global training time: 0.0491780632786107

成功保存数据pkl文件
OnlineFL已训练完成，最终结果： {'ais': 2, 'test_accuracies': [tensor(62.3100)], 'global_round_accuracies': [[tensor(10.), tensor(10.0200), tensor(13.6500), tensor(13.1400), tensor(10.), tensor(12.4600), tensor(10.9900), tensor(10.), tensor(12.3400), tensor(20.2300), tensor(17.9300), tensor(23.3200), tensor(26.4100), tensor(24.4300), tensor(29.0200), tensor(26.7900), tensor(31.4400), tensor(31.0600), tensor(33.2900), tensor(32.5900), tensor(34.7700), tensor(34.7100), tensor(36.7400), tensor(36.4300), tensor(36.3300), tensor(39.0400), tensor(39.5700), tensor(39.6900), tensor(40.0300), tensor(41.7500), tensor(42.5000), tensor(42.5100), tensor(43.1600), tensor(43.7500), tensor(43.2200), tensor(44.7800), tensor(45.1900), tensor(45.4100), tensor(45.4200), tensor(45.8600), tensor(47.), tensor(47.0800), tensor(46.7800), tensor(48.2200), tensor(48.3200), tensor(47.8700), tensor(43.3000), tensor(49.1400), tensor(49.1300), tensor(51.1600), tensor(51.0100), tensor(50.1500), tensor(51.9700), tensor(51.2900), tensor(52.0900), tensor(52.4700), tensor(53.0500), tensor(52.1400), tensor(53.0100), tensor(53.6100), tensor(52.7800), tensor(51.5800), tensor(52.7100), tensor(55.8500), tensor(55.7500), tensor(55.7600), tensor(54.), tensor(56.2600), tensor(55.0800), tensor(56.7900), tensor(56.5700), tensor(55.8800), tensor(57.1300), tensor(56.5600), tensor(56.2200), tensor(58.0800), tensor(58.5000), tensor(56.6600), tensor(58.7800), tensor(58.9100), tensor(58.5200), tensor(58.3600), tensor(58.2700), tensor(54.8400), tensor(58.8100), tensor(54.9400), tensor(58.8700), tensor(60.0800), tensor(60.5400), tensor(60.9800), tensor(60.3300), tensor(61.2200), tensor(61.2700), tensor(61.8200), tensor(61.2800), tensor(61.8000), tensor(61.4200), tensor(60.3300), tensor(62.0400), tensor(62.3100)]], 'global_round_times': [[np.float64(0.035273222100396524), np.float64(0.05314623091396175), np.float64(0.04235277107601171), np.float64(0.05143288915216046), np.float64(0.05362008000625426), np.float64(0.040922645472058795), np.float64(0.04478188966146693), np.float64(0.04856126504516674), np.float64(0.047581295104440195), np.float64(0.051718255943611444), np.float64(0.03674874610323479), np.float64(0.04766695830114389), np.float64(0.06451456596210292), np.float64(0.03710324125206889), np.float64(0.04840073725764725), np.float64(0.05510674819103868), np.float64(0.06981188777498169), np.float64(0.0279292801906417), np.float64(0.05505265147387347), np.float64(0.040176973597437375), np.float64(0.04834196441815502), np.float64(0.052935573766494035), np.float64(0.08035057082972458), np.float64(0.05038388786205669), np.float64(0.04852776997903909), np.float64(0.046423083248402344), np.float64(0.03734114603433955), np.float64(0.04872718847165744), np.float64(0.04996909486539093), np.float64(0.06527837567360577), np.float64(0.05345283485720939), np.float64(0.04919745077607709), np.float64(0.05038206527057331), np.float64(0.05329807789411907), np.float64(0.05057361400905256), np.float64(0.0524161410429805), np.float64(0.04777522703377049), np.float64(0.05800224302551684), np.float64(0.05316889314067594), np.float64(0.05243233498627804), np.float64(0.06492928942860272), np.float64(0.04885206005283963), np.float64(0.045963865144499655), np.float64(0.04135105573133677), np.float64(0.024478379791871095), np.float64(0.046527591388148534), np.float64(0.051548807185080966), np.float64(0.05075714221507595), np.float64(0.032388263762564186), np.float64(0.04868073205551258), np.float64(0.04540187852976429), np.float64(0.043679064809610306), np.float64(0.04311213127826238), np.float64(0.046047694715116515), np.float64(0.04987611216695587), np.float64(0.05228168740264877), np.float64(0.049724916940940535), np.float64(0.03036642784548145), np.float64(0.047150294903532786), np.float64(0.04820432082854838), np.float64(0.04990631812127536), np.float64(0.056669286820410746), np.float64(0.06290179607014099), np.float64(0.045890424516022925), np.float64(0.054702043105389134), np.float64(0.06355035647426208), np.float64(0.051191720672916344), np.float64(0.0466579162389634), np.float64(0.05711183442544739), np.float64(0.04629460571442964), np.float64(0.06144143847905652), np.float64(0.038965514677819675), np.float64(0.05195832768879547), np.float64(0.060752711548602074), np.float64(0.05825803938232527), np.float64(0.051062230590180675), np.float64(0.05062288032590897), np.float64(0.042846975753526535), np.float64(0.04031219289287727), np.float64(0.053262815236117124), np.float64(0.057102500265328496), np.float64(0.052872786078164875), np.float64(0.05077211803722786), np.float64(0.059579085163885555), np.float64(0.04961869799508396), np.float64(0.04312241821836207), np.float64(0.04432337467877957), np.float64(0.04728695347254239), np.float64(0.05075986369703305), np.float64(0.05492984359302543), np.float64(0.04957123900976759), np.float64(0.05171827836962279), np.float64(0.053978922935551725), np.float64(0.05340044639297628), np.float64(0.05643670515598356), np.float64(0.052110823093639284), np.float64(0.051559826237585274), np.float64(0.04389135514778364), np.float64(0.05708614879483323), np.float64(0.0491780632786107)]]}

Time Slot 5 Results:
  Selected Devices: [12, 19, 38, 40, 49]
  Total Offload Data: 0.0000
  Sample Device Computation F: [np.float64(38.12804097178537), np.float64(32.800017812083276), np.float64(47.529751695610486), np.float64(60.81407568364755), np.float64(78.37175110498431)]
  Sample Final Data Amounts: [np.float64(0.0), np.float64(0.0), np.float64(0.0), np.float64(0.0), np.float64(0.0)]

Time Slot 10 Results:
  Selected Devices: [12, 19, 38, 40, 49]
  Total Offload Data: 0.0000
  Sample Device Computation F: [np.float64(85.8935639348988), np.float64(27.66025100302489), np.float64(45.059848087389724), np.float64(131.6871054575239), np.float64(83.43039521436891)]
  Sample Final Data Amounts: [np.float64(0.0), np.float64(0.0), np.float64(0.0), np.float64(0.0), np.float64(0.0)]

Time Slot 15 Results:
  Selected Devices: [12, 19, 38, 40, 49]
  Total Offload Data: 0.0000
  Sample Device Computation F: [np.float64(95.3003281887656), np.float64(39.538047016561386), np.float64(22.405489370536195), np.float64(51.55758798799342), np.float64(47.75052698185988)]
  Sample Final Data Amounts: [np.float64(0.0), np.float64(0.0), np.float64(0.0), np.float64(0.0), np.float64(0.0)]

Time Slot 20 Results:
  Selected Devices: [12, 19, 38, 40, 49]
  Total Offload Data: 0.0000
  Sample Device Computation F: [np.float64(37.381108871831074), np.float64(27.21177832296327), np.float64(48.328165036701904), np.float64(106.2306034685938), np.float64(81.42335685588993)]
  Sample Final Data Amounts: [np.float64(0.0), np.float64(0.0), np.float64(0.0), np.float64(0.0), np.float64(0.0)]

Time Slot 25 Results:
  Selected Devices: [7, 12, 30, 40, 47]
  Total Offload Data: 0.0000
  Sample Device Computation F: [np.float64(70.80583104355622), np.float64(32.140640741832215), np.float64(32.99136030455077), np.float64(58.09704078761626), np.float64(65.86759365712881)]
  Sample Final Data Amounts: [np.float64(0.0), np.float64(0.0), np.float64(0.0), np.float64(0.0), np.float64(0.0)]

Time Slot 30 Results:
  Selected Devices: [7, 12, 30, 40, 47]
  Total Offload Data: 0.0000
  Sample Device Computation F: [np.float64(101.68406222660957), np.float64(33.55708084994945), np.float64(30.188475460012487), np.float64(87.78752235453854), np.float64(41.605221127280046)]
  Sample Final Data Amounts: [np.float64(0.0), np.float64(0.0), np.float64(0.0), np.float64(0.0), np.float64(0.0)]

Time Slot 35 Results:
  Selected Devices: [7, 12, 30, 40, 47]
  Total Offload Data: 0.0000
  Sample Device Computation F: [np.float64(82.45450217379471), np.float64(35.13394852280742), np.float64(20.346723674300385), np.float64(58.22521003427361), np.float64(51.2841121523434)]
  Sample Final Data Amounts: [np.float64(0.0), np.float64(0.0), np.float64(0.0), np.float64(0.0), np.float64(0.0)]

Time Slot 40 Results:
  Selected Devices: [7, 12, 30, 40, 47]
  Total Offload Data: 157.1288
  Sample Device Computation F: [np.float64(61.68521170581083), np.float64(21.36855547475705), np.float64(41.26353670850966), np.float64(94.41835707644911), np.float64(35.42766270227294)]
  Sample Final Data Amounts: [np.float64(0.0), np.float64(0.0), np.float64(0.0), np.float64(0.0), np.float64(0.0)]

Time Slot 45 Results:
  Selected Devices: [3, 17, 26, 35, 47]
  Total Offload Data: 0.0000
  Sample Device Computation F: [np.float64(71.32552935830098), np.float64(21.03220963261908), np.float64(48.351249903020125), np.float64(132.74402422768262), np.float64(73.4408947238437)]
  Sample Final Data Amounts: [np.float64(0.0), np.float64(0.0), np.float64(0.0), np.float64(41.04910044155302), np.float64(0.0)]

Time Slot 50 Results:
  Selected Devices: [3, 17, 26, 35, 47]
  Total Offload Data: 0.0000
  Sample Device Computation F: [np.float64(86.01698565270706), np.float64(23.138798076798295), np.float64(31.510688951344086), np.float64(60.52834304314314), np.float64(82.98133462402066)]
  Sample Final Data Amounts: [np.float64(0.0), np.float64(0.0), np.float64(0.0), np.float64(58.568737505991784), np.float64(0.0)]

Time Slot 55 Results:
  Selected Devices: [3, 17, 26, 35, 47]
  Total Offload Data: 0.0000
  Sample Device Computation F: [np.float64(43.9234981156906), np.float64(37.593391967713686), np.float64(22.02325317499114), np.float64(97.59105487076116), np.float64(74.72096579119751)]
  Sample Final Data Amounts: [np.float64(0.0), np.float64(0.0), np.float64(0.0), np.float64(64.32272700587276), np.float64(0.0)]

Time Slot 60 Results:
  Selected Devices: [3, 17, 26, 35, 47]
  Total Offload Data: 0.0000
  Sample Device Computation F: [np.float64(104.3443113744182), np.float64(13.459481582277668), np.float64(40.70246929029731), np.float64(55.08901604718612), np.float64(51.279203782402476)]
  Sample Final Data Amounts: [np.float64(0.0), np.float64(0.0), np.float64(0.0), np.float64(55.08901604718612), np.float64(0.0)]

Time Slot 65 Results:
  Selected Devices: [0, 4, 18, 35, 41]
  Total Offload Data: 0.0000
  Sample Device Computation F: [np.float64(66.47360714006015), np.float64(26.62530769963265), np.float64(36.37003744069098), np.float64(136.28431124688427), np.float64(56.47399898439165)]
  Sample Final Data Amounts: [np.float64(19.685977816269702), np.float64(0.0), np.float64(0.0), np.float64(0.0), np.float64(56.47399898439165)]

Time Slot 70 Results:
  Selected Devices: [0, 4, 18, 35, 41]
  Total Offload Data: 0.0000
  Sample Device Computation F: [np.float64(99.0575973414089), np.float64(28.029201130809753), np.float64(22.091177080911965), np.float64(80.39141615444649), np.float64(35.69246530386159)]
  Sample Final Data Amounts: [np.float64(19.64659814481874), np.float64(0.0), np.float64(0.0), np.float64(0.0), np.float64(35.69246530386159)]

Time Slot 75 Results:
  Selected Devices: [0, 4, 18, 35, 41]
  Total Offload Data: 241.7779
  Sample Device Computation F: [np.float64(56.06722286279673), np.float64(37.207941960509096), np.float64(35.776581788935545), np.float64(114.89578459078828), np.float64(81.51787215123991)]
  Sample Final Data Amounts: [np.float64(26.9074829370179), np.float64(0.0), np.float64(0.0), np.float64(0.0), np.float64(81.51787215123991)]

Time Slot 80 Results:
  Selected Devices: [0, 4, 18, 35, 41]
  Total Offload Data: 0.0000
  Sample Device Computation F: [np.float64(62.180902353563965), np.float64(34.933054593779815), np.float64(45.54140676518914), np.float64(58.80851865989392), np.float64(73.72542464500846)]
  Sample Final Data Amounts: [np.float64(29.974476246790882), np.float64(0.0), np.float64(0.0), np.float64(0.0), np.float64(73.72542464500846)]

Time Slot 85 Results:
  Selected Devices: [14, 21, 31, 35, 49]
  Total Offload Data: 0.0000
  Sample Device Computation F: [np.float64(71.7065209148979), np.float64(13.373282922955537), np.float64(21.268374958137244), np.float64(114.70137498211551), np.float64(62.800423111693746)]
  Sample Final Data Amounts: [np.float64(0.0), np.float64(0.0), np.float64(0.0), np.float64(0.0), np.float64(0.0)]

Time Slot 90 Results:
  Selected Devices: [14, 21, 31, 35, 49]
  Total Offload Data: 0.0000
  Sample Device Computation F: [np.float64(61.23859627117819), np.float64(31.679466212663073), np.float64(44.22954727367504), np.float64(67.07423013847978), np.float64(76.01327204612147)]
  Sample Final Data Amounts: [np.float64(0.0), np.float64(0.0), np.float64(0.0), np.float64(0.0), np.float64(0.0)]

Time Slot 95 Results:
  Selected Devices: [14, 21, 31, 35, 49]
  Total Offload Data: 0.0000
  Sample Device Computation F: [np.float64(60.52662763062683), np.float64(36.10550992696387), np.float64(30.12575711548733), np.float64(116.02832550371235), np.float64(52.264131480607176)]
  Sample Final Data Amounts: [np.float64(0.0), np.float64(0.0), np.float64(0.0), np.float64(0.0), np.float64(0.0)]

Time Slot 100 Results:
  Selected Devices: [14, 21, 31, 35, 49]
  Total Offload Data: 0.0000
  Sample Device Computation F: [np.float64(46.49912417253634), np.float64(36.65017645866473), np.float64(26.033066518008457), np.float64(80.7829995286771), np.float64(38.54013217150498)]
  Sample Final Data Amounts: [np.float64(0.0), np.float64(0.0), np.float64(0.0), np.float64(0.0), np.float64(0.0)]

=== 仿真结果 (N=50) ===
平均吞吐量:
  提出的方法 (T=20): 256.4052
  本地执行: 191.5672
  静态编排: 108.8329
  提出的方法 (T1=20): 256.4052
step1 获取到100个时隙的工作节点以及实际训练量
目标准确率：55.0，目标epoch：100
non-iid
[INFO] Non-IID 总分配样本数: 45679
  w_locals: 2456.80 MB
  gradient: 2456.80 MB
Round 1, Test Accuracy: 10.300000190734863, Loss: 2.2989152111053466, Global training time: 0.036121039692301224

[INFO] Non-IID 总分配样本数: 20844
  w_locals: 2456.80 MB
  gradient: 2456.80 MB
Round 2, Test Accuracy: 10.0, Loss: 2.297433615875244, Global training time: 0.05315564743703007

[INFO] Non-IID 总分配样本数: 16755
  w_locals: 2456.80 MB
  gradient: 2456.80 MB
Round 3, Test Accuracy: 10.0, Loss: 2.295376849746704, Global training time: 0.04099539265525552

[INFO] Non-IID 总分配样本数: 22059
  w_locals: 2456.80 MB
  gradient: 2456.80 MB
Round 4, Test Accuracy: 10.0, Loss: 2.293026998901367, Global training time: 0.0480046224704341

[INFO] Non-IID 总分配样本数: 25184
  w_locals: 2456.80 MB
  gradient: 2456.80 MB
Round 5, Test Accuracy: 10.010000228881836, Loss: 2.290128602218628, Global training time: 0.05321520492757237

[INFO] Non-IID 总分配样本数: 19597
  w_locals: 2456.80 MB
  gradient: 2456.80 MB
Round 6, Test Accuracy: 10.0, Loss: 2.289075413894653, Global training time: 0.03888698021468137

[INFO] Non-IID 总分配样本数: 20799
  w_locals: 2456.80 MB
  gradient: 2456.80 MB
Round 7, Test Accuracy: 11.989999771118164, Loss: 2.280238357162476, Global training time: 0.04969917015595128

[INFO] Non-IID 总分配样本数: 19713
  w_locals: 2456.80 MB
  gradient: 2456.80 MB
Round 8, Test Accuracy: 17.639999389648438, Loss: 2.271954384613037, Global training time: 0.05687381039430782

[INFO] Non-IID 总分配样本数: 20360
  w_locals: 2456.80 MB
  gradient: 2456.80 MB
Round 9, Test Accuracy: 12.789999961853027, Loss: 2.2601641624450686, Global training time: 0.04172713259652106

[INFO] Non-IID 总分配样本数: 21782
  w_locals: 2456.80 MB
  gradient: 2456.80 MB
Round 10, Test Accuracy: 21.299999237060547, Loss: 2.238923118209839, Global training time: 0.06120463780102394

[INFO] Non-IID 总分配样本数: 20885
  w_locals: 2456.80 MB
  gradient: 2456.80 MB
Round 11, Test Accuracy: 15.449999809265137, Loss: 2.207129761123657, Global training time: 0.036122342982291465

[INFO] Non-IID 总分配样本数: 18763
  w_locals: 2456.80 MB
  gradient: 2456.80 MB
Round 12, Test Accuracy: 21.889999389648438, Loss: 2.1560253326416015, Global training time: 0.046658543841861834

[INFO] Non-IID 总分配样本数: 23242
  w_locals: 2456.80 MB
  gradient: 2456.80 MB
Round 13, Test Accuracy: 23.09000015258789, Loss: 2.0934967588424684, Global training time: 0.06656722624281045

[INFO] Non-IID 总分配样本数: 24163
  w_locals: 2456.80 MB
  gradient: 2456.80 MB
Round 14, Test Accuracy: 25.190000534057617, Loss: 2.0333919826507567, Global training time: 0.05212595386082889

[INFO] Non-IID 总分配样本数: 22841
  w_locals: 2456.80 MB
  gradient: 2456.80 MB
Round 15, Test Accuracy: 27.389999389648438, Loss: 1.9955227939605713, Global training time: 0.04370476137991148

[INFO] Non-IID 总分配样本数: 20979
  w_locals: 2456.80 MB
  gradient: 2456.80 MB
Round 16, Test Accuracy: 27.350000381469727, Loss: 1.9769158422470092, Global training time: 0.051681840865093184

[INFO] Non-IID 总分配样本数: 23661
  w_locals: 2456.80 MB
  gradient: 2456.80 MB
Round 17, Test Accuracy: 28.799999237060547, Loss: 1.9333210865020751, Global training time: 0.07314527773967305

[INFO] Non-IID 总分配样本数: 17232
  w_locals: 2456.80 MB
  gradient: 2456.80 MB
Round 18, Test Accuracy: 27.649999618530273, Loss: 1.923840488052368, Global training time: 0.031378509516294825

[INFO] Non-IID 总分配样本数: 26746
  w_locals: 2456.80 MB
  gradient: 2456.80 MB
Round 19, Test Accuracy: 29.579999923706055, Loss: 1.8758769435882567, Global training time: 0.06403157234909689

[INFO] Non-IID 总分配样本数: 24738
  w_locals: 2456.80 MB
  gradient: 2456.80 MB
Round 20, Test Accuracy: 31.3700008392334, Loss: 1.8369694612503051, Global training time: 0.0414179813780697

[INFO] Non-IID 总分配样本数: 41912
  w_locals: 2456.80 MB
  gradient: 2456.80 MB
Round 21, Test Accuracy: 32.959999084472656, Loss: 1.8103802064895629, Global training time: 0.055011933553131574

[INFO] Non-IID 总分配样本数: 26570
  w_locals: 2456.80 MB
  gradient: 2456.80 MB
Round 22, Test Accuracy: 33.880001068115234, Loss: 1.7585444978713989, Global training time: 0.05592379502792899

[INFO] Non-IID 总分配样本数: 27404
  w_locals: 2456.80 MB
  gradient: 2456.80 MB
Round 23, Test Accuracy: 35.310001373291016, Loss: 1.7167277809143067, Global training time: 0.07962129850054767

[INFO] Non-IID 总分配样本数: 25062
  w_locals: 2456.80 MB
  gradient: 2456.80 MB
Round 24, Test Accuracy: 35.040000915527344, Loss: 1.7380036357879638, Global training time: 0.06813623345771928

[INFO] Non-IID 总分配样本数: 23868
  w_locals: 2456.80 MB
  gradient: 2456.80 MB
Round 25, Test Accuracy: 37.220001220703125, Loss: 1.6792111818313598, Global training time: 0.04603683952085559

[INFO] Non-IID 总分配样本数: 26472
  w_locals: 2456.80 MB
  gradient: 2456.80 MB
Round 26, Test Accuracy: 38.41999816894531, Loss: 1.6478795341491699, Global training time: 0.04769463495067585

[INFO] Non-IID 总分配样本数: 23404
  w_locals: 2456.80 MB
  gradient: 2456.80 MB
Round 27, Test Accuracy: 38.90999984741211, Loss: 1.6363719955444336, Global training time: 0.03846237081044653

[INFO] Non-IID 总分配样本数: 21268
  w_locals: 2456.80 MB
  gradient: 2456.80 MB
Round 28, Test Accuracy: 38.70000076293945, Loss: 1.6186796422958374, Global training time: 0.053159190069063604

[INFO] Non-IID 总分配样本数: 20727
  w_locals: 2456.80 MB
  gradient: 2456.80 MB
Round 29, Test Accuracy: 40.060001373291016, Loss: 1.5996019968032837, Global training time: 0.051725151673813724

[INFO] Non-IID 总分配样本数: 29797
  w_locals: 2456.80 MB
  gradient: 2456.80 MB
Round 30, Test Accuracy: 40.77000045776367, Loss: 1.570527784538269, Global training time: 0.0671111863108697

[INFO] Non-IID 总分配样本数: 28967
  w_locals: 2456.80 MB
  gradient: 2456.80 MB
Round 31, Test Accuracy: 41.45000076293945, Loss: 1.5596842266082764, Global training time: 0.0573478171056265

[INFO] Non-IID 总分配样本数: 27176
  w_locals: 2456.80 MB
  gradient: 2456.80 MB
Round 32, Test Accuracy: 42.20000076293945, Loss: 1.5387971061706542, Global training time: 0.05009943633535858

[INFO] Non-IID 总分配样本数: 25573
  w_locals: 2456.80 MB
  gradient: 2456.80 MB
Round 33, Test Accuracy: 42.400001525878906, Loss: 1.540488803100586, Global training time: 0.04930018669788245

[INFO] Non-IID 总分配样本数: 27867
  w_locals: 2456.80 MB
  gradient: 2456.80 MB
Round 34, Test Accuracy: 41.380001068115234, Loss: 1.546269480895996, Global training time: 0.052390144761997326

[INFO] Non-IID 总分配样本数: 19777
  w_locals: 2456.80 MB
  gradient: 2456.80 MB
Round 35, Test Accuracy: 43.5099983215332, Loss: 1.502920097541809, Global training time: 0.04676164726831023

[INFO] Non-IID 总分配样本数: 22512
  w_locals: 2456.80 MB
  gradient: 2456.80 MB
Round 36, Test Accuracy: 44.9900016784668, Loss: 1.4765214813232421, Global training time: 0.05380790513097602

[INFO] Non-IID 总分配样本数: 21814
  w_locals: 2456.80 MB
  gradient: 2456.80 MB
Round 37, Test Accuracy: 44.93000030517578, Loss: 1.4967080669403077, Global training time: 0.05046201746516601

[INFO] Non-IID 总分配样本数: 25225
  w_locals: 2456.80 MB
  gradient: 2456.80 MB
Round 38, Test Accuracy: 45.2400016784668, Loss: 1.4637308811187744, Global training time: 0.058116097826917935

[INFO] Non-IID 总分配样本数: 19169
  w_locals: 2456.80 MB
  gradient: 2456.80 MB
Round 39, Test Accuracy: 45.529998779296875, Loss: 1.4557004693984985, Global training time: 0.04725175237606692

[INFO] Non-IID 总分配样本数: 23313
  w_locals: 2456.80 MB
  gradient: 2456.80 MB
Round 40, Test Accuracy: 46.65999984741211, Loss: 1.4544146587371827, Global training time: 0.05458379965579113

[INFO] Non-IID 总分配样本数: 47490
  w_locals: 2456.80 MB
  gradient: 2456.80 MB
Round 41, Test Accuracy: 46.97999954223633, Loss: 1.446327939605713, Global training time: 0.05950148612264074

[INFO] Non-IID 总分配样本数: 19802
  w_locals: 2456.80 MB
  gradient: 2456.80 MB
Round 42, Test Accuracy: 48.18000030517578, Loss: 1.4044162918090821, Global training time: 0.04701501429860493

[INFO] Non-IID 总分配样本数: 16437
  w_locals: 2456.80 MB
  gradient: 2456.80 MB
Round 43, Test Accuracy: 48.380001068115234, Loss: 1.4109106178283692, Global training time: 0.04898834239630063

[INFO] Non-IID 总分配样本数: 20952
  w_locals: 2456.80 MB
  gradient: 2456.80 MB
Round 44, Test Accuracy: 48.369998931884766, Loss: 1.3867596670150757, Global training time: 0.041690567897668014

[INFO] Non-IID 总分配样本数: 17235
  w_locals: 2456.80 MB
  gradient: 2456.80 MB
Round 45, Test Accuracy: 49.119998931884766, Loss: 1.3820815444946288, Global training time: 0.026127418117671296

[INFO] Non-IID 总分配样本数: 17452
  w_locals: 2456.80 MB
  gradient: 2456.80 MB
Round 46, Test Accuracy: 48.47999954223633, Loss: 1.3876046361923218, Global training time: 0.047199174377859344

[INFO] Non-IID 总分配样本数: 23270
  w_locals: 2456.80 MB
  gradient: 2456.80 MB
Round 47, Test Accuracy: 45.900001525878906, Loss: 1.5210667848587036, Global training time: 0.052376644930717024

[INFO] Non-IID 总分配样本数: 24582
  w_locals: 2456.80 MB
  gradient: 2456.80 MB
Round 48, Test Accuracy: 49.08000183105469, Loss: 1.3761303606033326, Global training time: 0.049083077786127284

[INFO] Non-IID 总分配样本数: 22669
  w_locals: 2456.80 MB
  gradient: 2456.80 MB
Round 49, Test Accuracy: 49.84000015258789, Loss: 1.3602153343200685, Global training time: 0.0342205386056406

[INFO] Non-IID 总分配样本数: 23061
  w_locals: 2456.80 MB
  gradient: 2456.80 MB
Round 50, Test Accuracy: 50.349998474121094, Loss: 1.3575262086868287, Global training time: 0.05333939939067812

[INFO] Non-IID 总分配样本数: 16726
  w_locals: 2456.80 MB
  gradient: 2456.80 MB
Round 51, Test Accuracy: 49.75, Loss: 1.3750099100112916, Global training time: 0.045974108322645764

[INFO] Non-IID 总分配样本数: 16829
  w_locals: 2456.80 MB
  gradient: 2456.80 MB
Round 52, Test Accuracy: 50.33000183105469, Loss: 1.3477998971939087, Global training time: 0.04436722635190263

[INFO] Non-IID 总分配样本数: 22874
  w_locals: 2456.80 MB
  gradient: 2456.80 MB
Round 53, Test Accuracy: 51.189998626708984, Loss: 1.3297402074813842, Global training time: 0.04482614925530036

[INFO] Non-IID 总分配样本数: 17888
  w_locals: 2456.80 MB
  gradient: 2456.80 MB
Round 54, Test Accuracy: 51.61000061035156, Loss: 1.3271042694091797, Global training time: 0.0464105596485554

[INFO] Non-IID 总分配样本数: 21781
  w_locals: 2456.80 MB
  gradient: 2456.80 MB
Round 55, Test Accuracy: 52.09000015258789, Loss: 1.313077680015564, Global training time: 0.04458209598538385

[INFO] Non-IID 总分配样本数: 19409
  w_locals: 2456.80 MB
  gradient: 2456.80 MB
Round 56, Test Accuracy: 51.65999984741211, Loss: 1.3114749256134033, Global training time: 0.05667016532626228

[INFO] Non-IID 总分配样本数: 19993
  w_locals: 2456.80 MB
  gradient: 2456.80 MB
Round 57, Test Accuracy: 49.7599983215332, Loss: 1.3696574258804322, Global training time: 0.05074155858347349

[INFO] Non-IID 总分配样本数: 22880
  w_locals: 2456.80 MB
  gradient: 2456.80 MB
Round 58, Test Accuracy: 52.529998779296875, Loss: 1.284040445137024, Global training time: 0.029071063735216146

[INFO] Non-IID 总分配样本数: 17611
  w_locals: 2456.80 MB
  gradient: 2456.80 MB
Round 59, Test Accuracy: 52.63999938964844, Loss: 1.286625129699707, Global training time: 0.054458787350074096

[INFO] Non-IID 总分配样本数: 20145
  w_locals: 2456.80 MB
  gradient: 2456.80 MB
Round 60, Test Accuracy: 52.279998779296875, Loss: 1.3073210271835327, Global training time: 0.04326179535693759

[INFO] Non-IID 总分配样本数: 41014
  w_locals: 2456.80 MB
  gradient: 2456.80 MB
Round 61, Test Accuracy: 53.459999084472656, Loss: 1.2628345735549926, Global training time: 0.05219906850260461

[INFO] Non-IID 总分配样本数: 19958
  w_locals: 2456.80 MB
  gradient: 2456.80 MB
Round 62, Test Accuracy: 52.61000061035156, Loss: 1.2886858846664428, Global training time: 0.05458818217802355

[INFO] Non-IID 总分配样本数: 20340
  w_locals: 2456.80 MB
  gradient: 2456.80 MB
Round 63, Test Accuracy: 52.43000030517578, Loss: 1.2888508459091186, Global training time: 0.06611842984803375

[INFO] Non-IID 总分配样本数: 19777
  w_locals: 2456.80 MB
  gradient: 2456.80 MB
Round 64, Test Accuracy: 53.189998626708984, Loss: 1.2784889039993286, Global training time: 0.04805121672853216

[INFO] Non-IID 总分配样本数: 18183
  w_locals: 2456.80 MB
  gradient: 2456.80 MB
Round 65, Test Accuracy: 54.4900016784668, Loss: 1.2518633630752563, Global training time: 0.05472139114967909

[INFO] Non-IID 总分配样本数: 20154
  w_locals: 2456.80 MB
  gradient: 2456.80 MB
Round 66, Test Accuracy: 54.31999969482422, Loss: 1.2475528190612792, Global training time: 0.06538435351831297

[INFO] Non-IID 总分配样本数: 15466
  w_locals: 2456.80 MB
  gradient: 2456.80 MB
Round 67, Test Accuracy: 55.2599983215332, Loss: 1.2310542993545532, Global training time: 0.05268285134631718

[INFO] Non-IID 总分配样本数: 18874
  w_locals: 2456.80 MB
  gradient: 2456.80 MB
Round 68, Test Accuracy: 55.45000076293945, Loss: 1.2325897472381593, Global training time: 0.04841429524015095

[INFO] Non-IID 总分配样本数: 14589
  w_locals: 2456.80 MB
  gradient: 2456.80 MB
Round 69, Test Accuracy: 55.209999084472656, Loss: 1.2343943349838258, Global training time: 0.05342865818748667

[INFO] Non-IID 总分配样本数: 17333
  w_locals: 2456.80 MB
  gradient: 2456.80 MB
Round 70, Test Accuracy: 55.34000015258789, Loss: 1.2321066036224366, Global training time: 0.04610690347802833

[INFO] Non-IID 总分配样本数: 16611
  w_locals: 2456.80 MB
  gradient: 2456.80 MB
Round 71, Test Accuracy: 56.09000015258789, Loss: 1.2225273146629334, Global training time: 0.05918725457699946

[INFO] Non-IID 总分配样本数: 15375
  w_locals: 2456.80 MB
  gradient: 2456.80 MB
Round 72, Test Accuracy: 56.630001068115234, Loss: 1.2052764503479003, Global training time: 0.044243521142991585

[INFO] Non-IID 总分配样本数: 15543
  w_locals: 2456.80 MB
  gradient: 2456.80 MB
Round 73, Test Accuracy: 56.08000183105469, Loss: 1.2129755443572998, Global training time: 0.05320473245790156

[INFO] Non-IID 总分配样本数: 20570
  w_locals: 2456.80 MB
  gradient: 2456.80 MB
Round 74, Test Accuracy: 56.88999938964844, Loss: 1.1936678882598877, Global training time: 0.062147612992886105

[INFO] Non-IID 总分配样本数: 20992
  w_locals: 2456.80 MB
  gradient: 2456.80 MB
Round 75, Test Accuracy: 56.4900016784668, Loss: 1.2040801175117493, Global training time: 0.053929724026124434

[INFO] Non-IID 总分配样本数: 19644
  w_locals: 2456.80 MB
  gradient: 2456.80 MB
Round 76, Test Accuracy: 57.70000076293945, Loss: 1.1912320664405822, Global training time: 0.05396619277701642

[INFO] Non-IID 总分配样本数: 18042
  w_locals: 2456.80 MB
  gradient: 2456.80 MB
Round 77, Test Accuracy: 57.18000030517578, Loss: 1.1824072844505311, Global training time: 0.04563101856189051

[INFO] Non-IID 总分配样本数: 17371
  w_locals: 2456.80 MB
  gradient: 2456.80 MB
Round 78, Test Accuracy: 57.70000076293945, Loss: 1.1749468192100525, Global training time: 0.048930706649611654

[INFO] Non-IID 总分配样本数: 20248
  w_locals: 2456.80 MB
  gradient: 2456.80 MB
Round 79, Test Accuracy: 58.04999923706055, Loss: 1.1667492971420288, Global training time: 0.04323208681909787

[INFO] Non-IID 总分配样本数: 20684
  w_locals: 2456.80 MB
  gradient: 2456.80 MB
Round 80, Test Accuracy: 57.65999984741211, Loss: 1.1613825041770935, Global training time: 0.04722415329576042

[INFO] Non-IID 总分配样本数: 46566
  w_locals: 2456.80 MB
  gradient: 2456.80 MB
Round 81, Test Accuracy: 58.650001525878906, Loss: 1.1406785141944886, Global training time: 0.05689521837726236

[INFO] Non-IID 总分配样本数: 18886
  w_locals: 2456.80 MB
  gradient: 2456.80 MB
Round 82, Test Accuracy: 57.119998931884766, Loss: 1.1909294253349305, Global training time: 0.0480943975372407

[INFO] Non-IID 总分配样本数: 20292
  w_locals: 2456.80 MB
  gradient: 2456.80 MB
Round 83, Test Accuracy: 58.84000015258789, Loss: 1.13505867729187, Global training time: 0.050959493772216

[INFO] Non-IID 总分配样本数: 22462
  w_locals: 2456.80 MB
  gradient: 2456.80 MB
Round 84, Test Accuracy: 53.810001373291016, Loss: 1.2711555156707763, Global training time: 0.05905244729117277

[INFO] Non-IID 总分配样本数: 16171
  w_locals: 2456.80 MB
  gradient: 2456.80 MB
Round 85, Test Accuracy: 59.5, Loss: 1.1320296648979187, Global training time: 0.051583739190319895

[INFO] Non-IID 总分配样本数: 16252
  w_locals: 2456.80 MB
  gradient: 2456.80 MB
Round 86, Test Accuracy: 58.40999984741211, Loss: 1.1672911544799804, Global training time: 0.04462337039411917

[INFO] Non-IID 总分配样本数: 14751
  w_locals: 2456.80 MB
  gradient: 2456.80 MB
Round 87, Test Accuracy: 58.56999969482422, Loss: 1.1436588353157044, Global training time: 0.043026595924816294

[INFO] Non-IID 总分配样本数: 18934
  w_locals: 2456.80 MB
  gradient: 2456.80 MB
Round 88, Test Accuracy: 58.08000183105469, Loss: 1.1717056606292724, Global training time: 0.04846991934244271

[INFO] Non-IID 总分配样本数: 20262
  w_locals: 2456.80 MB
  gradient: 2456.80 MB
Round 89, Test Accuracy: 59.91999816894531, Loss: 1.108233791923523, Global training time: 0.0491465086062452

[INFO] Non-IID 总分配样本数: 18619
  w_locals: 2456.80 MB
  gradient: 2456.80 MB
Round 90, Test Accuracy: 60.2400016784668, Loss: 1.0991563650131226, Global training time: 0.057001173335910565

[INFO] Non-IID 总分配样本数: 17758
  w_locals: 2456.80 MB
  gradient: 2456.80 MB
Round 91, Test Accuracy: 60.15999984741211, Loss: 1.1118396842956544, Global training time: 0.05084277577301672

[INFO] Non-IID 总分配样本数: 19433
  w_locals: 2456.80 MB
  gradient: 2456.80 MB
Round 92, Test Accuracy: 59.650001525878906, Loss: 1.1132082138061523, Global training time: 0.055995567638273194

[INFO] Non-IID 总分配样本数: 19226
  w_locals: 2456.80 MB
  gradient: 2456.80 MB
Round 93, Test Accuracy: 60.709999084472656, Loss: 1.0956929349899291, Global training time: 0.05244180820397048

[INFO] Non-IID 总分配样本数: 14108
  w_locals: 2456.80 MB
  gradient: 2456.80 MB
Round 94, Test Accuracy: 61.04999923706055, Loss: 1.0906203310012816, Global training time: 0.04989705486674193

[INFO] Non-IID 总分配样本数: 21604
  w_locals: 2456.80 MB
  gradient: 2456.80 MB
Round 95, Test Accuracy: 61.060001373291016, Loss: 1.0855888165473937, Global training time: 0.061001483664480466

[INFO] Non-IID 总分配样本数: 21242
  w_locals: 2456.80 MB
  gradient: 2456.80 MB
Round 96, Test Accuracy: 59.88999938964844, Loss: 1.118435604095459, Global training time: 0.052867082124458335

[INFO] Non-IID 总分配样本数: 17232
  w_locals: 2456.80 MB
  gradient: 2456.80 MB
Round 97, Test Accuracy: 60.70000076293945, Loss: 1.0945114354133605, Global training time: 0.05607351639837082

[INFO] Non-IID 总分配样本数: 21387
  w_locals: 2456.80 MB
  gradient: 2456.80 MB
Round 98, Test Accuracy: 61.040000915527344, Loss: 1.0902851548194885, Global training time: 0.04985926197156694

[INFO] Non-IID 总分配样本数: 22553
  w_locals: 2456.80 MB
  gradient: 2456.80 MB
Round 99, Test Accuracy: 61.5099983215332, Loss: 1.07867453956604, Global training time: 0.05875567806493558

[INFO] Non-IID 总分配样本数: 16002
  w_locals: 2456.80 MB
  gradient: 2456.80 MB
Round 100, Test Accuracy: 61.72999954223633, Loss: 1.0705408900260924, Global training time: 0.045167753100759114

成功保存数据pkl文件
OnlineFL已训练完成，最终结果： {'ais': 2, 'test_accuracies': [tensor(61.7300)], 'global_round_accuracies': [[tensor(10.3000), tensor(10.), tensor(10.), tensor(10.), tensor(10.0100), tensor(10.), tensor(11.9900), tensor(17.6400), tensor(12.7900), tensor(21.3000), tensor(15.4500), tensor(21.8900), tensor(23.0900), tensor(25.1900), tensor(27.3900), tensor(27.3500), tensor(28.8000), tensor(27.6500), tensor(29.5800), tensor(31.3700), tensor(32.9600), tensor(33.8800), tensor(35.3100), tensor(35.0400), tensor(37.2200), tensor(38.4200), tensor(38.9100), tensor(38.7000), tensor(40.0600), tensor(40.7700), tensor(41.4500), tensor(42.2000), tensor(42.4000), tensor(41.3800), tensor(43.5100), tensor(44.9900), tensor(44.9300), tensor(45.2400), tensor(45.5300), tensor(46.6600), tensor(46.9800), tensor(48.1800), tensor(48.3800), tensor(48.3700), tensor(49.1200), tensor(48.4800), tensor(45.9000), tensor(49.0800), tensor(49.8400), tensor(50.3500), tensor(49.7500), tensor(50.3300), tensor(51.1900), tensor(51.6100), tensor(52.0900), tensor(51.6600), tensor(49.7600), tensor(52.5300), tensor(52.6400), tensor(52.2800), tensor(53.4600), tensor(52.6100), tensor(52.4300), tensor(53.1900), tensor(54.4900), tensor(54.3200), tensor(55.2600), tensor(55.4500), tensor(55.2100), tensor(55.3400), tensor(56.0900), tensor(56.6300), tensor(56.0800), tensor(56.8900), tensor(56.4900), tensor(57.7000), tensor(57.1800), tensor(57.7000), tensor(58.0500), tensor(57.6600), tensor(58.6500), tensor(57.1200), tensor(58.8400), tensor(53.8100), tensor(59.5000), tensor(58.4100), tensor(58.5700), tensor(58.0800), tensor(59.9200), tensor(60.2400), tensor(60.1600), tensor(59.6500), tensor(60.7100), tensor(61.0500), tensor(61.0600), tensor(59.8900), tensor(60.7000), tensor(61.0400), tensor(61.5100), tensor(61.7300)]], 'global_round_times': [[np.float64(0.036121039692301224), np.float64(0.05315564743703007), np.float64(0.04099539265525552), np.float64(0.0480046224704341), np.float64(0.05321520492757237), np.float64(0.03888698021468137), np.float64(0.04969917015595128), np.float64(0.05687381039430782), np.float64(0.04172713259652106), np.float64(0.06120463780102394), np.float64(0.036122342982291465), np.float64(0.046658543841861834), np.float64(0.06656722624281045), np.float64(0.05212595386082889), np.float64(0.04370476137991148), np.float64(0.051681840865093184), np.float64(0.07314527773967305), np.float64(0.031378509516294825), np.float64(0.06403157234909689), np.float64(0.0414179813780697), np.float64(0.055011933553131574), np.float64(0.05592379502792899), np.float64(0.07962129850054767), np.float64(0.06813623345771928), np.float64(0.04603683952085559), np.float64(0.04769463495067585), np.float64(0.03846237081044653), np.float64(0.053159190069063604), np.float64(0.051725151673813724), np.float64(0.0671111863108697), np.float64(0.0573478171056265), np.float64(0.05009943633535858), np.float64(0.04930018669788245), np.float64(0.052390144761997326), np.float64(0.04676164726831023), np.float64(0.05380790513097602), np.float64(0.05046201746516601), np.float64(0.058116097826917935), np.float64(0.04725175237606692), np.float64(0.05458379965579113), np.float64(0.05950148612264074), np.float64(0.04701501429860493), np.float64(0.04898834239630063), np.float64(0.041690567897668014), np.float64(0.026127418117671296), np.float64(0.047199174377859344), np.float64(0.052376644930717024), np.float64(0.049083077786127284), np.float64(0.0342205386056406), np.float64(0.05333939939067812), np.float64(0.045974108322645764), np.float64(0.04436722635190263), np.float64(0.04482614925530036), np.float64(0.0464105596485554), np.float64(0.04458209598538385), np.float64(0.05667016532626228), np.float64(0.05074155858347349), np.float64(0.029071063735216146), np.float64(0.054458787350074096), np.float64(0.04326179535693759), np.float64(0.05219906850260461), np.float64(0.05458818217802355), np.float64(0.06611842984803375), np.float64(0.04805121672853216), np.float64(0.05472139114967909), np.float64(0.06538435351831297), np.float64(0.05268285134631718), np.float64(0.04841429524015095), np.float64(0.05342865818748667), np.float64(0.04610690347802833), np.float64(0.05918725457699946), np.float64(0.044243521142991585), np.float64(0.05320473245790156), np.float64(0.062147612992886105), np.float64(0.053929724026124434), np.float64(0.05396619277701642), np.float64(0.04563101856189051), np.float64(0.048930706649611654), np.float64(0.04323208681909787), np.float64(0.04722415329576042), np.float64(0.05689521837726236), np.float64(0.0480943975372407), np.float64(0.050959493772216), np.float64(0.05905244729117277), np.float64(0.051583739190319895), np.float64(0.04462337039411917), np.float64(0.043026595924816294), np.float64(0.04846991934244271), np.float64(0.0491465086062452), np.float64(0.057001173335910565), np.float64(0.05084277577301672), np.float64(0.055995567638273194), np.float64(0.05244180820397048), np.float64(0.04989705486674193), np.float64(0.061001483664480466), np.float64(0.052867082124458335), np.float64(0.05607351639837082), np.float64(0.04985926197156694), np.float64(0.05875567806493558), np.float64(0.045167753100759114)]]}

Time Slot 5 Results:
  Selected Devices: [12, 19, 38, 40, 49]
  Total Offload Data: 0.0000
  Sample Device Computation F: [np.float64(38.12804097178537), np.float64(32.800017812083276), np.float64(47.529751695610486), np.float64(60.81407568364755), np.float64(78.37175110498431)]
  Sample Final Data Amounts: [np.float64(0.0), np.float64(0.0), np.float64(0.0), np.float64(0.0), np.float64(0.0)]

Time Slot 10 Results:
  Selected Devices: [12, 19, 38, 40, 49]
  Total Offload Data: 0.0000
  Sample Device Computation F: [np.float64(85.8935639348988), np.float64(27.66025100302489), np.float64(45.059848087389724), np.float64(131.6871054575239), np.float64(83.43039521436891)]
  Sample Final Data Amounts: [np.float64(0.0), np.float64(0.0), np.float64(0.0), np.float64(0.0), np.float64(0.0)]

Time Slot 15 Results:
  Selected Devices: [12, 19, 38, 40, 49]
  Total Offload Data: 0.0000
  Sample Device Computation F: [np.float64(95.3003281887656), np.float64(39.538047016561386), np.float64(22.405489370536195), np.float64(51.55758798799342), np.float64(47.75052698185988)]
  Sample Final Data Amounts: [np.float64(0.0), np.float64(0.0), np.float64(0.0), np.float64(0.0), np.float64(0.0)]

Time Slot 20 Results:
  Selected Devices: [12, 19, 38, 40, 49]
  Total Offload Data: 0.0000
  Sample Device Computation F: [np.float64(37.381108871831074), np.float64(27.21177832296327), np.float64(48.328165036701904), np.float64(106.2306034685938), np.float64(81.42335685588993)]
  Sample Final Data Amounts: [np.float64(0.0), np.float64(0.0), np.float64(0.0), np.float64(0.0), np.float64(0.0)]

Time Slot 25 Results:
  Selected Devices: [7, 12, 30, 40, 47]
  Total Offload Data: 0.0000
  Sample Device Computation F: [np.float64(70.80583104355622), np.float64(32.140640741832215), np.float64(32.99136030455077), np.float64(58.09704078761626), np.float64(65.86759365712881)]
  Sample Final Data Amounts: [np.float64(0.0), np.float64(0.0), np.float64(0.0), np.float64(0.0), np.float64(0.0)]

Time Slot 30 Results:
  Selected Devices: [7, 12, 30, 40, 47]
  Total Offload Data: 0.0000
  Sample Device Computation F: [np.float64(101.68406222660957), np.float64(33.55708084994945), np.float64(30.188475460012487), np.float64(87.78752235453854), np.float64(41.605221127280046)]
  Sample Final Data Amounts: [np.float64(0.0), np.float64(0.0), np.float64(0.0), np.float64(0.0), np.float64(0.0)]

Time Slot 35 Results:
  Selected Devices: [7, 12, 30, 40, 47]
  Total Offload Data: 0.0000
  Sample Device Computation F: [np.float64(82.45450217379471), np.float64(35.13394852280742), np.float64(20.346723674300385), np.float64(58.22521003427361), np.float64(51.2841121523434)]
  Sample Final Data Amounts: [np.float64(0.0), np.float64(0.0), np.float64(0.0), np.float64(0.0), np.float64(0.0)]

Time Slot 40 Results:
  Selected Devices: [7, 12, 30, 40, 47]
  Total Offload Data: 157.1288
  Sample Device Computation F: [np.float64(61.68521170581083), np.float64(21.36855547475705), np.float64(41.26353670850966), np.float64(94.41835707644911), np.float64(35.42766270227294)]
  Sample Final Data Amounts: [np.float64(0.0), np.float64(0.0), np.float64(0.0), np.float64(0.0), np.float64(0.0)]

Time Slot 45 Results:
  Selected Devices: [3, 17, 26, 35, 47]
  Total Offload Data: 0.0000
  Sample Device Computation F: [np.float64(71.32552935830098), np.float64(21.03220963261908), np.float64(48.351249903020125), np.float64(132.74402422768262), np.float64(73.4408947238437)]
  Sample Final Data Amounts: [np.float64(0.0), np.float64(0.0), np.float64(0.0), np.float64(41.04910044155302), np.float64(0.0)]

Time Slot 50 Results:
  Selected Devices: [3, 17, 26, 35, 47]
  Total Offload Data: 0.0000
  Sample Device Computation F: [np.float64(86.01698565270706), np.float64(23.138798076798295), np.float64(31.510688951344086), np.float64(60.52834304314314), np.float64(82.98133462402066)]
  Sample Final Data Amounts: [np.float64(0.0), np.float64(0.0), np.float64(0.0), np.float64(58.568737505991784), np.float64(0.0)]

Time Slot 55 Results:
  Selected Devices: [3, 17, 26, 35, 47]
  Total Offload Data: 0.0000
  Sample Device Computation F: [np.float64(43.9234981156906), np.float64(37.593391967713686), np.float64(22.02325317499114), np.float64(97.59105487076116), np.float64(74.72096579119751)]
  Sample Final Data Amounts: [np.float64(0.0), np.float64(0.0), np.float64(0.0), np.float64(64.32272700587276), np.float64(0.0)]

Time Slot 60 Results:
  Selected Devices: [3, 17, 26, 35, 47]
  Total Offload Data: 0.0000
  Sample Device Computation F: [np.float64(104.3443113744182), np.float64(13.459481582277668), np.float64(40.70246929029731), np.float64(55.08901604718612), np.float64(51.279203782402476)]
  Sample Final Data Amounts: [np.float64(0.0), np.float64(0.0), np.float64(0.0), np.float64(55.08901604718612), np.float64(0.0)]

Time Slot 65 Results:
  Selected Devices: [0, 4, 18, 35, 41]
  Total Offload Data: 0.0000
  Sample Device Computation F: [np.float64(66.47360714006015), np.float64(26.62530769963265), np.float64(36.37003744069098), np.float64(136.28431124688427), np.float64(56.47399898439165)]
  Sample Final Data Amounts: [np.float64(19.685977816269702), np.float64(0.0), np.float64(0.0), np.float64(0.0), np.float64(56.47399898439165)]

Time Slot 70 Results:
  Selected Devices: [0, 4, 18, 35, 41]
  Total Offload Data: 0.0000
  Sample Device Computation F: [np.float64(99.0575973414089), np.float64(28.029201130809753), np.float64(22.091177080911965), np.float64(80.39141615444649), np.float64(35.69246530386159)]
  Sample Final Data Amounts: [np.float64(19.64659814481874), np.float64(0.0), np.float64(0.0), np.float64(0.0), np.float64(35.69246530386159)]

Time Slot 75 Results:
  Selected Devices: [0, 4, 18, 35, 41]
  Total Offload Data: 241.7779
  Sample Device Computation F: [np.float64(56.06722286279673), np.float64(37.207941960509096), np.float64(35.776581788935545), np.float64(114.89578459078828), np.float64(81.51787215123991)]
  Sample Final Data Amounts: [np.float64(26.9074829370179), np.float64(0.0), np.float64(0.0), np.float64(0.0), np.float64(81.51787215123991)]

Time Slot 80 Results:
  Selected Devices: [0, 4, 18, 35, 41]
  Total Offload Data: 0.0000
  Sample Device Computation F: [np.float64(62.180902353563965), np.float64(34.933054593779815), np.float64(45.54140676518914), np.float64(58.80851865989392), np.float64(73.72542464500846)]
  Sample Final Data Amounts: [np.float64(29.974476246790882), np.float64(0.0), np.float64(0.0), np.float64(0.0), np.float64(73.72542464500846)]

Time Slot 85 Results:
  Selected Devices: [14, 21, 31, 35, 49]
  Total Offload Data: 0.0000
  Sample Device Computation F: [np.float64(71.7065209148979), np.float64(13.373282922955537), np.float64(21.268374958137244), np.float64(114.70137498211551), np.float64(62.800423111693746)]
  Sample Final Data Amounts: [np.float64(0.0), np.float64(0.0), np.float64(0.0), np.float64(0.0), np.float64(0.0)]

Time Slot 90 Results:
  Selected Devices: [14, 21, 31, 35, 49]
  Total Offload Data: 0.0000
  Sample Device Computation F: [np.float64(61.23859627117819), np.float64(31.679466212663073), np.float64(44.22954727367504), np.float64(67.07423013847978), np.float64(76.01327204612147)]
  Sample Final Data Amounts: [np.float64(0.0), np.float64(0.0), np.float64(0.0), np.float64(0.0), np.float64(0.0)]

Time Slot 95 Results:
  Selected Devices: [14, 21, 31, 35, 49]
  Total Offload Data: 0.0000
  Sample Device Computation F: [np.float64(60.52662763062683), np.float64(36.10550992696387), np.float64(30.12575711548733), np.float64(116.02832550371235), np.float64(52.264131480607176)]
  Sample Final Data Amounts: [np.float64(0.0), np.float64(0.0), np.float64(0.0), np.float64(0.0), np.float64(0.0)]

Time Slot 100 Results:
  Selected Devices: [14, 21, 31, 35, 49]
  Total Offload Data: 0.0000
  Sample Device Computation F: [np.float64(46.49912417253634), np.float64(36.65017645866473), np.float64(26.033066518008457), np.float64(80.7829995286771), np.float64(38.54013217150498)]
  Sample Final Data Amounts: [np.float64(0.0), np.float64(0.0), np.float64(0.0), np.float64(0.0), np.float64(0.0)]

=== 仿真结果 (N=50) ===
平均吞吐量:
  提出的方法 (T=20): 256.4052
  本地执行: 191.5672
  静态编排: 108.8329
  提出的方法 (T1=20): 256.4052
step1 获取到100个时隙的工作节点以及实际训练量
目标准确率：55.0，目标epoch：100
non-iid
[INFO] Non-IID 总分配样本数: 45679
  w_locals: 2456.80 MB
  gradient: 2456.80 MB
Round 1, Test Accuracy: 10.279999732971191, Loss: 2.3005145351409912, Global training time: 0.03574144430617674

[INFO] Non-IID 总分配样本数: 20844
  w_locals: 2456.80 MB
  gradient: 2456.80 MB
Round 2, Test Accuracy: 10.039999961853027, Loss: 2.2994242446899413, Global training time: 0.05148453758659831

[INFO] Non-IID 总分配样本数: 16755
  w_locals: 2456.80 MB
  gradient: 2456.80 MB
Round 3, Test Accuracy: 10.239999771118164, Loss: 2.29802254486084, Global training time: 0.044202375463144414

[INFO] Non-IID 总分配样本数: 22059
  w_locals: 2456.80 MB
  gradient: 2456.80 MB
Round 4, Test Accuracy: 10.010000228881836, Loss: 2.296937340545654, Global training time: 0.050666228526615474

[INFO] Non-IID 总分配样本数: 25184
  w_locals: 2456.80 MB
  gradient: 2456.80 MB
Round 5, Test Accuracy: 11.550000190734863, Loss: 2.2950207038879396, Global training time: 0.05637195523078433

[INFO] Non-IID 总分配样本数: 19597
  w_locals: 2456.80 MB
  gradient: 2456.80 MB
Round 6, Test Accuracy: 12.220000267028809, Loss: 2.293273928833008, Global training time: 0.0382912316104182

[INFO] Non-IID 总分配样本数: 20799
  w_locals: 2456.80 MB
  gradient: 2456.80 MB
Round 7, Test Accuracy: 10.100000381469727, Loss: 2.2910695373535157, Global training time: 0.04952749352023395

[INFO] Non-IID 总分配样本数: 19713
  w_locals: 2456.80 MB
  gradient: 2456.80 MB
Round 8, Test Accuracy: 10.0, Loss: 2.2883620918273926, Global training time: 0.04941047337564207

[INFO] Non-IID 总分配样本数: 20360
  w_locals: 2456.80 MB
  gradient: 2456.80 MB
Round 9, Test Accuracy: 10.220000267028809, Loss: 2.2847524543762208, Global training time: 0.04510418113880666

[INFO] Non-IID 总分配样本数: 21782
  w_locals: 2456.80 MB
  gradient: 2456.80 MB
Round 10, Test Accuracy: 12.680000305175781, Loss: 2.278620967102051, Global training time: 0.05777485850691053

[INFO] Non-IID 总分配样本数: 20885
  w_locals: 2456.80 MB
  gradient: 2456.80 MB
Round 11, Test Accuracy: 10.0, Loss: 2.2704472450256348, Global training time: 0.04236473705672204

[INFO] Non-IID 总分配样本数: 18763
  w_locals: 2456.80 MB
  gradient: 2456.80 MB
Round 12, Test Accuracy: 11.770000457763672, Loss: 2.2585142791748045, Global training time: 0.05205980911271486

[INFO] Non-IID 总分配样本数: 23242
  w_locals: 2456.80 MB
  gradient: 2456.80 MB
Round 13, Test Accuracy: 17.530000686645508, Loss: 2.2322104095458983, Global training time: 0.07047119199129502

[INFO] Non-IID 总分配样本数: 24163
  w_locals: 2456.80 MB
  gradient: 2456.80 MB
Round 14, Test Accuracy: 21.110000610351562, Loss: 2.1798766357421875, Global training time: 0.0527129578105889

[INFO] Non-IID 总分配样本数: 22841
  w_locals: 2456.80 MB
  gradient: 2456.80 MB
Round 15, Test Accuracy: 24.600000381469727, Loss: 2.108529548072815, Global training time: 0.05009741674455892

[INFO] Non-IID 总分配样本数: 20979
  w_locals: 2456.80 MB
  gradient: 2456.80 MB
Round 16, Test Accuracy: 21.15999984741211, Loss: 2.052886611366272, Global training time: 0.05143272798906501

[INFO] Non-IID 总分配样本数: 23661
  w_locals: 2456.80 MB
  gradient: 2456.80 MB
Round 17, Test Accuracy: 23.93000030517578, Loss: 2.0193901851654052, Global training time: 0.07566990518918258

[INFO] Non-IID 总分配样本数: 17232
  w_locals: 2456.80 MB
  gradient: 2456.80 MB
Round 18, Test Accuracy: 24.84000015258789, Loss: 1.9925146015167237, Global training time: 0.03199892758846736

[INFO] Non-IID 总分配样本数: 26746
  w_locals: 2456.80 MB
  gradient: 2456.80 MB
Round 19, Test Accuracy: 26.350000381469727, Loss: 1.9629526649475098, Global training time: 0.05776072765431612

[INFO] Non-IID 总分配样本数: 24738
  w_locals: 2456.80 MB
  gradient: 2456.80 MB
Round 20, Test Accuracy: 29.360000610351562, Loss: 1.927298028755188, Global training time: 0.044218283213610265

[INFO] Non-IID 总分配样本数: 41912
  w_locals: 2456.80 MB
  gradient: 2456.80 MB
Round 21, Test Accuracy: 27.760000228881836, Loss: 1.911356010055542, Global training time: 0.05359565051061882

[INFO] Non-IID 总分配样本数: 26570
  w_locals: 2456.80 MB
  gradient: 2456.80 MB
Round 22, Test Accuracy: 31.889999389648438, Loss: 1.858257297706604, Global training time: 0.04932710680027556

[INFO] Non-IID 总分配样本数: 27404
  w_locals: 2456.80 MB
  gradient: 2456.80 MB
Round 23, Test Accuracy: 32.650001525878906, Loss: 1.8175875026702881, Global training time: 0.07687898075821295

[INFO] Non-IID 总分配样本数: 25062
  w_locals: 2456.80 MB
  gradient: 2456.80 MB
Round 24, Test Accuracy: 33.09000015258789, Loss: 1.7831330614089966, Global training time: 0.06793079918949872

[INFO] Non-IID 总分配样本数: 23868
  w_locals: 2456.80 MB
  gradient: 2456.80 MB
Round 25, Test Accuracy: 35.5, Loss: 1.761447658920288, Global training time: 0.04837167001087471

[INFO] Non-IID 总分配样本数: 26472
  w_locals: 2456.80 MB
  gradient: 2456.80 MB
Round 26, Test Accuracy: 36.25, Loss: 1.713965525817871, Global training time: 0.04577846195309818

[INFO] Non-IID 总分配样本数: 23404
  w_locals: 2456.80 MB
  gradient: 2456.80 MB
Round 27, Test Accuracy: 36.56999969482422, Loss: 1.687541452217102, Global training time: 0.037034500208728664

[INFO] Non-IID 总分配样本数: 21268
  w_locals: 2456.80 MB
  gradient: 2456.80 MB
Round 28, Test Accuracy: 36.95000076293945, Loss: 1.6669524171829224, Global training time: 0.05057522589451049

[INFO] Non-IID 总分配样本数: 20727
  w_locals: 2456.80 MB
  gradient: 2456.80 MB
Round 29, Test Accuracy: 38.20000076293945, Loss: 1.6416041654586793, Global training time: 0.05124553072800572

[INFO] Non-IID 总分配样本数: 29797
  w_locals: 2456.80 MB
  gradient: 2456.80 MB
Round 30, Test Accuracy: 37.91999816894531, Loss: 1.665360846710205, Global training time: 0.05444712145468659

[INFO] Non-IID 总分配样本数: 28967
  w_locals: 2456.80 MB
  gradient: 2456.80 MB
Round 31, Test Accuracy: 38.560001373291016, Loss: 1.6323873439788819, Global training time: 0.053620460123401305

[INFO] Non-IID 总分配样本数: 27176
  w_locals: 2456.80 MB
  gradient: 2456.80 MB
Round 32, Test Accuracy: 39.65999984741211, Loss: 1.5952249563217162, Global training time: 0.048915249854959326

[INFO] Non-IID 总分配样本数: 25573
  w_locals: 2456.80 MB
  gradient: 2456.80 MB
Round 33, Test Accuracy: 41.709999084472656, Loss: 1.5547629806518555, Global training time: 0.04882176461419076

[INFO] Non-IID 总分配样本数: 27867
  w_locals: 2456.80 MB
  gradient: 2456.80 MB
Round 34, Test Accuracy: 41.63999938964844, Loss: 1.555733418083191, Global training time: 0.05283281955289098

[INFO] Non-IID 总分配样本数: 19777
  w_locals: 2456.80 MB
  gradient: 2456.80 MB
Round 35, Test Accuracy: 39.63999938964844, Loss: 1.6286375289916992, Global training time: 0.049153447728089966

[INFO] Non-IID 总分配样本数: 22512
  w_locals: 2456.80 MB
  gradient: 2456.80 MB
Round 36, Test Accuracy: 43.22999954223633, Loss: 1.5154999309539794, Global training time: 0.052098955540971416

[INFO] Non-IID 总分配样本数: 21814
  w_locals: 2456.80 MB
  gradient: 2456.80 MB
Round 37, Test Accuracy: 43.93000030517578, Loss: 1.50828790435791, Global training time: 0.04950540906970776

[INFO] Non-IID 总分配样本数: 25225
  w_locals: 2456.80 MB
  gradient: 2456.80 MB
Round 38, Test Accuracy: 44.529998779296875, Loss: 1.4891867937088012, Global training time: 0.0565921353936911

[INFO] Non-IID 总分配样本数: 19169
  w_locals: 2456.80 MB
  gradient: 2456.80 MB
Round 39, Test Accuracy: 44.27000045776367, Loss: 1.5089352487564087, Global training time: 0.049424038026612827

[INFO] Non-IID 总分配样本数: 23313
  w_locals: 2456.80 MB
  gradient: 2456.80 MB
Round 40, Test Accuracy: 45.810001373291016, Loss: 1.460672990989685, Global training time: 0.05654140243167259

[INFO] Non-IID 总分配样本数: 47490
  w_locals: 2456.80 MB
  gradient: 2456.80 MB
Round 41, Test Accuracy: 45.400001525878906, Loss: 1.4645879508972168, Global training time: 0.06033804144962172

[INFO] Non-IID 总分配样本数: 19802
  w_locals: 2456.80 MB
  gradient: 2456.80 MB
Round 42, Test Accuracy: 46.90999984741211, Loss: 1.4330115814208984, Global training time: 0.04866729552460667

[INFO] Non-IID 总分配样本数: 16437
  w_locals: 2456.80 MB
  gradient: 2456.80 MB
Round 43, Test Accuracy: 46.54999923706055, Loss: 1.4586345104217529, Global training time: 0.04642497796928772

[INFO] Non-IID 总分配样本数: 20952
  w_locals: 2456.80 MB
  gradient: 2456.80 MB
Round 44, Test Accuracy: 47.560001373291016, Loss: 1.419767078590393, Global training time: 0.03944614460124846

[INFO] Non-IID 总分配样本数: 17235
  w_locals: 2456.80 MB
  gradient: 2456.80 MB
Round 45, Test Accuracy: 47.130001068115234, Loss: 1.4277586315155029, Global training time: 0.02731821235210271

[INFO] Non-IID 总分配样本数: 17452
  w_locals: 2456.80 MB
  gradient: 2456.80 MB
Round 46, Test Accuracy: 47.7400016784668, Loss: 1.4160966999053954, Global training time: 0.04689611446154032

[INFO] Non-IID 总分配样本数: 23270
  w_locals: 2456.80 MB
  gradient: 2456.80 MB
Round 47, Test Accuracy: 47.15999984741211, Loss: 1.4227821880340576, Global training time: 0.05803936495392005

[INFO] Non-IID 总分配样本数: 24582
  w_locals: 2456.80 MB
  gradient: 2456.80 MB
Round 48, Test Accuracy: 48.619998931884766, Loss: 1.3861204853057862, Global training time: 0.052065690220650135

[INFO] Non-IID 总分配样本数: 22669
  w_locals: 2456.80 MB
  gradient: 2456.80 MB
Round 49, Test Accuracy: 48.560001373291016, Loss: 1.3821990877151489, Global training time: 0.03410906286885066

[INFO] Non-IID 总分配样本数: 23061
  w_locals: 2456.80 MB
  gradient: 2456.80 MB
Round 50, Test Accuracy: 49.040000915527344, Loss: 1.375391667175293, Global training time: 0.049391266109418755

[INFO] Non-IID 总分配样本数: 16726
  w_locals: 2456.80 MB
  gradient: 2456.80 MB
Round 51, Test Accuracy: 49.36000061035156, Loss: 1.3619089250564576, Global training time: 0.04908777101025054

[INFO] Non-IID 总分配样本数: 16829
  w_locals: 2456.80 MB
  gradient: 2456.80 MB
Round 52, Test Accuracy: 50.029998779296875, Loss: 1.3640846035003662, Global training time: 0.05048374593209028

[INFO] Non-IID 总分配样本数: 22874
  w_locals: 2456.80 MB
  gradient: 2456.80 MB
Round 53, Test Accuracy: 49.9900016784668, Loss: 1.364024589729309, Global training time: 0.0449471780518317

[INFO] Non-IID 总分配样本数: 17888
  w_locals: 2456.80 MB
  gradient: 2456.80 MB
Round 54, Test Accuracy: 50.0099983215332, Loss: 1.355855376625061, Global training time: 0.046915703932957374

[INFO] Non-IID 总分配样本数: 21781
  w_locals: 2456.80 MB
  gradient: 2456.80 MB
Round 55, Test Accuracy: 51.15999984741211, Loss: 1.3295774953842163, Global training time: 0.050730982698648626

[INFO] Non-IID 总分配样本数: 19409
  w_locals: 2456.80 MB
  gradient: 2456.80 MB
Round 56, Test Accuracy: 50.09000015258789, Loss: 1.3599489818572998, Global training time: 0.055647583301743055

[INFO] Non-IID 总分配样本数: 19993
  w_locals: 2456.80 MB
  gradient: 2456.80 MB
Round 57, Test Accuracy: 51.7400016784668, Loss: 1.319047766494751, Global training time: 0.05582932636407224

[INFO] Non-IID 总分配样本数: 22880
  w_locals: 2456.80 MB
  gradient: 2456.80 MB
Round 58, Test Accuracy: 51.790000915527344, Loss: 1.3242608499526978, Global training time: 0.030691541165094375

[INFO] Non-IID 总分配样本数: 17611
  w_locals: 2456.80 MB
  gradient: 2456.80 MB
Round 59, Test Accuracy: 51.61000061035156, Loss: 1.3221975376129151, Global training time: 0.047099064769718

[INFO] Non-IID 总分配样本数: 20145
  w_locals: 2456.80 MB
  gradient: 2456.80 MB
Round 60, Test Accuracy: 52.06999969482422, Loss: 1.3180945875167847, Global training time: 0.047048365730704304

[INFO] Non-IID 总分配样本数: 41014
  w_locals: 2456.80 MB
  gradient: 2456.80 MB
Round 61, Test Accuracy: 50.900001525878906, Loss: 1.3680401372909545, Global training time: 0.05440832328495282

[INFO] Non-IID 总分配样本数: 19958
  w_locals: 2456.80 MB
  gradient: 2456.80 MB
Round 62, Test Accuracy: 53.75, Loss: 1.2724404098510742, Global training time: 0.05312791810358235

[INFO] Non-IID 总分配样本数: 20340
  w_locals: 2456.80 MB
  gradient: 2456.80 MB
Round 63, Test Accuracy: 53.290000915527344, Loss: 1.2847958869934082, Global training time: 0.0662084641368984

[INFO] Non-IID 总分配样本数: 19777
  w_locals: 2456.80 MB
  gradient: 2456.80 MB
Round 64, Test Accuracy: 52.869998931884766, Loss: 1.2784309364318847, Global training time: 0.04601354416697748

[INFO] Non-IID 总分配样本数: 18183
  w_locals: 2456.80 MB
  gradient: 2456.80 MB
Round 65, Test Accuracy: 54.34000015258789, Loss: 1.2568429677963258, Global training time: 0.05566225041745194

[INFO] Non-IID 总分配样本数: 20154
  w_locals: 2456.80 MB
  gradient: 2456.80 MB
Round 66, Test Accuracy: 55.040000915527344, Loss: 1.240590354537964, Global training time: 0.05560001821933125

[INFO] Non-IID 总分配样本数: 15466
  w_locals: 2456.80 MB
  gradient: 2456.80 MB
Round 67, Test Accuracy: 54.18000030517578, Loss: 1.250678541946411, Global training time: 0.050720493971510835

[INFO] Non-IID 总分配样本数: 18874
  w_locals: 2456.80 MB
  gradient: 2456.80 MB
Round 68, Test Accuracy: 54.470001220703125, Loss: 1.259268836593628, Global training time: 0.04917177284150764

[INFO] Non-IID 总分配样本数: 14589
  w_locals: 2456.80 MB
  gradient: 2456.80 MB
Round 69, Test Accuracy: 54.65999984741211, Loss: 1.2461719232559203, Global training time: 0.0532403160860629

[INFO] Non-IID 总分配样本数: 17333
  w_locals: 2456.80 MB
  gradient: 2456.80 MB
Round 70, Test Accuracy: 54.61000061035156, Loss: 1.23777718334198, Global training time: 0.04695082876439638

[INFO] Non-IID 总分配样本数: 16611
  w_locals: 2456.80 MB
  gradient: 2456.80 MB
Round 71, Test Accuracy: 53.66999816894531, Loss: 1.2645999071121217, Global training time: 0.05775615192842509

[INFO] Non-IID 总分配样本数: 15375
  w_locals: 2456.80 MB
  gradient: 2456.80 MB
Round 72, Test Accuracy: 56.20000076293945, Loss: 1.2079297840118408, Global training time: 0.04536570024937037

[INFO] Non-IID 总分配样本数: 15543
  w_locals: 2456.80 MB
  gradient: 2456.80 MB
Round 73, Test Accuracy: 54.83000183105469, Loss: 1.2498804110527038, Global training time: 0.05241714751694754

[INFO] Non-IID 总分配样本数: 20570
  w_locals: 2456.80 MB
  gradient: 2456.80 MB
Round 74, Test Accuracy: 55.13999938964844, Loss: 1.2277805517196656, Global training time: 0.05977756316362039

[INFO] Non-IID 总分配样本数: 20992
  w_locals: 2456.80 MB
  gradient: 2456.80 MB
Round 75, Test Accuracy: 56.849998474121094, Loss: 1.1955935768127441, Global training time: 0.052909943589561935

[INFO] Non-IID 总分配样本数: 19644
  w_locals: 2456.80 MB
  gradient: 2456.80 MB
Round 76, Test Accuracy: 56.540000915527344, Loss: 1.1979017677307129, Global training time: 0.055134566274727626

[INFO] Non-IID 总分配样本数: 18042
  w_locals: 2456.80 MB
  gradient: 2456.80 MB
Round 77, Test Accuracy: 57.43000030517578, Loss: 1.1798324314117432, Global training time: 0.057293229668144964

[INFO] Non-IID 总分配样本数: 17371
  w_locals: 2456.80 MB
  gradient: 2456.80 MB
Round 78, Test Accuracy: 56.34000015258789, Loss: 1.2090591926574707, Global training time: 0.048524646304712385

[INFO] Non-IID 总分配样本数: 20248
  w_locals: 2456.80 MB
  gradient: 2456.80 MB
Round 79, Test Accuracy: 57.65999984741211, Loss: 1.1758876976966859, Global training time: 0.04449662291896347

[INFO] Non-IID 总分配样本数: 20684
  w_locals: 2456.80 MB
  gradient: 2456.80 MB
Round 80, Test Accuracy: 54.2400016784668, Loss: 1.271002279472351, Global training time: 0.05100331882706516

[INFO] Non-IID 总分配样本数: 46566
  w_locals: 2456.80 MB
  gradient: 2456.80 MB
Round 81, Test Accuracy: 58.0, Loss: 1.1567343708992004, Global training time: 0.05540434271104392

[INFO] Non-IID 总分配样本数: 18886
  w_locals: 2456.80 MB
  gradient: 2456.80 MB
Round 82, Test Accuracy: 55.95000076293945, Loss: 1.2204029373168945, Global training time: 0.0488081755734323

[INFO] Non-IID 总分配样本数: 20292
  w_locals: 2456.80 MB
  gradient: 2456.80 MB
Round 83, Test Accuracy: 58.290000915527344, Loss: 1.1487184307098388, Global training time: 0.05205666087978661

[INFO] Non-IID 总分配样本数: 22462
  w_locals: 2456.80 MB
  gradient: 2456.80 MB
Round 84, Test Accuracy: 57.41999816894531, Loss: 1.1761609073638917, Global training time: 0.0585285698204777

[INFO] Non-IID 总分配样本数: 16171
  w_locals: 2456.80 MB
  gradient: 2456.80 MB
Round 85, Test Accuracy: 57.86000061035156, Loss: 1.1678291016578675, Global training time: 0.05011524841242417

[INFO] Non-IID 总分配样本数: 16252
  w_locals: 2456.80 MB
  gradient: 2456.80 MB
Round 86, Test Accuracy: 57.72999954223633, Loss: 1.1625748773574829, Global training time: 0.04247783306854889

[INFO] Non-IID 总分配样本数: 14751
  w_locals: 2456.80 MB
  gradient: 2456.80 MB
Round 87, Test Accuracy: 58.68000030517578, Loss: 1.1417333435058594, Global training time: 0.045668854266963634

[INFO] Non-IID 总分配样本数: 18934
  w_locals: 2456.80 MB
  gradient: 2456.80 MB
Round 88, Test Accuracy: 57.43000030517578, Loss: 1.1689875806808472, Global training time: 0.04839208473844802

[INFO] Non-IID 总分配样本数: 20262
  w_locals: 2456.80 MB
  gradient: 2456.80 MB
Round 89, Test Accuracy: 58.650001525878906, Loss: 1.139459564113617, Global training time: 0.05437124220625702

[INFO] Non-IID 总分配样本数: 18619
  w_locals: 2456.80 MB
  gradient: 2456.80 MB
Round 90, Test Accuracy: 59.540000915527344, Loss: 1.1123642355918884, Global training time: 0.0560190284728371

[INFO] Non-IID 总分配样本数: 17758
  w_locals: 2456.80 MB
  gradient: 2456.80 MB
Round 91, Test Accuracy: 59.54999923706055, Loss: 1.126549197769165, Global training time: 0.052505709042236115

[INFO] Non-IID 总分配样本数: 19433
  w_locals: 2456.80 MB
  gradient: 2456.80 MB
Round 92, Test Accuracy: 60.11000061035156, Loss: 1.1087569019317627, Global training time: 0.04824303396637133

[INFO] Non-IID 总分配样本数: 19226
  w_locals: 2456.80 MB
  gradient: 2456.80 MB
Round 93, Test Accuracy: 60.22999954223633, Loss: 1.1043999625205994, Global training time: 0.052430755741522145

[INFO] Non-IID 总分配样本数: 14108
  w_locals: 2456.80 MB
  gradient: 2456.80 MB
Round 94, Test Accuracy: 60.81999969482422, Loss: 1.0912908111572266, Global training time: 0.050716966008671746

[INFO] Non-IID 总分配样本数: 21604
  w_locals: 2456.80 MB
  gradient: 2456.80 MB
Round 95, Test Accuracy: 60.630001068115234, Loss: 1.0929381894111634, Global training time: 0.04950315785788463

[INFO] Non-IID 总分配样本数: 21242
  w_locals: 2456.80 MB
  gradient: 2456.80 MB
Round 96, Test Accuracy: 60.2599983215332, Loss: 1.1018085234642028, Global training time: 0.04864498225111023

[INFO] Non-IID 总分配样本数: 17232
  w_locals: 2456.80 MB
  gradient: 2456.80 MB
Round 97, Test Accuracy: 60.45000076293945, Loss: 1.0969812524795532, Global training time: 0.052190315386912184

[INFO] Non-IID 总分配样本数: 21387
  w_locals: 2456.80 MB
  gradient: 2456.80 MB
Round 98, Test Accuracy: 58.650001525878906, Loss: 1.1361275884628297, Global training time: 0.0417584139144713

[INFO] Non-IID 总分配样本数: 22553
  w_locals: 2456.80 MB
  gradient: 2456.80 MB
Round 99, Test Accuracy: 60.84000015258789, Loss: 1.0847274872779846, Global training time: 0.06035485803683103

[INFO] Non-IID 总分配样本数: 16002
  w_locals: 2456.80 MB
  gradient: 2456.80 MB
Round 100, Test Accuracy: 60.79999923706055, Loss: 1.084346961402893, Global training time: 0.05023752569949814

成功保存数据pkl文件
OnlineFL已训练完成，最终结果： {'ais': 2, 'test_accuracies': [tensor(60.8000)], 'global_round_accuracies': [[tensor(10.2800), tensor(10.0400), tensor(10.2400), tensor(10.0100), tensor(11.5500), tensor(12.2200), tensor(10.1000), tensor(10.), tensor(10.2200), tensor(12.6800), tensor(10.), tensor(11.7700), tensor(17.5300), tensor(21.1100), tensor(24.6000), tensor(21.1600), tensor(23.9300), tensor(24.8400), tensor(26.3500), tensor(29.3600), tensor(27.7600), tensor(31.8900), tensor(32.6500), tensor(33.0900), tensor(35.5000), tensor(36.2500), tensor(36.5700), tensor(36.9500), tensor(38.2000), tensor(37.9200), tensor(38.5600), tensor(39.6600), tensor(41.7100), tensor(41.6400), tensor(39.6400), tensor(43.2300), tensor(43.9300), tensor(44.5300), tensor(44.2700), tensor(45.8100), tensor(45.4000), tensor(46.9100), tensor(46.5500), tensor(47.5600), tensor(47.1300), tensor(47.7400), tensor(47.1600), tensor(48.6200), tensor(48.5600), tensor(49.0400), tensor(49.3600), tensor(50.0300), tensor(49.9900), tensor(50.0100), tensor(51.1600), tensor(50.0900), tensor(51.7400), tensor(51.7900), tensor(51.6100), tensor(52.0700), tensor(50.9000), tensor(53.7500), tensor(53.2900), tensor(52.8700), tensor(54.3400), tensor(55.0400), tensor(54.1800), tensor(54.4700), tensor(54.6600), tensor(54.6100), tensor(53.6700), tensor(56.2000), tensor(54.8300), tensor(55.1400), tensor(56.8500), tensor(56.5400), tensor(57.4300), tensor(56.3400), tensor(57.6600), tensor(54.2400), tensor(58.), tensor(55.9500), tensor(58.2900), tensor(57.4200), tensor(57.8600), tensor(57.7300), tensor(58.6800), tensor(57.4300), tensor(58.6500), tensor(59.5400), tensor(59.5500), tensor(60.1100), tensor(60.2300), tensor(60.8200), tensor(60.6300), tensor(60.2600), tensor(60.4500), tensor(58.6500), tensor(60.8400), tensor(60.8000)]], 'global_round_times': [[np.float64(0.03574144430617674), np.float64(0.05148453758659831), np.float64(0.044202375463144414), np.float64(0.050666228526615474), np.float64(0.05637195523078433), np.float64(0.0382912316104182), np.float64(0.04952749352023395), np.float64(0.04941047337564207), np.float64(0.04510418113880666), np.float64(0.05777485850691053), np.float64(0.04236473705672204), np.float64(0.05205980911271486), np.float64(0.07047119199129502), np.float64(0.0527129578105889), np.float64(0.05009741674455892), np.float64(0.05143272798906501), np.float64(0.07566990518918258), np.float64(0.03199892758846736), np.float64(0.05776072765431612), np.float64(0.044218283213610265), np.float64(0.05359565051061882), np.float64(0.04932710680027556), np.float64(0.07687898075821295), np.float64(0.06793079918949872), np.float64(0.04837167001087471), np.float64(0.04577846195309818), np.float64(0.037034500208728664), np.float64(0.05057522589451049), np.float64(0.05124553072800572), np.float64(0.05444712145468659), np.float64(0.053620460123401305), np.float64(0.048915249854959326), np.float64(0.04882176461419076), np.float64(0.05283281955289098), np.float64(0.049153447728089966), np.float64(0.052098955540971416), np.float64(0.04950540906970776), np.float64(0.0565921353936911), np.float64(0.049424038026612827), np.float64(0.05654140243167259), np.float64(0.06033804144962172), np.float64(0.04866729552460667), np.float64(0.04642497796928772), np.float64(0.03944614460124846), np.float64(0.02731821235210271), np.float64(0.04689611446154032), np.float64(0.05803936495392005), np.float64(0.052065690220650135), np.float64(0.03410906286885066), np.float64(0.049391266109418755), np.float64(0.04908777101025054), np.float64(0.05048374593209028), np.float64(0.0449471780518317), np.float64(0.046915703932957374), np.float64(0.050730982698648626), np.float64(0.055647583301743055), np.float64(0.05582932636407224), np.float64(0.030691541165094375), np.float64(0.047099064769718), np.float64(0.047048365730704304), np.float64(0.05440832328495282), np.float64(0.05312791810358235), np.float64(0.0662084641368984), np.float64(0.04601354416697748), np.float64(0.05566225041745194), np.float64(0.05560001821933125), np.float64(0.050720493971510835), np.float64(0.04917177284150764), np.float64(0.0532403160860629), np.float64(0.04695082876439638), np.float64(0.05775615192842509), np.float64(0.04536570024937037), np.float64(0.05241714751694754), np.float64(0.05977756316362039), np.float64(0.052909943589561935), np.float64(0.055134566274727626), np.float64(0.057293229668144964), np.float64(0.048524646304712385), np.float64(0.04449662291896347), np.float64(0.05100331882706516), np.float64(0.05540434271104392), np.float64(0.0488081755734323), np.float64(0.05205666087978661), np.float64(0.0585285698204777), np.float64(0.05011524841242417), np.float64(0.04247783306854889), np.float64(0.045668854266963634), np.float64(0.04839208473844802), np.float64(0.05437124220625702), np.float64(0.0560190284728371), np.float64(0.052505709042236115), np.float64(0.04824303396637133), np.float64(0.052430755741522145), np.float64(0.050716966008671746), np.float64(0.04950315785788463), np.float64(0.04864498225111023), np.float64(0.052190315386912184), np.float64(0.0417584139144713), np.float64(0.06035485803683103), np.float64(0.05023752569949814)]]}

Time Slot 5 Results:
  Selected Devices: [12, 19, 38, 40, 49]
  Total Offload Data: 0.0000
  Sample Device Computation F: [np.float64(38.12804097178537), np.float64(32.800017812083276), np.float64(47.529751695610486), np.float64(60.81407568364755), np.float64(78.37175110498431)]
  Sample Final Data Amounts: [np.float64(0.0), np.float64(0.0), np.float64(0.0), np.float64(0.0), np.float64(0.0)]

Time Slot 10 Results:
  Selected Devices: [12, 19, 38, 40, 49]
  Total Offload Data: 0.0000
  Sample Device Computation F: [np.float64(85.8935639348988), np.float64(27.66025100302489), np.float64(45.059848087389724), np.float64(131.6871054575239), np.float64(83.43039521436891)]
  Sample Final Data Amounts: [np.float64(0.0), np.float64(0.0), np.float64(0.0), np.float64(0.0), np.float64(0.0)]

Time Slot 15 Results:
  Selected Devices: [12, 19, 38, 40, 49]
  Total Offload Data: 0.0000
  Sample Device Computation F: [np.float64(95.3003281887656), np.float64(39.538047016561386), np.float64(22.405489370536195), np.float64(51.55758798799342), np.float64(47.75052698185988)]
  Sample Final Data Amounts: [np.float64(0.0), np.float64(0.0), np.float64(0.0), np.float64(0.0), np.float64(0.0)]

Time Slot 20 Results:
  Selected Devices: [12, 19, 38, 40, 49]
  Total Offload Data: 0.0000
  Sample Device Computation F: [np.float64(37.381108871831074), np.float64(27.21177832296327), np.float64(48.328165036701904), np.float64(106.2306034685938), np.float64(81.42335685588993)]
  Sample Final Data Amounts: [np.float64(0.0), np.float64(0.0), np.float64(0.0), np.float64(0.0), np.float64(0.0)]

Time Slot 25 Results:
  Selected Devices: [7, 12, 30, 40, 47]
  Total Offload Data: 0.0000
  Sample Device Computation F: [np.float64(70.80583104355622), np.float64(32.140640741832215), np.float64(32.99136030455077), np.float64(58.09704078761626), np.float64(65.86759365712881)]
  Sample Final Data Amounts: [np.float64(0.0), np.float64(0.0), np.float64(0.0), np.float64(0.0), np.float64(0.0)]

Time Slot 30 Results:
  Selected Devices: [7, 12, 30, 40, 47]
  Total Offload Data: 0.0000
  Sample Device Computation F: [np.float64(101.68406222660957), np.float64(33.55708084994945), np.float64(30.188475460012487), np.float64(87.78752235453854), np.float64(41.605221127280046)]
  Sample Final Data Amounts: [np.float64(0.0), np.float64(0.0), np.float64(0.0), np.float64(0.0), np.float64(0.0)]

Time Slot 35 Results:
  Selected Devices: [7, 12, 30, 40, 47]
  Total Offload Data: 0.0000
  Sample Device Computation F: [np.float64(82.45450217379471), np.float64(35.13394852280742), np.float64(20.346723674300385), np.float64(58.22521003427361), np.float64(51.2841121523434)]
  Sample Final Data Amounts: [np.float64(0.0), np.float64(0.0), np.float64(0.0), np.float64(0.0), np.float64(0.0)]

Time Slot 40 Results:
  Selected Devices: [7, 12, 30, 40, 47]
  Total Offload Data: 157.1288
  Sample Device Computation F: [np.float64(61.68521170581083), np.float64(21.36855547475705), np.float64(41.26353670850966), np.float64(94.41835707644911), np.float64(35.42766270227294)]
  Sample Final Data Amounts: [np.float64(0.0), np.float64(0.0), np.float64(0.0), np.float64(0.0), np.float64(0.0)]

Time Slot 45 Results:
  Selected Devices: [3, 17, 26, 35, 47]
  Total Offload Data: 0.0000
  Sample Device Computation F: [np.float64(71.32552935830098), np.float64(21.03220963261908), np.float64(48.351249903020125), np.float64(132.74402422768262), np.float64(73.4408947238437)]
  Sample Final Data Amounts: [np.float64(0.0), np.float64(0.0), np.float64(0.0), np.float64(41.04910044155302), np.float64(0.0)]

Time Slot 50 Results:
  Selected Devices: [3, 17, 26, 35, 47]
  Total Offload Data: 0.0000
  Sample Device Computation F: [np.float64(86.01698565270706), np.float64(23.138798076798295), np.float64(31.510688951344086), np.float64(60.52834304314314), np.float64(82.98133462402066)]
  Sample Final Data Amounts: [np.float64(0.0), np.float64(0.0), np.float64(0.0), np.float64(58.568737505991784), np.float64(0.0)]

Time Slot 55 Results:
  Selected Devices: [3, 17, 26, 35, 47]
  Total Offload Data: 0.0000
  Sample Device Computation F: [np.float64(43.9234981156906), np.float64(37.593391967713686), np.float64(22.02325317499114), np.float64(97.59105487076116), np.float64(74.72096579119751)]
  Sample Final Data Amounts: [np.float64(0.0), np.float64(0.0), np.float64(0.0), np.float64(64.32272700587276), np.float64(0.0)]

Time Slot 60 Results:
  Selected Devices: [3, 17, 26, 35, 47]
  Total Offload Data: 0.0000
  Sample Device Computation F: [np.float64(104.3443113744182), np.float64(13.459481582277668), np.float64(40.70246929029731), np.float64(55.08901604718612), np.float64(51.279203782402476)]
  Sample Final Data Amounts: [np.float64(0.0), np.float64(0.0), np.float64(0.0), np.float64(55.08901604718612), np.float64(0.0)]

Time Slot 65 Results:
  Selected Devices: [0, 4, 18, 35, 41]
  Total Offload Data: 0.0000
  Sample Device Computation F: [np.float64(66.47360714006015), np.float64(26.62530769963265), np.float64(36.37003744069098), np.float64(136.28431124688427), np.float64(56.47399898439165)]
  Sample Final Data Amounts: [np.float64(19.685977816269702), np.float64(0.0), np.float64(0.0), np.float64(0.0), np.float64(56.47399898439165)]

Time Slot 70 Results:
  Selected Devices: [0, 4, 18, 35, 41]
  Total Offload Data: 0.0000
  Sample Device Computation F: [np.float64(99.0575973414089), np.float64(28.029201130809753), np.float64(22.091177080911965), np.float64(80.39141615444649), np.float64(35.69246530386159)]
  Sample Final Data Amounts: [np.float64(19.64659814481874), np.float64(0.0), np.float64(0.0), np.float64(0.0), np.float64(35.69246530386159)]

Time Slot 75 Results:
  Selected Devices: [0, 4, 18, 35, 41]
  Total Offload Data: 241.7779
  Sample Device Computation F: [np.float64(56.06722286279673), np.float64(37.207941960509096), np.float64(35.776581788935545), np.float64(114.89578459078828), np.float64(81.51787215123991)]
  Sample Final Data Amounts: [np.float64(26.9074829370179), np.float64(0.0), np.float64(0.0), np.float64(0.0), np.float64(81.51787215123991)]

Time Slot 80 Results:
  Selected Devices: [0, 4, 18, 35, 41]
  Total Offload Data: 0.0000
  Sample Device Computation F: [np.float64(62.180902353563965), np.float64(34.933054593779815), np.float64(45.54140676518914), np.float64(58.80851865989392), np.float64(73.72542464500846)]
  Sample Final Data Amounts: [np.float64(29.974476246790882), np.float64(0.0), np.float64(0.0), np.float64(0.0), np.float64(73.72542464500846)]

Time Slot 85 Results:
  Selected Devices: [14, 21, 31, 35, 49]
  Total Offload Data: 0.0000
  Sample Device Computation F: [np.float64(71.7065209148979), np.float64(13.373282922955537), np.float64(21.268374958137244), np.float64(114.70137498211551), np.float64(62.800423111693746)]
  Sample Final Data Amounts: [np.float64(0.0), np.float64(0.0), np.float64(0.0), np.float64(0.0), np.float64(0.0)]

Time Slot 90 Results:
  Selected Devices: [14, 21, 31, 35, 49]
  Total Offload Data: 0.0000
  Sample Device Computation F: [np.float64(61.23859627117819), np.float64(31.679466212663073), np.float64(44.22954727367504), np.float64(67.07423013847978), np.float64(76.01327204612147)]
  Sample Final Data Amounts: [np.float64(0.0), np.float64(0.0), np.float64(0.0), np.float64(0.0), np.float64(0.0)]

Time Slot 95 Results:
  Selected Devices: [14, 21, 31, 35, 49]
  Total Offload Data: 0.0000
  Sample Device Computation F: [np.float64(60.52662763062683), np.float64(36.10550992696387), np.float64(30.12575711548733), np.float64(116.02832550371235), np.float64(52.264131480607176)]
  Sample Final Data Amounts: [np.float64(0.0), np.float64(0.0), np.float64(0.0), np.float64(0.0), np.float64(0.0)]

Time Slot 100 Results:
  Selected Devices: [14, 21, 31, 35, 49]
  Total Offload Data: 0.0000
  Sample Device Computation F: [np.float64(46.49912417253634), np.float64(36.65017645866473), np.float64(26.033066518008457), np.float64(80.7829995286771), np.float64(38.54013217150498)]
  Sample Final Data Amounts: [np.float64(0.0), np.float64(0.0), np.float64(0.0), np.float64(0.0), np.float64(0.0)]

=== 仿真结果 (N=50) ===
平均吞吐量:
  提出的方法 (T=20): 256.4052
  本地执行: 191.5672
  静态编排: 108.8329
  提出的方法 (T1=20): 256.4052
step1 获取到100个时隙的工作节点以及实际训练量
目标准确率：55.0，目标epoch：100
non-iid
[INFO] Non-IID 总分配样本数: 45679
  w_locals: 2456.80 MB
  gradient: 2456.80 MB
Round 1, Test Accuracy: 10.0, Loss: 2.3011064971923827, Global training time: 0.036324989675620985

[INFO] Non-IID 总分配样本数: 20844
  w_locals: 2456.80 MB
  gradient: 2456.80 MB
Round 2, Test Accuracy: 10.630000114440918, Loss: 2.299943566894531, Global training time: 0.05237674279494354

[INFO] Non-IID 总分配样本数: 16755
  w_locals: 2456.80 MB
  gradient: 2456.80 MB
Round 3, Test Accuracy: 10.479999542236328, Loss: 2.298530672454834, Global training time: 0.045096763967456974

[INFO] Non-IID 总分配样本数: 22059
  w_locals: 2456.80 MB
  gradient: 2456.80 MB
Round 4, Test Accuracy: 10.0, Loss: 2.296748681640625, Global training time: 0.048360814822495164

[INFO] Non-IID 总分配样本数: 25184
  w_locals: 2456.80 MB
  gradient: 2456.80 MB
Round 5, Test Accuracy: 10.0, Loss: 2.293959783935547, Global training time: 0.056976987936671684

[INFO] Non-IID 总分配样本数: 19597
  w_locals: 2456.80 MB
  gradient: 2456.80 MB
Round 6, Test Accuracy: 14.0, Loss: 2.2918077182769774, Global training time: 0.03811678519141739

[INFO] Non-IID 总分配样本数: 20799
  w_locals: 2456.80 MB
  gradient: 2456.80 MB
Round 7, Test Accuracy: 12.09000015258789, Loss: 2.288659976196289, Global training time: 0.0494166577106153

[INFO] Non-IID 总分配样本数: 19713
  w_locals: 2456.80 MB
  gradient: 2456.80 MB
Round 8, Test Accuracy: 10.010000228881836, Loss: 2.2844824314117433, Global training time: 0.04910583291524021

[INFO] Non-IID 总分配样本数: 20360
  w_locals: 2456.80 MB
  gradient: 2456.80 MB
Round 9, Test Accuracy: 10.079999923706055, Loss: 2.278814038467407, Global training time: 0.044286042739442665

[INFO] Non-IID 总分配样本数: 21782
  w_locals: 2456.80 MB
  gradient: 2456.80 MB
Round 10, Test Accuracy: 11.020000457763672, Loss: 2.269027181625366, Global training time: 0.05422293851823352

[INFO] Non-IID 总分配样本数: 20885
  w_locals: 2456.80 MB
  gradient: 2456.80 MB
Round 11, Test Accuracy: 14.520000457763672, Loss: 2.2532466793060304, Global training time: 0.03965299274785456

[INFO] Non-IID 总分配样本数: 18763
  w_locals: 2456.80 MB
  gradient: 2456.80 MB
Round 12, Test Accuracy: 17.860000610351562, Loss: 2.228952841567993, Global training time: 0.05058785203206685

[INFO] Non-IID 总分配样本数: 23242
  w_locals: 2456.80 MB
  gradient: 2456.80 MB
Round 13, Test Accuracy: 18.950000762939453, Loss: 2.1805632095336915, Global training time: 0.06018965795810931

[INFO] Non-IID 总分配样本数: 24163
  w_locals: 2456.80 MB
  gradient: 2456.80 MB
Round 14, Test Accuracy: 19.6200008392334, Loss: 2.1204690399169923, Global training time: 0.05536745327980273

[INFO] Non-IID 总分配样本数: 22841
  w_locals: 2456.80 MB
  gradient: 2456.80 MB
Round 15, Test Accuracy: 22.860000610351562, Loss: 2.060389321708679, Global training time: 0.04989894825536041

[INFO] Non-IID 总分配样本数: 20979
  w_locals: 2456.80 MB
  gradient: 2456.80 MB
Round 16, Test Accuracy: 26.520000457763672, Loss: 2.00096713886261, Global training time: 0.050388541431968664

[INFO] Non-IID 总分配样本数: 23661
  w_locals: 2456.80 MB
  gradient: 2456.80 MB
Round 17, Test Accuracy: 26.889999389648438, Loss: 1.966958976173401, Global training time: 0.0596045045440791

[INFO] Non-IID 总分配样本数: 17232
  w_locals: 2456.80 MB
  gradient: 2456.80 MB
Round 18, Test Accuracy: 28.739999771118164, Loss: 1.932191709136963, Global training time: 0.03162909785919425

[INFO] Non-IID 总分配样本数: 26746
  w_locals: 2456.80 MB
  gradient: 2456.80 MB
Round 19, Test Accuracy: 29.40999984741211, Loss: 1.8908395259857178, Global training time: 0.05182415371534926

[INFO] Non-IID 总分配样本数: 24738
  w_locals: 2456.80 MB
  gradient: 2456.80 MB
Round 20, Test Accuracy: 31.639999389648438, Loss: 1.84923254032135, Global training time: 0.04126170526292221

[INFO] Non-IID 总分配样本数: 41912
  w_locals: 2456.80 MB
  gradient: 2456.80 MB
Round 21, Test Accuracy: 32.33000183105469, Loss: 1.8199502113342285, Global training time: 0.050568706197597374

[INFO] Non-IID 总分配样本数: 26570
  w_locals: 2456.80 MB
  gradient: 2456.80 MB
Round 22, Test Accuracy: 33.560001373291016, Loss: 1.7959425722122193, Global training time: 0.056955234611354814

[INFO] Non-IID 总分配样本数: 27404
  w_locals: 2456.80 MB
  gradient: 2456.80 MB
Round 23, Test Accuracy: 34.65999984741211, Loss: 1.7404467210769654, Global training time: 0.07312653340507408

[INFO] Non-IID 总分配样本数: 25062
  w_locals: 2456.80 MB
  gradient: 2456.80 MB
Round 24, Test Accuracy: 35.61000061035156, Loss: 1.7261408878326416, Global training time: 0.06338292580819577

[INFO] Non-IID 总分配样本数: 23868
  w_locals: 2456.80 MB
  gradient: 2456.80 MB
Round 25, Test Accuracy: 35.95000076293945, Loss: 1.698124175453186, Global training time: 0.04417706718560165

[INFO] Non-IID 总分配样本数: 26472
  w_locals: 2456.80 MB
  gradient: 2456.80 MB
Round 26, Test Accuracy: 37.470001220703125, Loss: 1.6570120672225952, Global training time: 0.04683524880051523

[INFO] Non-IID 总分配样本数: 23404
  w_locals: 2456.80 MB
  gradient: 2456.80 MB
Round 27, Test Accuracy: 37.529998779296875, Loss: 1.650165041732788, Global training time: 0.04036537091789858

[INFO] Non-IID 总分配样本数: 21268
  w_locals: 2456.80 MB
  gradient: 2456.80 MB
Round 28, Test Accuracy: 38.79999923706055, Loss: 1.6272180820465088, Global training time: 0.04900881308235076

[INFO] Non-IID 总分配样本数: 20727
  w_locals: 2456.80 MB
  gradient: 2456.80 MB
Round 29, Test Accuracy: 39.40999984741211, Loss: 1.6050410215377808, Global training time: 0.04478962640634366

[INFO] Non-IID 总分配样本数: 29797
  w_locals: 2456.80 MB
  gradient: 2456.80 MB
Round 30, Test Accuracy: 39.88999938964844, Loss: 1.5887720043182374, Global training time: 0.06659797884907202

[INFO] Non-IID 总分配样本数: 28967
  w_locals: 2456.80 MB
  gradient: 2456.80 MB
Round 31, Test Accuracy: 40.7599983215332, Loss: 1.5759115928649903, Global training time: 0.05675988438857527

[INFO] Non-IID 总分配样本数: 27176
  w_locals: 2456.80 MB
  gradient: 2456.80 MB
Round 32, Test Accuracy: 41.9900016784668, Loss: 1.5649671199798585, Global training time: 0.04894531949248404

[INFO] Non-IID 总分配样本数: 25573
  w_locals: 2456.80 MB
  gradient: 2456.80 MB
Round 33, Test Accuracy: 42.400001525878906, Loss: 1.542646374130249, Global training time: 0.04901552514390676

[INFO] Non-IID 总分配样本数: 27867
  w_locals: 2456.80 MB
  gradient: 2456.80 MB
Round 34, Test Accuracy: 43.38999938964844, Loss: 1.5186926120758057, Global training time: 0.05303667607640521

[INFO] Non-IID 总分配样本数: 19777
  w_locals: 2456.80 MB
  gradient: 2456.80 MB
Round 35, Test Accuracy: 43.560001373291016, Loss: 1.5174229181289673, Global training time: 0.048046159091172186

[INFO] Non-IID 总分配样本数: 22512
  w_locals: 2456.80 MB
  gradient: 2456.80 MB
Round 36, Test Accuracy: 44.43000030517578, Loss: 1.5036535846710206, Global training time: 0.05056164653436032

[INFO] Non-IID 总分配样本数: 21814
  w_locals: 2456.80 MB
  gradient: 2456.80 MB
Round 37, Test Accuracy: 38.189998626708984, Loss: 1.7373271951675415, Global training time: 0.049412273633917404

[INFO] Non-IID 总分配样本数: 25225
  w_locals: 2456.80 MB
  gradient: 2456.80 MB
Round 38, Test Accuracy: 45.25, Loss: 1.4847907346725464, Global training time: 0.05444189076125423

[INFO] Non-IID 总分配样本数: 19169
  w_locals: 2456.80 MB
  gradient: 2456.80 MB
Round 39, Test Accuracy: 46.34000015258789, Loss: 1.452712154006958, Global training time: 0.05074550732367441

[INFO] Non-IID 总分配样本数: 23313
  w_locals: 2456.80 MB
  gradient: 2456.80 MB
Round 40, Test Accuracy: 45.650001525878906, Loss: 1.4615268882751464, Global training time: 0.0543376169168804

[INFO] Non-IID 总分配样本数: 47490
  w_locals: 2456.80 MB
  gradient: 2456.80 MB
Round 41, Test Accuracy: 47.27000045776367, Loss: 1.4323111474990844, Global training time: 0.059170471736770744

[INFO] Non-IID 总分配样本数: 19802
  w_locals: 2456.80 MB
  gradient: 2456.80 MB
Round 42, Test Accuracy: 46.70000076293945, Loss: 1.4525924118041993, Global training time: 0.046412801360008055

[INFO] Non-IID 总分配样本数: 16437
  w_locals: 2456.80 MB
  gradient: 2456.80 MB
Round 43, Test Accuracy: 48.09000015258789, Loss: 1.4148829288482665, Global training time: 0.04749214491642588

[INFO] Non-IID 总分配样本数: 20952
  w_locals: 2456.80 MB
  gradient: 2456.80 MB
Round 44, Test Accuracy: 48.77000045776367, Loss: 1.3956589647293092, Global training time: 0.03920455021570407

[INFO] Non-IID 总分配样本数: 17235
  w_locals: 2456.80 MB
  gradient: 2456.80 MB
Round 45, Test Accuracy: 48.16999816894531, Loss: 1.3992305971145629, Global training time: 0.027107674917446367

[INFO] Non-IID 总分配样本数: 17452
  w_locals: 2456.80 MB
  gradient: 2456.80 MB
Round 46, Test Accuracy: 48.7400016784668, Loss: 1.3872945556640626, Global training time: 0.04826910186899991

[INFO] Non-IID 总分配样本数: 23270
  w_locals: 2456.80 MB
  gradient: 2456.80 MB
Round 47, Test Accuracy: 37.900001525878906, Loss: 1.7932384407043458, Global training time: 0.05227927258853812

[INFO] Non-IID 总分配样本数: 24582
  w_locals: 2456.80 MB
  gradient: 2456.80 MB
Round 48, Test Accuracy: 49.130001068115234, Loss: 1.3914062887191772, Global training time: 0.05084515568681379

[INFO] Non-IID 总分配样本数: 22669
  w_locals: 2456.80 MB
  gradient: 2456.80 MB
Round 49, Test Accuracy: 50.40999984741211, Loss: 1.3489628040313721, Global training time: 0.03409274327781895

[INFO] Non-IID 总分配样本数: 23061
  w_locals: 2456.80 MB
  gradient: 2456.80 MB
Round 50, Test Accuracy: 50.290000915527344, Loss: 1.3673168535232545, Global training time: 0.04355171086982238

[INFO] Non-IID 总分配样本数: 16726
  w_locals: 2456.80 MB
  gradient: 2456.80 MB
Round 51, Test Accuracy: 49.29999923706055, Loss: 1.3733582357406615, Global training time: 0.04684311251593806

[INFO] Non-IID 总分配样本数: 16829
  w_locals: 2456.80 MB
  gradient: 2456.80 MB
Round 52, Test Accuracy: 51.38999938964844, Loss: 1.328094542312622, Global training time: 0.043278564203167176

[INFO] Non-IID 总分配样本数: 22874
  w_locals: 2456.80 MB
  gradient: 2456.80 MB
Round 53, Test Accuracy: 51.16999816894531, Loss: 1.3400255895614623, Global training time: 0.04456092156593453

[INFO] Non-IID 总分配样本数: 17888
  w_locals: 2456.80 MB
  gradient: 2456.80 MB
Round 54, Test Accuracy: 52.220001220703125, Loss: 1.3161662998199464, Global training time: 0.043685820523166274

[INFO] Non-IID 总分配样本数: 21781
  w_locals: 2456.80 MB
  gradient: 2456.80 MB
Round 55, Test Accuracy: 52.25, Loss: 1.315421532058716, Global training time: 0.05205389339521848

[INFO] Non-IID 总分配样本数: 19409
  w_locals: 2456.80 MB
  gradient: 2456.80 MB
Round 56, Test Accuracy: 51.529998779296875, Loss: 1.3301008724212646, Global training time: 0.05972412933188998

[INFO] Non-IID 总分配样本数: 19993
  w_locals: 2456.80 MB
  gradient: 2456.80 MB
Round 57, Test Accuracy: 52.189998626708984, Loss: 1.3052773166656495, Global training time: 0.047973793382981265

[INFO] Non-IID 总分配样本数: 22880
  w_locals: 2456.80 MB
  gradient: 2456.80 MB
Round 58, Test Accuracy: 53.15999984741211, Loss: 1.288195042037964, Global training time: 0.02879904149633891

[INFO] Non-IID 总分配样本数: 17611
  w_locals: 2456.80 MB
  gradient: 2456.80 MB
Round 59, Test Accuracy: 52.130001068115234, Loss: 1.3124989374160767, Global training time: 0.045615193180516385

[INFO] Non-IID 总分配样本数: 20145
  w_locals: 2456.80 MB
  gradient: 2456.80 MB
Round 60, Test Accuracy: 53.439998626708984, Loss: 1.2887642143249511, Global training time: 0.04781351759606472

[INFO] Non-IID 总分配样本数: 41014
  w_locals: 2456.80 MB
  gradient: 2456.80 MB
Round 61, Test Accuracy: 53.7599983215332, Loss: 1.2859369720458984, Global training time: 0.05427756176711281

[INFO] Non-IID 总分配样本数: 19958
  w_locals: 2456.80 MB
  gradient: 2456.80 MB
Round 62, Test Accuracy: 53.5099983215332, Loss: 1.2925043792724609, Global training time: 0.055479633989375776

[INFO] Non-IID 总分配样本数: 20340
  w_locals: 2456.80 MB
  gradient: 2456.80 MB
Round 63, Test Accuracy: 54.65999984741211, Loss: 1.266530954170227, Global training time: 0.05372222928995965

[INFO] Non-IID 总分配样本数: 19777
  w_locals: 2456.80 MB
  gradient: 2456.80 MB
Round 64, Test Accuracy: 54.810001373291016, Loss: 1.2403705892562866, Global training time: 0.04590619128287832

[INFO] Non-IID 总分配样本数: 18183
  w_locals: 2456.80 MB
  gradient: 2456.80 MB
Round 65, Test Accuracy: 55.560001373291016, Loss: 1.233182385444641, Global training time: 0.04840586702603331

[INFO] Non-IID 总分配样本数: 20154
  w_locals: 2456.80 MB
  gradient: 2456.80 MB
Round 66, Test Accuracy: 53.88999938964844, Loss: 1.2631777137756348, Global training time: 0.06356928064051033

[INFO] Non-IID 总分配样本数: 15466
  w_locals: 2456.80 MB
  gradient: 2456.80 MB
Round 67, Test Accuracy: 55.060001373291016, Loss: 1.2370926830291749, Global training time: 0.0492192177579493

[INFO] Non-IID 总分配样本数: 18874
  w_locals: 2456.80 MB
  gradient: 2456.80 MB
Round 68, Test Accuracy: 55.630001068115234, Loss: 1.235202640724182, Global training time: 0.04630873475561879

[INFO] Non-IID 总分配样本数: 14589
  w_locals: 2456.80 MB
  gradient: 2456.80 MB
Round 69, Test Accuracy: 53.47999954223633, Loss: 1.2724831689834595, Global training time: 0.05375013431348925

[INFO] Non-IID 总分配样本数: 17333
  w_locals: 2456.80 MB
  gradient: 2456.80 MB
Round 70, Test Accuracy: 56.970001220703125, Loss: 1.1979408271789551, Global training time: 0.04507845553762648

[INFO] Non-IID 总分配样本数: 16611
  w_locals: 2456.80 MB
  gradient: 2456.80 MB
Round 71, Test Accuracy: 56.529998779296875, Loss: 1.2082005935668945, Global training time: 0.05259516004489781

[INFO] Non-IID 总分配样本数: 15375
  w_locals: 2456.80 MB
  gradient: 2456.80 MB
Round 72, Test Accuracy: 54.38999938964844, Loss: 1.2560338209152222, Global training time: 0.042599200727132455

[INFO] Non-IID 总分配样本数: 15543
  w_locals: 2456.80 MB
  gradient: 2456.80 MB
Round 73, Test Accuracy: 56.54999923706055, Loss: 1.2001030242919921, Global training time: 0.051821455741045026

[INFO] Non-IID 总分配样本数: 20570
  w_locals: 2456.80 MB
  gradient: 2456.80 MB
Round 74, Test Accuracy: 56.029998779296875, Loss: 1.2096912992477418, Global training time: 0.06135730883647018

[INFO] Non-IID 总分配样本数: 20992
  w_locals: 2456.80 MB
  gradient: 2456.80 MB
Round 75, Test Accuracy: 57.060001373291016, Loss: 1.1863979097366333, Global training time: 0.055149960222396925

[INFO] Non-IID 总分配样本数: 19644
  w_locals: 2456.80 MB
  gradient: 2456.80 MB
Round 76, Test Accuracy: 56.47999954223633, Loss: 1.2012029928207397, Global training time: 0.05416136568760273

[INFO] Non-IID 总分配样本数: 18042
  w_locals: 2456.80 MB
  gradient: 2456.80 MB
Round 77, Test Accuracy: 58.189998626708984, Loss: 1.1652657873153687, Global training time: 0.05213142637304746

[INFO] Non-IID 总分配样本数: 17371
  w_locals: 2456.80 MB
  gradient: 2456.80 MB
Round 78, Test Accuracy: 56.95000076293945, Loss: 1.1800136695861816, Global training time: 0.04710594233849014

[INFO] Non-IID 总分配样本数: 20248
  w_locals: 2456.80 MB
  gradient: 2456.80 MB
Round 79, Test Accuracy: 58.939998626708984, Loss: 1.1535336242675782, Global training time: 0.04253261630459973

[INFO] Non-IID 总分配样本数: 20684
  w_locals: 2456.80 MB
  gradient: 2456.80 MB
Round 80, Test Accuracy: 54.11000061035156, Loss: 1.2943220029830933, Global training time: 0.04479212284206623

[INFO] Non-IID 总分配样本数: 46566
  w_locals: 2456.80 MB
  gradient: 2456.80 MB
Round 81, Test Accuracy: 58.75, Loss: 1.1554987642288208, Global training time: 0.05258412513225097

[INFO] Non-IID 总分配样本数: 18886
  w_locals: 2456.80 MB
  gradient: 2456.80 MB
Round 82, Test Accuracy: 58.58000183105469, Loss: 1.1469149940490722, Global training time: 0.044949541890613565

[INFO] Non-IID 总分配样本数: 20292
  w_locals: 2456.80 MB
  gradient: 2456.80 MB
Round 83, Test Accuracy: 59.400001525878906, Loss: 1.1249668392181396, Global training time: 0.05043679299748007

[INFO] Non-IID 总分配样本数: 22462
  w_locals: 2456.80 MB
  gradient: 2456.80 MB
Round 84, Test Accuracy: 59.77000045776367, Loss: 1.1161267391204834, Global training time: 0.06323133910131083

[INFO] Non-IID 总分配样本数: 16171
  w_locals: 2456.80 MB
  gradient: 2456.80 MB
Round 85, Test Accuracy: 59.25, Loss: 1.1325647640228271, Global training time: 0.04971153693265022

[INFO] Non-IID 总分配样本数: 16252
  w_locals: 2456.80 MB
  gradient: 2456.80 MB
Round 86, Test Accuracy: 59.15999984741211, Loss: 1.1323478427886964, Global training time: 0.04230470588338662

[INFO] Non-IID 总分配样本数: 14751
  w_locals: 2456.80 MB
  gradient: 2456.80 MB
Round 87, Test Accuracy: 60.2599983215332, Loss: 1.1087354722976686, Global training time: 0.049211614185632226

[INFO] Non-IID 总分配样本数: 18934
  w_locals: 2456.80 MB
  gradient: 2456.80 MB
Round 88, Test Accuracy: 59.540000915527344, Loss: 1.1196131904602051, Global training time: 0.04459499069099544

[INFO] Non-IID 总分配样本数: 20262
  w_locals: 2456.80 MB
  gradient: 2456.80 MB
Round 89, Test Accuracy: 59.7400016784668, Loss: 1.1212761779785156, Global training time: 0.05276163830851579

[INFO] Non-IID 总分配样本数: 18619
  w_locals: 2456.80 MB
  gradient: 2456.80 MB
Round 90, Test Accuracy: 60.65999984741211, Loss: 1.0909370022773743, Global training time: 0.05795304511100753

[INFO] Non-IID 总分配样本数: 17758
  w_locals: 2456.80 MB
  gradient: 2456.80 MB
Round 91, Test Accuracy: 60.540000915527344, Loss: 1.1081283025741577, Global training time: 0.05316170437214146

[INFO] Non-IID 总分配样本数: 19433
  w_locals: 2456.80 MB
  gradient: 2456.80 MB
Round 92, Test Accuracy: 59.130001068115234, Loss: 1.1492256372451781, Global training time: 0.0484919393378058

[INFO] Non-IID 总分配样本数: 19226
  w_locals: 2456.80 MB
  gradient: 2456.80 MB
Round 93, Test Accuracy: 61.650001525878906, Loss: 1.0816517053604127, Global training time: 0.05021263345152351

[INFO] Non-IID 总分配样本数: 14108
  w_locals: 2456.80 MB
  gradient: 2456.80 MB
Round 94, Test Accuracy: 60.959999084472656, Loss: 1.0885099390029906, Global training time: 0.0515670807407228

[INFO] Non-IID 总分配样本数: 21604
  w_locals: 2456.80 MB
  gradient: 2456.80 MB
Round 95, Test Accuracy: 61.04999923706055, Loss: 1.0824618416786194, Global training time: 0.05843341627601904

[INFO] Non-IID 总分配样本数: 21242
  w_locals: 2456.80 MB
  gradient: 2456.80 MB
Round 96, Test Accuracy: 62.08000183105469, Loss: 1.0658041152000428, Global training time: 0.054117521354840305

[INFO] Non-IID 总分配样本数: 17232
  w_locals: 2456.80 MB
  gradient: 2456.80 MB
Round 97, Test Accuracy: 59.939998626708984, Loss: 1.1274174650192261, Global training time: 0.051476603740302676

[INFO] Non-IID 总分配样本数: 21387
  w_locals: 2456.80 MB
  gradient: 2456.80 MB
Round 98, Test Accuracy: 62.209999084472656, Loss: 1.0586055913925172, Global training time: 0.05014529698365588

[INFO] Non-IID 总分配样本数: 22553
  w_locals: 2456.80 MB
  gradient: 2456.80 MB
Round 99, Test Accuracy: 62.36000061035156, Loss: 1.0526309965133667, Global training time: 0.059404105405744874

[INFO] Non-IID 总分配样本数: 16002
  w_locals: 2456.80 MB
  gradient: 2456.80 MB
Round 100, Test Accuracy: 61.95000076293945, Loss: 1.0851032481193543, Global training time: 0.049339211455681244

成功保存数据pkl文件
OnlineFL已训练完成，最终结果： {'ais': 2, 'test_accuracies': [tensor(61.9500)], 'global_round_accuracies': [[tensor(10.), tensor(10.6300), tensor(10.4800), tensor(10.), tensor(10.), tensor(14.), tensor(12.0900), tensor(10.0100), tensor(10.0800), tensor(11.0200), tensor(14.5200), tensor(17.8600), tensor(18.9500), tensor(19.6200), tensor(22.8600), tensor(26.5200), tensor(26.8900), tensor(28.7400), tensor(29.4100), tensor(31.6400), tensor(32.3300), tensor(33.5600), tensor(34.6600), tensor(35.6100), tensor(35.9500), tensor(37.4700), tensor(37.5300), tensor(38.8000), tensor(39.4100), tensor(39.8900), tensor(40.7600), tensor(41.9900), tensor(42.4000), tensor(43.3900), tensor(43.5600), tensor(44.4300), tensor(38.1900), tensor(45.2500), tensor(46.3400), tensor(45.6500), tensor(47.2700), tensor(46.7000), tensor(48.0900), tensor(48.7700), tensor(48.1700), tensor(48.7400), tensor(37.9000), tensor(49.1300), tensor(50.4100), tensor(50.2900), tensor(49.3000), tensor(51.3900), tensor(51.1700), tensor(52.2200), tensor(52.2500), tensor(51.5300), tensor(52.1900), tensor(53.1600), tensor(52.1300), tensor(53.4400), tensor(53.7600), tensor(53.5100), tensor(54.6600), tensor(54.8100), tensor(55.5600), tensor(53.8900), tensor(55.0600), tensor(55.6300), tensor(53.4800), tensor(56.9700), tensor(56.5300), tensor(54.3900), tensor(56.5500), tensor(56.0300), tensor(57.0600), tensor(56.4800), tensor(58.1900), tensor(56.9500), tensor(58.9400), tensor(54.1100), tensor(58.7500), tensor(58.5800), tensor(59.4000), tensor(59.7700), tensor(59.2500), tensor(59.1600), tensor(60.2600), tensor(59.5400), tensor(59.7400), tensor(60.6600), tensor(60.5400), tensor(59.1300), tensor(61.6500), tensor(60.9600), tensor(61.0500), tensor(62.0800), tensor(59.9400), tensor(62.2100), tensor(62.3600), tensor(61.9500)]], 'global_round_times': [[np.float64(0.036324989675620985), np.float64(0.05237674279494354), np.float64(0.045096763967456974), np.float64(0.048360814822495164), np.float64(0.056976987936671684), np.float64(0.03811678519141739), np.float64(0.0494166577106153), np.float64(0.04910583291524021), np.float64(0.044286042739442665), np.float64(0.05422293851823352), np.float64(0.03965299274785456), np.float64(0.05058785203206685), np.float64(0.06018965795810931), np.float64(0.05536745327980273), np.float64(0.04989894825536041), np.float64(0.050388541431968664), np.float64(0.0596045045440791), np.float64(0.03162909785919425), np.float64(0.05182415371534926), np.float64(0.04126170526292221), np.float64(0.050568706197597374), np.float64(0.056955234611354814), np.float64(0.07312653340507408), np.float64(0.06338292580819577), np.float64(0.04417706718560165), np.float64(0.04683524880051523), np.float64(0.04036537091789858), np.float64(0.04900881308235076), np.float64(0.04478962640634366), np.float64(0.06659797884907202), np.float64(0.05675988438857527), np.float64(0.04894531949248404), np.float64(0.04901552514390676), np.float64(0.05303667607640521), np.float64(0.048046159091172186), np.float64(0.05056164653436032), np.float64(0.049412273633917404), np.float64(0.05444189076125423), np.float64(0.05074550732367441), np.float64(0.0543376169168804), np.float64(0.059170471736770744), np.float64(0.046412801360008055), np.float64(0.04749214491642588), np.float64(0.03920455021570407), np.float64(0.027107674917446367), np.float64(0.04826910186899991), np.float64(0.05227927258853812), np.float64(0.05084515568681379), np.float64(0.03409274327781895), np.float64(0.04355171086982238), np.float64(0.04684311251593806), np.float64(0.043278564203167176), np.float64(0.04456092156593453), np.float64(0.043685820523166274), np.float64(0.05205389339521848), np.float64(0.05972412933188998), np.float64(0.047973793382981265), np.float64(0.02879904149633891), np.float64(0.045615193180516385), np.float64(0.04781351759606472), np.float64(0.05427756176711281), np.float64(0.055479633989375776), np.float64(0.05372222928995965), np.float64(0.04590619128287832), np.float64(0.04840586702603331), np.float64(0.06356928064051033), np.float64(0.0492192177579493), np.float64(0.04630873475561879), np.float64(0.05375013431348925), np.float64(0.04507845553762648), np.float64(0.05259516004489781), np.float64(0.042599200727132455), np.float64(0.051821455741045026), np.float64(0.06135730883647018), np.float64(0.055149960222396925), np.float64(0.05416136568760273), np.float64(0.05213142637304746), np.float64(0.04710594233849014), np.float64(0.04253261630459973), np.float64(0.04479212284206623), np.float64(0.05258412513225097), np.float64(0.044949541890613565), np.float64(0.05043679299748007), np.float64(0.06323133910131083), np.float64(0.04971153693265022), np.float64(0.04230470588338662), np.float64(0.049211614185632226), np.float64(0.04459499069099544), np.float64(0.05276163830851579), np.float64(0.05795304511100753), np.float64(0.05316170437214146), np.float64(0.0484919393378058), np.float64(0.05021263345152351), np.float64(0.0515670807407228), np.float64(0.05843341627601904), np.float64(0.054117521354840305), np.float64(0.051476603740302676), np.float64(0.05014529698365588), np.float64(0.059404105405744874), np.float64(0.049339211455681244)]]}
一趟完整的实验执行完毕（24）
/home/lyz/.conda/envs/dml/lib/python3.12/multiprocessing/resource_tracker.py:279: UserWarning: resource_tracker: There appear to be 6 leaked semaphore objects to clean up at shutdown
  warnings.warn('resource_tracker: There appear to be %d '
/home/lyz/.conda/envs/dml/lib/python3.12/multiprocessing/resource_tracker.py:279: UserWarning: resource_tracker: There appear to be 6 leaked semaphore objects to clean up at shutdown
  warnings.warn('resource_tracker: There appear to be %d '
/home/lyz/.conda/envs/dml/lib/python3.12/multiprocessing/resource_tracker.py:279: UserWarning: resource_tracker: There appear to be 6 leaked semaphore objects to clean up at shutdown
  warnings.warn('resource_tracker: There appear to be %d '
